ISO-10303-21;
HEADER;
FILE_DESCRIPTION((''),'1');
FILE_NAME('outfile.stp','2026-07-02T19:34:10',(''),(''),'','','');
FILE_SCHEMA(('CONFIG_CONTROL_DESIGN'));
ENDSEC;
DATA;
#1=CALENDAR_DATE(2000,1,1);
#2=COORDINATED_UNIVERSAL_TIME_OFFSET(0,0,.BEHIND.);
#3=LOCAL_TIME(12,0,0.,#2);
#4=DATE_AND_TIME(#1,#3);
#5=DIMENSIONAL_EXPONENTS(0.,0.,0.,0.,0.,0.,0.);
#6=(
LENGTH_UNIT()
NAMED_UNIT(*)
SI_UNIT(.MILLI.,.METRE.)
);
#7=LENGTH_MEASURE_WITH_UNIT(LENGTH_MEASURE(304.8),#6);
#8=DIMENSIONAL_EXPONENTS(1.,0.,0.,0.,0.,0.,0.);
#9=(
CONVERSION_BASED_UNIT('FOOT',#7)
LENGTH_UNIT()
NAMED_UNIT(#8)
);
#10=UNCERTAINTY_MEASURE_WITH_UNIT(LENGTH_MEASURE(1.E-06),#9,'closure','Threshold below which geometry imperfections (such as overlaps) are not considered errors.');
#11=(
NAMED_UNIT(*)
PLANE_ANGLE_UNIT()
SI_UNIT($,.RADIAN.)
);
#12=PLANE_ANGLE_MEASURE_WITH_UNIT(PLANE_ANGLE_MEASURE(0.0174532925199433),#11);
#13=(
CONVERSION_BASED_UNIT('DEGREES',#12)
NAMED_UNIT(#5)
PLANE_ANGLE_UNIT()
);
#14=(
NAMED_UNIT(*)
SI_UNIT($,.STERADIAN.)
SOLID_ANGLE_UNIT()
);
#15=(
GEOMETRIC_REPRESENTATION_CONTEXT(3)
GLOBAL_UNCERTAINTY_ASSIGNED_CONTEXT((#10))
GLOBAL_UNIT_ASSIGNED_CONTEXT((#9,#13,#14))
REPRESENTATION_CONTEXT('STANDARD','3D')
);
#16=CARTESIAN_POINT('',(0.,0.,0.));
#17=DIRECTION('',(0.,0.,1.));
#18=DIRECTION('',(1.,0.,0.));
#19=AXIS2_PLACEMENT_3D('',#16,#17,#18);
#20=APPLICATION_CONTEXT('configuration controlled 3d designs of mechanical parts and assemblies');
#21=MECHANICAL_CONTEXT('',#20,'mechanical');
#22=APPLICATION_PROTOCOL_DEFINITION('international standard','config_control_design',1994,#20);
#23=DESIGN_CONTEXT('',#20,'design');
#24=PRODUCT('','prodname','',(#21));
#25=PRODUCT_RELATED_PRODUCT_CATEGORY('assembly','',(#24));
#26=PRODUCT_DEFINITION_FORMATION_WITH_SPECIFIED_SOURCE('','',#24,.MADE.);
#27=PRODUCT_DEFINITION('','',#26,#23);
#28=PRODUCT_DEFINITION_SHAPE('','ProductShapeDescription',#27);
#29=SHAPE_REPRESENTATION('',(#19),#15);
#30=SHAPE_DEFINITION_REPRESENTATION(#28,#29);
#31=PERSON('','Doe','John',$,$,$);
#32=ORGANIZATION('','','');
#33=PERSON_AND_ORGANIZATION(#31,#32);
#34=PERSON_AND_ORGANIZATION_ROLE('creator');
#35=PERSON_AND_ORGANIZATION_ROLE('design_owner');
#36=PERSON_AND_ORGANIZATION_ROLE('design_supplier');
#37=APPROVAL_STATUS('approved');
#38=APPROVAL(#37,'');
#39=APPROVAL_DATE_TIME(#4,#38);
#40=APPROVAL_ROLE('approver');
#41=APPROVAL_PERSON_ORGANIZATION(#33,#38,#40);
#42=SECURITY_CLASSIFICATION_LEVEL('unclassified');
#43=SECURITY_CLASSIFICATION('','',#42);
#44=CC_DESIGN_SECURITY_CLASSIFICATION(#43,(#26));
#45=PERSON_AND_ORGANIZATION_ROLE('classification_officer');
#46=CC_DESIGN_PERSON_AND_ORGANIZATION_ASSIGNMENT(#33,#45,(#43));
#47=DATE_TIME_ROLE('classification_date');
#48=CC_DESIGN_DATE_AND_TIME_ASSIGNMENT(#4,#47,(#43));
#49=CC_DESIGN_APPROVAL(#38,(#27,#26,#43));
#50=CC_DESIGN_PERSON_AND_ORGANIZATION_ASSIGNMENT(#33,#34,(#27,#26));
#51=CC_DESIGN_PERSON_AND_ORGANIZATION_ASSIGNMENT(#33,#36,(#26));
#52=DATE_TIME_ROLE('creation_date');
#53=CC_DESIGN_DATE_AND_TIME_ASSIGNMENT(#4,#52,(#27));
#54=CC_DESIGN_PERSON_AND_ORGANIZATION_ASSIGNMENT(#33,#35,(#24));
#55=CARTESIAN_POINT('',(3.23040595888973,2.96482703809777E-17,0.484193));
#56=VERTEX_POINT('',#55);
#57=CARTESIAN_POINT('',(2.97608295888973,2.96482703809777E-17,0.484193));
#58=VERTEX_POINT('',#57);
#59=B_SPLINE_CURVE_WITH_KNOTS('Curve_0',1,(#60, #61, #62, #63, #64, #65, #66, #67, #68, #69, #70, #71, #72, #73, #74, #75, #76),.POLYLINE_FORM.,.F.,.F.,(2,1,1,1,1,1,1,1,1,1,1,1,1,1,1,1,2),(0.,1.,2.,3.,4.,5.,6.,7.,8.,9.,10.,11.,12.,13.,14.,15.,16.),.UNIFORM_KNOTS.);
#60=CARTESIAN_POINT('',(3.23040595888973,2.96482703809777E-17,0.484193));
#61=CARTESIAN_POINT('',(3.21438060779018,-2.79635225594708E-17,0.484193));
#62=CARTESIAN_POINT('',(3.198342830326,2.05409721320995E-17,0.484193));
#63=CARTESIAN_POINT('',(3.18229400523116,2.74256559273824E-17,0.484193));
#64=CARTESIAN_POINT('',(3.16623479096867,2.35767382150589E-17,0.484193));
#65=CARTESIAN_POINT('',(3.15016554781689,2.35767382150589E-17,0.484193));
#66=CARTESIAN_POINT('',(3.13408621156313,2.61788234290241E-17,0.484193));
#67=CARTESIAN_POINT('',(3.117996588902,2.35767382150589E-17,0.484193));
#68=CARTESIAN_POINT('',(3.10189652388956,2.70461851670125E-17,0.484193));
#69=CARTESIAN_POINT('',(3.0857861351177,2.61788234290241E-17,0.484193));
#70=CARTESIAN_POINT('',(3.06966644509822,2.96482703809777E-17,0.484193));
#71=CARTESIAN_POINT('',(3.053540253418,2.87809086429893E-17,0.484193));
#72=CARTESIAN_POINT('',(3.03741393847734,3.05156321189661E-17,0.484193));
#73=CARTESIAN_POINT('',(3.02130197636807,3.48524408089081E-17,0.484193));
#74=CARTESIAN_POINT('',(3.00524028509879,3.39850790709197E-17,0.484193));
#75=CARTESIAN_POINT('',(2.9893547117913,4.69955051407458E-17,0.484193));
#76=CARTESIAN_POINT('',(2.97608295888973,2.96482703809777E-17,0.484193));
#77=EDGE_CURVE('Edge_0',#56,#58,#59,.T.);
#78=CARTESIAN_POINT('',(2.97608295888973,2.96482703809777E-17,0.484193));
#79=VERTEX_POINT('',#78);
#80=CARTESIAN_POINT('',(3.23040595888973,2.96482703809777E-17,0.484193));
#81=VERTEX_POINT('',#80);
#82=B_SPLINE_CURVE_WITH_KNOTS('Curve_1',1,(#83, #84, #85, #86, #87, #88, #89, #90, #91, #92, #93, #94, #95, #96, #97, #98, #99, #100, #101, #102, #103, #104, #105, #106, #107, #108, #109, #110, #111, #112, #113, #114, #115, #116, #117, #118, #119, #120, #121, #122, #123, #124, #125, #126, #127, #128, #129, #130, #131, #132, #133, #134, #135, #136, #137, #138, #139, #140, #141, #142, #143, #144, #145, #146, #147, #148, #149, #150, #151, #152, #153, #154, #155, #156, #157, #158, #159, #160, #161, #162, #163, #164, #165, #166, #167, #168, #169, #170, #171, #172, #173, #174, #175, #176, #177, #178, #179, #180, #181, #182, #183, #184, #185, #186, #187, #188, #189, #190, #191, #192, #193, #194, #195, #196, #197, #198, #199, #200, #201, #202, #203, #204, #205, #206, #207, #208, #209, #210, #211, #212, #213),.POLYLINE_FORM.,.F.,.F.,(2,1,1,1,1,1,1,1,1,1,1,1,1,1,1,1,1,1,1,1,1,1,1,1,1,1,1,1,1,1,1,1,1,1,1,1,1,1,1,1,1,1,1,1,1,1,1,1,1,1,1,1,1,1,1,1,1,1,1,1,1,1,1,1,1,1,1,1,1,1,1,1,1,1,1,1,1,1,1,1,1,1,1,1,1,1,1,1,1,1,1,1,1,1,1,1,1,1,1,1,1,1,1,1,1,1,1,1,1,1,1,1,1,1,1,1,1,1,1,1,1,1,1,1,1,1,1,1,1,1,2),(0.,1.,2.,3.,4.,5.,6.,7.,8.,9.,10.,11.,12.,13.,14.,15.,16.,17.,18.,19.,20.,21.,22.,23.,24.,25.,26.,27.,28.,29.,30.,31.,32.,33.,34.,35.,36.,37.,38.,39.,40.,41.,42.,43.,44.,45.,46.,47.,48.,49.,50.,51.,52.,53.,54.,55.,56.,57.,58.,59.,60.,61.,62.,63.,64.,65.,66.,67.,68.,69.,70.,71.,72.,73.,74.,75.,76.,77.,78.,79.,80.,81.,82.,83.,84.,85.,86.,87.,88.,89.,90.,91.,92.,93.,94.,95.,96.,97.,98.,99.,100.,101.,102.,103.,104.,105.,106.,107.,108.,109.,110.,111.,112.,113.,114.,115.,116.,117.,118.,119.,120.,121.,122.,123.,124.,125.,126.,127.,128.,129.,130.),.UNIFORM_KNOTS.);
#83=CARTESIAN_POINT('',(2.97608295888973,2.96482703809777E-17,0.484193));
#84=CARTESIAN_POINT('',(2.97608313613412,-3.14348220642538E-05,0.484193));
#85=CARTESIAN_POINT('',(2.97608366747821,-6.28873263476468E-05,0.484193));
#86=CARTESIAN_POINT('',(2.9760845523384,-9.43513578797865E-05,0.484193));
#87=CARTESIAN_POINT('',(2.97608579013111,-0.00012582076169031,0.484193));
#88=CARTESIAN_POINT('',(2.97608738027271,-0.000157289382808682,0.484193));
#89=CARTESIAN_POINT('',(2.97608932217963,-0.000188751066264597,0.484193));
#90=CARTESIAN_POINT('',(2.97609161526825,-0.000220199657087519,0.484193));
#91=CARTESIAN_POINT('',(2.97609425895497,-0.000251629000307144,0.484193));
#92=CARTESIAN_POINT('',(2.97609725265621,-0.000283032940952935,0.484193));
#93=CARTESIAN_POINT('',(2.97610059578835,-0.000314405324054588,0.484193));
#94=CARTESIAN_POINT('',(2.9761042877678,-0.000345739994641567,0.484193));
#95=CARTESIAN_POINT('',(2.97610832801096,-0.000377030797743509,0.484193));
#96=CARTESIAN_POINT('',(2.97611271593423,-0.000408271578390051,0.484193));
#97=CARTESIAN_POINT('',(2.976117450954,-0.000439456181610658,0.484193));
#98=CARTESIAN_POINT('',(2.97612253248669,-0.000470578452435024,0.484193));
#99=CARTESIAN_POINT('',(2.97612795994869,-0.000501632235892614,0.484193));
#100=CARTESIAN_POINT('',(2.97613373111224,-0.000532615953977586,0.484193));
#101=CARTESIAN_POINT('',(2.97613984216728,-0.000563530408267952,0.484193));
#102=CARTESIAN_POINT('',(2.97614629015675,-0.00059437301316947,0.484193));
#103=CARTESIAN_POINT('',(2.97615307212356,-0.000625141183087899,0.484193));
#104=CARTESIAN_POINT('',(2.97616018511065,-0.000655832332428829,0.484193));
#105=CARTESIAN_POINT('',(2.97616762616094,-0.000686443875598076,0.484193));
#106=CARTESIAN_POINT('',(2.97617539231737,-0.000716973227001229,0.484193));
#107=CARTESIAN_POINT('',(2.97618348062287,-0.000747417801044102,0.484193));
#108=CARTESIAN_POINT('',(2.97619188812035,-0.000777775012132287,0.484193));
#109=CARTESIAN_POINT('',(2.97620061185276,-0.000808042274671596,0.484193));
#110=CARTESIAN_POINT('',(2.97620964886302,-0.000838217003067623,0.484193));
#111=CARTESIAN_POINT('',(2.97621899619406,-0.000868296611726125,0.484193));
#112=CARTESIAN_POINT('',(2.97622865088881,-0.000898278515052858,0.484193));
#113=CARTESIAN_POINT('',(2.97623860999019,-0.000928160127453471,0.484193));
#114=CARTESIAN_POINT('',(2.97624887054114,-0.00095793886333361,0.484193));
#115=CARTESIAN_POINT('',(2.97625942958459,-0.000987612137099089,0.484193));
#116=CARTESIAN_POINT('',(2.97628142887023,-0.00104662444592461,0.484193));
#117=CARTESIAN_POINT('',(2.97630457767582,-0.00110517938524632,0.484193));
#118=CARTESIAN_POINT('',(2.97632884624836,-0.00116327205939155,0.484193));
#119=CARTESIAN_POINT('',(2.97635420483485,-0.00122089757268773,0.484193));
#120=CARTESIAN_POINT('',(2.97638062368229,-0.00127805102946227,0.484193));
#121=CARTESIAN_POINT('',(2.97640807303769,-0.00133472753404258,0.484193));
#122=CARTESIAN_POINT('',(2.97643652314805,-0.00139092219075607,0.484193));
#123=CARTESIAN_POINT('',(2.97646594426038,-0.0014466301039301,0.484193));
#124=CARTESIAN_POINT('',(2.97649630662167,-0.00150184637789219,0.484193));
#125=CARTESIAN_POINT('',(2.97652758047893,-0.0015565661169697,0.484193));
#126=CARTESIAN_POINT('',(2.97655973607916,-0.00161078442549004,0.484193));
#127=CARTESIAN_POINT('',(2.97659274366937,-0.00166449640778062,0.484193));
#128=CARTESIAN_POINT('',(2.97662657349656,-0.00171769716816885,0.484193));
#129=CARTESIAN_POINT('',(2.97666119580774,-0.00177038181098214,0.484193));
#130=CARTESIAN_POINT('',(2.9766965808499,-0.00182254544054792,0.484193));
#131=CARTESIAN_POINT('',(2.97673269887005,-0.00187418316119358,0.484193));
#132=CARTESIAN_POINT('',(2.97676951797012,-0.00192530133911977,0.484193));
#133=CARTESIAN_POINT('',(2.97680701363117,-0.00197591328761532,0.484193));
#134=CARTESIAN_POINT('',(2.97684516716895,-0.00202602453163994,0.484193));
#135=CARTESIAN_POINT('',(2.97688395989917,-0.00207564059615346,0.484193));
#136=CARTESIAN_POINT('',(2.97692337313755,-0.00212476700611557,0.484193));
#137=CARTESIAN_POINT('',(2.97696338819983,-0.00217340928648602,0.484193));
#138=CARTESIAN_POINT('',(2.97700398640173,-0.00222157296222454,0.484193));
#139=CARTESIAN_POINT('',(2.97704514905897,-0.00226926355829087,0.484193));
#140=CARTESIAN_POINT('',(2.97708685748728,-0.00231648659964476,0.484193));
#141=CARTESIAN_POINT('',(2.97712909300238,-0.00236324761124595,0.484193));
#142=CARTESIAN_POINT('',(2.97717183692001,-0.00240955211805413,0.484193));
#143=CARTESIAN_POINT('',(2.97721507055588,-0.00245540564502913,0.484193));
#144=CARTESIAN_POINT('',(2.97730293224525,-0.00254578185931843,0.484193));
#145=CARTESIAN_POINT('',(2.97739252859631,-0.00263442045379173,0.484193));
#146=CARTESIAN_POINT('',(2.97748372021901,-0.00272137919184668,0.484193));
#147=CARTESIAN_POINT('',(2.97757641226868,-0.00280672020264116,0.484193));
#148=CARTESIAN_POINT('',(2.97767052208917,-0.00289049423449342,0.484193));
#149=CARTESIAN_POINT('',(2.97776596702431,-0.00297275203572179,0.484193));
#150=CARTESIAN_POINT('',(2.97786266441795,-0.00305354435464452,0.484193));
#151=CARTESIAN_POINT('',(2.97796053161392,-0.00313292193957985,0.484193));
#152=CARTESIAN_POINT('',(2.97805948595607,-0.00321093553884604,0.484193));
#153=CARTESIAN_POINT('',(2.97815944478824,-0.00328763590076142,0.484193));
#154=CARTESIAN_POINT('',(2.97826035889737,-0.00336305653802163,0.484193));
#155=CARTESIAN_POINT('',(2.9783622028623,-0.00343722315646763,0.484193));
#156=CARTESIAN_POINT('',(2.97846492971477,-0.00351017479413556,0.484193));
#157=CARTESIAN_POINT('',(2.9785684924865,-0.00358195048906159,0.484193));
#158=CARTESIAN_POINT('',(2.97867284420922,-0.00365258927928185,0.484193));
#159=CARTESIAN_POINT('',(2.97877793791464,-0.00372213020283256,0.484193));
#160=CARTESIAN_POINT('',(2.97888372663449,-0.00379061229774984,0.484193));
#161=CARTESIAN_POINT('',(2.97899016340051,-0.00385807460206982,0.484193));
#162=CARTESIAN_POINT('',(2.97920482568035,-0.00399008792021955,0.484193));
#163=CARTESIAN_POINT('',(2.97942171217609,-0.00411839545740125,0.484193));
#164=CARTESIAN_POINT('',(2.97964064316999,-0.00424319111791437,0.484193));
#165=CARTESIAN_POINT('',(2.97986143894432,-0.00436466880605843,0.484193));
#166=CARTESIAN_POINT('',(2.98008391006958,-0.00448302862180048,0.484193));
#167=CARTESIAN_POINT('',(2.98030791756317,-0.00459843406327906,0.484193));
#168=CARTESIAN_POINT('',(2.98053335737773,-0.00471102413205099,0.484193));
#169=CARTESIAN_POINT('',(2.98076012546591,-0.00482093782967298,0.484193));
#170=CARTESIAN_POINT('',(2.98121723027371,-0.00503329211769407,0.484193));
#171=CARTESIAN_POINT('',(2.98167839960772,-0.00523660893979641,0.484193));
#172=CARTESIAN_POINT('',(2.98214314149496,-0.00543156812490665,0.484193));
#173=CARTESIAN_POINT('',(2.98261112835155,-0.00561870245536595,0.484193));
#174=CARTESIAN_POINT('',(2.98308183023313,-0.00579885431380725,0.484193));
#175=CARTESIAN_POINT('',(2.98355499574518,-0.00597245316811884,0.484193));
#176=CARTESIAN_POINT('',(2.98403033604244,-0.00614000368866438,0.484193));
#177=CARTESIAN_POINT('',(2.98450757968175,-0.0063020102501955,0.484193));
#178=CARTESIAN_POINT('',(2.98498658479588,-0.00645874447975313,0.484193));
#179=CARTESIAN_POINT('',(2.98546720951761,-0.00661047800437818,0.484193));
#180=CARTESIAN_POINT('',(2.98643266944565,-0.00690025760318683,0.484193));
#181=CARTESIAN_POINT('',(2.98740281072745,-0.00717383497526944,0.484193));
#182=CARTESIAN_POINT('',(2.98837696790873,-0.0074326952752262,0.484193));
#183=CARTESIAN_POINT('',(2.9893547117913,-0.00767786532974179,0.484193));
#184=CARTESIAN_POINT('',(2.99033538783704,-0.00791094601414465,0.484193));
#185=CARTESIAN_POINT('',(2.99131862063772,-0.0081329459755362,0.484193));
#186=CARTESIAN_POINT('',(2.99230414893764,-0.00834458953022216,0.484193));
#187=CARTESIAN_POINT('',(2.99329171148111,-0.00854660099450816,0.484193));
#188=CARTESIAN_POINT('',(2.99527186202367,-0.0089248804830056,0.484193));
#189=CARTESIAN_POINT('',(2.99725774365389,-0.00927190995853652,0.484193));
#190=CARTESIAN_POINT('',(2.99924827411245,-0.00959126277688791,0.484193));
#191=CARTESIAN_POINT('',(3.0012425550032,-0.00988608591351515,0.484193));
#192=CARTESIAN_POINT('',(3.00324010875331,-0.0101581425099732,0.484193));
#193=CARTESIAN_POINT('',(3.00524028509879,-0.0104099557769579,0.484193));
#194=CARTESIAN_POINT('',(3.00924721827899,-0.0108581970600571,0.484193));
#195=CARTESIAN_POINT('',(3.01326085909104,-0.0112417683650245,0.484193));
#196=CARTESIAN_POINT('',(3.01727950558163,-0.0115686438420134,0.484193));
#197=CARTESIAN_POINT('',(3.02130197636807,-0.01184498986845,0.484193));
#198=CARTESIAN_POINT('',(3.02935467511752,-0.0122667420495269,0.484193));
#199=CARTESIAN_POINT('',(3.03741393847734,-0.0125384808320708,0.484193));
#200=CARTESIAN_POINT('',(3.0454764703032,-0.0126833258204019,0.484193));
#201=CARTESIAN_POINT('',(3.053540253418,-0.0127186493622457,0.484193));
#202=CARTESIAN_POINT('',(3.06160388238311,-0.0126585897223354,0.484193));
#203=CARTESIAN_POINT('',(3.06966644509822,-0.0125145447740744,0.484193));
#204=CARTESIAN_POINT('',(3.0857861351177,-0.01200970952618,0.484193));
#205=CARTESIAN_POINT('',(3.10189652388956,-0.0112637812022247,0.484193));
#206=CARTESIAN_POINT('',(3.117996588902,-0.0103208725455449,0.484193));
#207=CARTESIAN_POINT('',(3.13408621156313,-0.00921300668632804,0.484193));
#208=CARTESIAN_POINT('',(3.15016554781689,-0.00796508170128749,0.484193));
#209=CARTESIAN_POINT('',(3.16623479096867,-0.00659291775735357,0.484193));
#210=CARTESIAN_POINT('',(3.18229400523116,-0.00510810300347252,0.484193));
#211=CARTESIAN_POINT('',(3.198342830326,-0.00351489365508496,0.484193));
#212=CARTESIAN_POINT('',(3.21438060779018,-0.00181403699588063,0.484193));
#213=CARTESIAN_POINT('',(3.23040595888973,2.96482703809777E-17,0.484193));
#214=EDGE_CURVE('Edge_1',#79,#81,#82,.T.);
#215=CARTESIAN_POINT('',(2.97608295888973,2.96482703809777E-17,0.484193));
#216=VERTEX_POINT('',#215);
#217=CARTESIAN_POINT('',(2.70005035341401,3.72935736150032E-19,0.00609050277042628));
#218=VERTEX_POINT('',#217);
#219=B_SPLINE_CURVE_WITH_KNOTS('Curve_2',1,(#220, #221, #222, #223, #224, #225, #226, #227, #228, #229, #230, #231, #232, #233, #234, #235, #236),.POLYLINE_FORM.,.F.,.F.,(2,1,1,1,1,1,1,1,1,1,1,1,1,1,1,1,2),(0.,1.,2.,3.,4.,5.,6.,7.,8.,9.,10.,11.,12.,13.,14.,15.,16.),.UNIFORM_KNOTS.);
#220=CARTESIAN_POINT('',(2.97608295888973,2.96482703809777E-17,0.484193));
#221=CARTESIAN_POINT('',(2.95861114895912,2.77952534821666E-17,0.4539309375));
#222=CARTESIAN_POINT('',(2.94113933902852,2.59422365833555E-17,0.423668875));
#223=CARTESIAN_POINT('',(2.92366752909791,2.40892196845444E-17,0.3934068125));
#224=CARTESIAN_POINT('',(2.9061957191673,2.22362027857333E-17,0.36314475));
#225=CARTESIAN_POINT('',(2.88872390923669,2.03831858869222E-17,0.3328826875));
#226=CARTESIAN_POINT('',(2.87125209930608,1.85301689881111E-17,0.302620625));
#227=CARTESIAN_POINT('',(2.85378028937548,1.66771520893E-17,0.2723585625));
#228=CARTESIAN_POINT('',(2.83630847944487,1.48241351904889E-17,0.2420965));
#229=CARTESIAN_POINT('',(2.81883666951426,1.29711182916778E-17,0.2118344375));
#230=CARTESIAN_POINT('',(2.80136485958365,1.11181013928666E-17,0.181572375));
#231=CARTESIAN_POINT('',(2.78389304965304,9.26508449405554E-18,0.1513103125));
#232=CARTESIAN_POINT('',(2.76642123972243,7.41206759524443E-18,0.12104825));
#233=CARTESIAN_POINT('',(2.74982851814533,5.65228463047083E-18,0.0923088131926066));
#234=CARTESIAN_POINT('',(2.73323579656822,3.89250166569723E-18,0.0635693763852131));
#235=CARTESIAN_POINT('',(2.71664307499111,2.13271870092363E-18,0.0348299395778197));
#236=CARTESIAN_POINT('',(2.70005035341401,3.72935736150032E-19,0.00609050277042628));
#237=EDGE_CURVE('Edge_2',#216,#218,#219,.T.);
#238=CARTESIAN_POINT('',(3.23040595888973,2.96482703809777E-17,0.484193));
#239=VERTEX_POINT('',#238);
#240=CARTESIAN_POINT('',(2.97608295888973,2.96482703809777E-17,0.484193));
#241=VERTEX_POINT('',#240);
#242=B_SPLINE_CURVE_WITH_KNOTS('Curve_3',1,(#243, #244, #245, #246, #247, #248, #249, #250, #251, #252, #253, #254, #255, #256, #257, #258, #259, #260, #261, #262, #263, #264, #265, #266, #267, #268, #269, #270, #271, #272, #273, #274, #275, #276, #277, #278, #279, #280, #281, #282, #283, #284, #285, #286, #287, #288, #289, #290, #291, #292, #293, #294, #295, #296, #297, #298, #299, #300, #301, #302, #303, #304, #305, #306, #307, #308, #309, #310, #311, #312, #313, #314, #315, #316, #317, #318, #319, #320, #321, #322, #323, #324, #325, #326, #327, #328, #329, #330, #331, #332, #333, #334, #335, #336, #337, #338, #339, #340, #341, #342, #343, #344, #345, #346, #347, #348, #349, #350, #351, #352, #353, #354, #355, #356, #357, #358, #359, #360, #361, #362, #363, #364, #365, #366, #367, #368, #369, #370, #371, #372, #373),.POLYLINE_FORM.,.F.,.F.,(2,1,1,1,1,1,1,1,1,1,1,1,1,1,1,1,1,1,1,1,1,1,1,1,1,1,1,1,1,1,1,1,1,1,1,1,1,1,1,1,1,1,1,1,1,1,1,1,1,1,1,1,1,1,1,1,1,1,1,1,1,1,1,1,1,1,1,1,1,1,1,1,1,1,1,1,1,1,1,1,1,1,1,1,1,1,1,1,1,1,1,1,1,1,1,1,1,1,1,1,1,1,1,1,1,1,1,1,1,1,1,1,1,1,1,1,1,1,1,1,1,1,1,1,1,1,1,1,1,1,2),(0.,1.,2.,3.,4.,5.,6.,7.,8.,9.,10.,11.,12.,13.,14.,15.,16.,17.,18.,19.,20.,21.,22.,23.,24.,25.,26.,27.,28.,29.,30.,31.,32.,33.,34.,35.,36.,37.,38.,39.,40.,41.,42.,43.,44.,45.,46.,47.,48.,49.,50.,51.,52.,53.,54.,55.,56.,57.,58.,59.,60.,61.,62.,63.,64.,65.,66.,67.,68.,69.,70.,71.,72.,73.,74.,75.,76.,77.,78.,79.,80.,81.,82.,83.,84.,85.,86.,87.,88.,89.,90.,91.,92.,93.,94.,95.,96.,97.,98.,99.,100.,101.,102.,103.,104.,105.,106.,107.,108.,109.,110.,111.,112.,113.,114.,115.,116.,117.,118.,119.,120.,121.,122.,123.,124.,125.,126.,127.,128.,129.,130.),.UNIFORM_KNOTS.);
#243=CARTESIAN_POINT('',(3.23040595888973,2.96482703809777E-17,0.484193));
#244=CARTESIAN_POINT('',(3.21438060779018,0.00181403699588058,0.484193));
#245=CARTESIAN_POINT('',(3.198342830326,0.003514893655085,0.484193));
#246=CARTESIAN_POINT('',(3.18229400523116,0.00510810300347257,0.484193));
#247=CARTESIAN_POINT('',(3.16623479096867,0.00659291775735362,0.484193));
#248=CARTESIAN_POINT('',(3.15016554781689,0.00796508170128754,0.484193));
#249=CARTESIAN_POINT('',(3.13408621156313,0.0092130066863281,0.484193));
#250=CARTESIAN_POINT('',(3.117996588902,0.0103208725455449,0.484193));
#251=CARTESIAN_POINT('',(3.10189652388956,0.0112637812022248,0.484193));
#252=CARTESIAN_POINT('',(3.0857861351177,0.0120097095261801,0.484193));
#253=CARTESIAN_POINT('',(3.06966644509822,0.0125145447740744,0.484193));
#254=CARTESIAN_POINT('',(3.06160388238311,0.0126585897223355,0.484193));
#255=CARTESIAN_POINT('',(3.053540253418,0.0127186493622457,0.484193));
#256=CARTESIAN_POINT('',(3.0454764703032,0.0126833258204019,0.484193));
#257=CARTESIAN_POINT('',(3.03741393847734,0.0125384808320709,0.484193));
#258=CARTESIAN_POINT('',(3.02935467511752,0.012266742049527,0.484193));
#259=CARTESIAN_POINT('',(3.02130197636807,0.0118449898684501,0.484193));
#260=CARTESIAN_POINT('',(3.01727950558163,0.0115686438420134,0.484193));
#261=CARTESIAN_POINT('',(3.01326085909104,0.0112417683650245,0.484193));
#262=CARTESIAN_POINT('',(3.00924721827899,0.0108581970600571,0.484193));
#263=CARTESIAN_POINT('',(3.00524028509879,0.010409955776958,0.484193));
#264=CARTESIAN_POINT('',(3.00324010875331,0.0101581425099732,0.484193));
#265=CARTESIAN_POINT('',(3.0012425550032,0.00988608591351522,0.484193));
#266=CARTESIAN_POINT('',(2.99924827411245,0.00959126277688798,0.484193));
#267=CARTESIAN_POINT('',(2.99725774365389,0.0092719099585366,0.484193));
#268=CARTESIAN_POINT('',(2.99527186202368,0.00892488048300568,0.484193));
#269=CARTESIAN_POINT('',(2.99329171148111,0.00854660099450824,0.484193));
#270=CARTESIAN_POINT('',(2.99230414893764,0.00834458953022223,0.484193));
#271=CARTESIAN_POINT('',(2.99131862063772,0.00813294597553628,0.484193));
#272=CARTESIAN_POINT('',(2.99033538783704,0.00791094601414473,0.484193));
#273=CARTESIAN_POINT('',(2.9893547117913,0.00767786532974189,0.484193));
#274=CARTESIAN_POINT('',(2.98837696790873,0.00743269527522629,0.484193));
#275=CARTESIAN_POINT('',(2.98740281072745,0.00717383497526952,0.484193));
#276=CARTESIAN_POINT('',(2.98643266944565,0.0069002576031869,0.484193));
#277=CARTESIAN_POINT('',(2.98546720951761,0.00661047800437825,0.484193));
#278=CARTESIAN_POINT('',(2.98498658479588,0.00645874447975319,0.484193));
#279=CARTESIAN_POINT('',(2.98450757968174,0.00630201025019555,0.484193));
#280=CARTESIAN_POINT('',(2.98403033604244,0.00614000368866442,0.484193));
#281=CARTESIAN_POINT('',(2.98355499574518,0.0059724531681189,0.484193));
#282=CARTESIAN_POINT('',(2.98308183023313,0.0057988543138073,0.484193));
#283=CARTESIAN_POINT('',(2.98261112835155,0.00561870245536601,0.484193));
#284=CARTESIAN_POINT('',(2.98214314149496,0.00543156812490673,0.484193));
#285=CARTESIAN_POINT('',(2.98167839960772,0.00523660893979651,0.484193));
#286=CARTESIAN_POINT('',(2.98121723027371,0.00503329211769418,0.484193));
#287=CARTESIAN_POINT('',(2.98076012546591,0.00482093782967306,0.484193));
#288=CARTESIAN_POINT('',(2.98053335737773,0.00471102413205109,0.484193));
#289=CARTESIAN_POINT('',(2.98030791756317,0.00459843406327916,0.484193));
#290=CARTESIAN_POINT('',(2.98008391006958,0.00448302862180058,0.484193));
#291=CARTESIAN_POINT('',(2.97986143894432,0.00436466880605854,0.484193));
#292=CARTESIAN_POINT('',(2.97964064316999,0.00424319111791448,0.484193));
#293=CARTESIAN_POINT('',(2.97942171217609,0.00411839545740136,0.484193));
#294=CARTESIAN_POINT('',(2.97920482568036,0.00399008792021965,0.484193));
#295=CARTESIAN_POINT('',(2.97899016340051,0.00385807460206995,0.484193));
#296=CARTESIAN_POINT('',(2.97888372663449,0.00379061229774995,0.484193));
#297=CARTESIAN_POINT('',(2.97877793791464,0.00372213020283267,0.484193));
#298=CARTESIAN_POINT('',(2.97867284420922,0.00365258927928196,0.484193));
#299=CARTESIAN_POINT('',(2.9785684924865,0.00358195048906168,0.484193));
#300=CARTESIAN_POINT('',(2.97846492971477,0.00351017479413565,0.484193));
#301=CARTESIAN_POINT('',(2.9783622028623,0.00343722315646771,0.484193));
#302=CARTESIAN_POINT('',(2.97826035889737,0.00336305653802169,0.484193));
#303=CARTESIAN_POINT('',(2.97815944478824,0.00328763590076147,0.484193));
#304=CARTESIAN_POINT('',(2.97805948595607,0.00321093553884607,0.484193));
#305=CARTESIAN_POINT('',(2.97796053161392,0.00313292193957986,0.484193));
#306=CARTESIAN_POINT('',(2.97786266441795,0.00305354435464452,0.484193));
#307=CARTESIAN_POINT('',(2.97776596702431,0.00297275203572182,0.484193));
#308=CARTESIAN_POINT('',(2.97767052208917,0.00289049423449348,0.484193));
#309=CARTESIAN_POINT('',(2.97757641226868,0.00280672020264122,0.484193));
#310=CARTESIAN_POINT('',(2.97748372021901,0.00272137919184673,0.484193));
#311=CARTESIAN_POINT('',(2.97739252859631,0.00263442045379181,0.484193));
#312=CARTESIAN_POINT('',(2.97730293224525,0.00254578185931853,0.484193));
#313=CARTESIAN_POINT('',(2.97721507055588,0.00245540564502921,0.484193));
#314=CARTESIAN_POINT('',(2.97717183692001,0.00240955211805423,0.484193));
#315=CARTESIAN_POINT('',(2.97712909300238,0.00236324761124601,0.484193));
#316=CARTESIAN_POINT('',(2.97708685748728,0.00231648659964484,0.484193));
#317=CARTESIAN_POINT('',(2.97704514905897,0.00226926355829095,0.484193));
#318=CARTESIAN_POINT('',(2.97700398640173,0.00222157296222462,0.484193));
#319=CARTESIAN_POINT('',(2.97696338819983,0.0021734092864861,0.484193));
#320=CARTESIAN_POINT('',(2.97692337313755,0.00212476700611565,0.484193));
#321=CARTESIAN_POINT('',(2.97688395989917,0.00207564059615354,0.484193));
#322=CARTESIAN_POINT('',(2.97684516716895,0.00202602453164005,0.484193));
#323=CARTESIAN_POINT('',(2.97680701363117,0.00197591328761539,0.484193));
#324=CARTESIAN_POINT('',(2.97676951797012,0.00192530133911987,0.484193));
#325=CARTESIAN_POINT('',(2.97673269887005,0.00187418316119367,0.484193));
#326=CARTESIAN_POINT('',(2.9766965808499,0.00182254544054801,0.484193));
#327=CARTESIAN_POINT('',(2.97666119580774,0.00177038181098227,0.484193));
#328=CARTESIAN_POINT('',(2.97662657349657,0.00171769716816898,0.484193));
#329=CARTESIAN_POINT('',(2.97659274366937,0.00166449640778075,0.484193));
#330=CARTESIAN_POINT('',(2.97655973607916,0.0016107844254902,0.484193));
#331=CARTESIAN_POINT('',(2.97652758047893,0.00155656611696984,0.484193));
#332=CARTESIAN_POINT('',(2.97649630662167,0.00150184637789236,0.484193));
#333=CARTESIAN_POINT('',(2.97646594426038,0.00144663010393027,0.484193));
#334=CARTESIAN_POINT('',(2.97643652314805,0.00139092219075619,0.484193));
#335=CARTESIAN_POINT('',(2.97640807303769,0.00133472753404272,0.484193));
#336=CARTESIAN_POINT('',(2.97638062368229,0.0012780510294624,0.484193));
#337=CARTESIAN_POINT('',(2.97635420483485,0.00122089757268786,0.484193));
#338=CARTESIAN_POINT('',(2.97632884624836,0.00116327205939167,0.484193));
#339=CARTESIAN_POINT('',(2.97630457767582,0.00110517938524643,0.484193));
#340=CARTESIAN_POINT('',(2.97628142887023,0.00104662444592474,0.484193));
#341=CARTESIAN_POINT('',(2.97625942958459,0.000987612137099151,0.484193));
#342=CARTESIAN_POINT('',(2.97624887054114,0.000957938863333694,0.484193));
#343=CARTESIAN_POINT('',(2.97623860999019,0.000928160127453525,0.484193));
#344=CARTESIAN_POINT('',(2.97622865088881,0.00089827851505294,0.484193));
#345=CARTESIAN_POINT('',(2.97621899619406,0.000868296611726236,0.484193));
#346=CARTESIAN_POINT('',(2.97620964886302,0.00083821700306771,0.484193));
#347=CARTESIAN_POINT('',(2.97620061185276,0.000808042274671659,0.484193));
#348=CARTESIAN_POINT('',(2.97619188812035,0.000777775012132409,0.484193));
#349=CARTESIAN_POINT('',(2.97618348062287,0.000747417801044201,0.484193));
#350=CARTESIAN_POINT('',(2.97617539231737,0.000716973227001332,0.484193));
#351=CARTESIAN_POINT('',(2.97616762616094,0.000686443875598183,0.484193));
#352=CARTESIAN_POINT('',(2.97616018511065,0.000655832332428968,0.484193));
#353=CARTESIAN_POINT('',(2.97615307212356,0.000625141183088011,0.484193));
#354=CARTESIAN_POINT('',(2.97614629015675,0.000594373013169609,0.484193));
#355=CARTESIAN_POINT('',(2.97613984216728,0.000563530408268088,0.484193));
#356=CARTESIAN_POINT('',(2.97613373111224,0.000532615953977661,0.484193));
#357=CARTESIAN_POINT('',(2.97612795994869,0.000501632235892709,0.484193));
#358=CARTESIAN_POINT('',(2.97612253248669,0.00047057845243511,0.484193));
#359=CARTESIAN_POINT('',(2.976117450954,0.000439456181610736,0.484193));
#360=CARTESIAN_POINT('',(2.97611271593423,0.000408271578390123,0.484193));
#361=CARTESIAN_POINT('',(2.97610832801096,0.000377030797743605,0.484193));
#362=CARTESIAN_POINT('',(2.9761042877678,0.000345739994641602,0.484193));
#363=CARTESIAN_POINT('',(2.97610059578835,0.00031440532405462,0.484193));
#364=CARTESIAN_POINT('',(2.97609725265621,0.000283032940952994,0.484193));
#365=CARTESIAN_POINT('',(2.97609425895497,0.000251629000307201,0.484193));
#366=CARTESIAN_POINT('',(2.97609161526825,0.000220199657087576,0.484193));
#367=CARTESIAN_POINT('',(2.97608932217963,0.000188751066264654,0.484193));
#368=CARTESIAN_POINT('',(2.97608738027271,0.000157289382808768,0.484193));
#369=CARTESIAN_POINT('',(2.97608579013111,0.000125820761690339,0.484193));
#370=CARTESIAN_POINT('',(2.9760845523384,9.43513578798734E-05,0.484193));
#371=CARTESIAN_POINT('',(2.97608366747821,6.28873263477055E-05,0.484193));
#372=CARTESIAN_POINT('',(2.97608313613412,3.14348220642841E-05,0.484193));
#373=CARTESIAN_POINT('',(2.97608295888973,2.96482703809777E-17,0.484193));
#374=EDGE_CURVE('Edge_3',#239,#241,#242,.T.);
#375=CARTESIAN_POINT('',(3.087801,0.,0.));
#376=VERTEX_POINT('',#375);
#377=CARTESIAN_POINT('',(3.23040595888973,2.96482703809777E-17,0.484193));
#378=VERTEX_POINT('',#377);
#379=B_SPLINE_CURVE_WITH_KNOTS('Curve_4',1,(#380, #381, #382, #383, #384, #385, #386, #387, #388, #389, #390, #391, #392, #393, #394, #395, #396),.POLYLINE_FORM.,.F.,.F.,(2,1,1,1,1,1,1,1,1,1,1,1,1,1,1,1,2),(0.,1.,2.,3.,4.,5.,6.,7.,8.,9.,10.,11.,12.,13.,14.,15.,16.),.UNIFORM_KNOTS.);
#380=CARTESIAN_POINT('',(3.087801,0.,0.));
#381=CARTESIAN_POINT('',(3.09671380993061,1.85301689881111E-18,0.0302620625));
#382=CARTESIAN_POINT('',(3.10562661986122,3.70603379762221E-18,0.060524125));
#383=CARTESIAN_POINT('',(3.11453942979182,5.55905069643332E-18,0.0907861875));
#384=CARTESIAN_POINT('',(3.12345223972243,7.41206759524443E-18,0.12104825));
#385=CARTESIAN_POINT('',(3.13236504965304,9.26508449405554E-18,0.1513103125));
#386=CARTESIAN_POINT('',(3.14127785958365,1.11181013928666E-17,0.181572375));
#387=CARTESIAN_POINT('',(3.15019066951426,1.29711182916778E-17,0.2118344375));
#388=CARTESIAN_POINT('',(3.15910347944487,1.48241351904889E-17,0.2420965));
#389=CARTESIAN_POINT('',(3.16801628937547,1.66771520893E-17,0.2723585625));
#390=CARTESIAN_POINT('',(3.17692909930608,1.85301689881111E-17,0.302620625));
#391=CARTESIAN_POINT('',(3.18584190923669,2.03831858869222E-17,0.3328826875));
#392=CARTESIAN_POINT('',(3.1947547191673,2.22362027857333E-17,0.36314475));
#393=CARTESIAN_POINT('',(3.20366752909791,2.40892196845444E-17,0.3934068125));
#394=CARTESIAN_POINT('',(3.21258033902852,2.59422365833555E-17,0.423668875));
#395=CARTESIAN_POINT('',(3.22149314895912,2.77952534821666E-17,0.4539309375));
#396=CARTESIAN_POINT('',(3.23040595888973,2.96482703809777E-17,0.484193));
#397=EDGE_CURVE('Edge_4',#376,#378,#379,.T.);
#398=CARTESIAN_POINT('',(2.696534,0.,0.));
#399=VERTEX_POINT('',#398);
#400=CARTESIAN_POINT('',(3.05743,-0.00409433428463815,2.50705668816069E-19));
#401=VERTEX_POINT('',#400);
#402=B_SPLINE_CURVE_WITH_KNOTS('Curve_5',1,(#403, #404, #405, #406, #407, #408, #409, #410, #411, #412, #413, #414, #415, #416, #417, #418, #419, #420, #421, #422, #423, #424, #425, #426, #427, #428, #429, #430, #431, #432, #433, #434, #435, #436, #437, #438, #439, #440, #441, #442, #443, #444, #445, #446, #447, #448, #449, #450, #451, #452, #453, #454, #455, #456, #457, #458, #459, #460, #461, #462, #463, #464, #465, #466, #467, #468, #469, #470, #471, #472, #473, #474, #475, #476, #477, #478, #479, #480, #481, #482, #483, #484, #485, #486, #487, #488, #489, #490, #491, #492, #493, #494, #495, #496, #497, #498, #499, #500, #501, #502, #503, #504, #505, #506, #507, #508, #509, #510, #511, #512, #513, #514, #515, #516, #517, #518, #519, #520, #521, #522, #523, #524, #525, #526, #527),.POLYLINE_FORM.,.F.,.F.,(2,1,1,1,1,1,1,1,1,1,1,1,1,1,1,1,1,1,1,1,1,1,1,1,1,1,1,1,1,1,1,1,1,1,1,1,1,1,1,1,1,1,1,1,1,1,1,1,1,1,1,1,1,1,1,1,1,1,1,1,1,1,1,1,1,1,1,1,1,1,1,1,1,1,1,1,1,1,1,1,1,1,1,1,1,1,1,1,1,1,1,1,1,1,1,1,1,1,1,1,1,1,1,1,1,1,1,1,1,1,1,1,1,1,1,1,1,1,1,1,1,1,1,1,2),(0.,1.,2.,3.,4.,5.,6.,7.,8.,9.,10.,11.,12.,13.,14.,15.,16.,17.,18.,19.,20.,21.,22.,23.,24.,25.,26.,27.,28.,29.,30.,31.,32.,33.,34.,35.,36.,37.,38.,39.,40.,41.,42.,43.,44.,45.,46.,47.,48.,49.,50.,51.,52.,53.,54.,55.,56.,57.,58.,59.,60.,61.,62.,63.,64.,65.,66.,67.,68.,69.,70.,71.,72.,73.,74.,75.,76.,77.,78.,79.,80.,81.,82.,83.,84.,85.,86.,87.,88.,89.,90.,91.,92.,93.,94.,95.,96.,97.,98.,99.,100.,101.,102.,103.,104.,105.,106.,107.,108.,109.,110.,111.,112.,113.,114.,115.,116.,117.,118.,119.,120.,121.,122.,123.,124.),.UNIFORM_KNOTS.);
#403=CARTESIAN_POINT('',(2.696534,0.,0.));
#404=CARTESIAN_POINT('',(2.69653476211334,-9.73025846168798E-05,5.95806493999132E-21));
#405=CARTESIAN_POINT('',(2.69653704794669,-0.000194675520453455,1.19204376497834E-20));
#406=CARTESIAN_POINT('',(2.69654085674006,-0.000292069873845137,1.78841218065909E-20));
#407=CARTESIAN_POINT('',(2.69654618773348,-0.000389436711127339,2.38461210876284E-20));
#408=CARTESIAN_POINT('',(2.69655304016694,-0.000486727098635472,2.98034391701105E-20));
#409=CARTESIAN_POINT('',(2.69656141328047,-0.00058389210270486,3.57530797312462E-20));
#410=CARTESIAN_POINT('',(2.69657130631407,-0.000680882789671092,4.16920464482612E-20));
#411=CARTESIAN_POINT('',(2.69658271850776,-0.000777650225869491,4.76173429983644E-20));
#412=CARTESIAN_POINT('',(2.69659564907317,-0.000874196774404934,5.35291140799972E-20));
#413=CARTESIAN_POINT('',(2.69661008921662,-0.000970540806080203,5.94284845804006E-20));
#414=CARTESIAN_POINT('',(2.69662602617019,-0.00106665739877757,6.53139284599894E-20));
#415=CARTESIAN_POINT('',(2.69664344716597,-0.00116252163037929,7.11839196791783E-20));
#416=CARTESIAN_POINT('',(2.69666233943603,-0.00125810857876766,7.7036932198382E-20));
#417=CARTESIAN_POINT('',(2.69668269021245,-0.00135339332182484,8.28714399780098E-20));
#418=CARTESIAN_POINT('',(2.6967044867273,-0.00144835093743338,8.86859169784926E-20));
#419=CARTESIAN_POINT('',(2.69672771621266,-0.00154295650347527,9.4478837160229E-20));
#420=CARTESIAN_POINT('',(2.69675237240265,-0.0016371877854818,1.00248839054672E-19));
#421=CARTESIAN_POINT('',(2.69677844263342,-0.00173103113258353,1.05995086787142E-19));
#422=CARTESIAN_POINT('',(2.6968059045401,-0.00182447449806127,1.11716842708835E-19));
#423=CARTESIAN_POINT('',(2.69683473575784,-0.00191750583519594,1.17413369170954E-19));
#424=CARTESIAN_POINT('',(2.69686491392177,-0.00201011309726845,1.23083928524699E-19));
#425=CARTESIAN_POINT('',(2.69689641666704,-0.00210228423755973,1.28727783121273E-19));
#426=CARTESIAN_POINT('',(2.69692922162878,-0.00219400720935068,1.34344195311876E-19));
#427=CARTESIAN_POINT('',(2.69696330644213,-0.00228526996592213,1.39932427447706E-19));
#428=CARTESIAN_POINT('',(2.69699864874223,-0.00237606046055517,1.45491741879974E-19));
#429=CARTESIAN_POINT('',(2.69703522616421,-0.00246636664653062,1.51021400959876E-19));
#430=CARTESIAN_POINT('',(2.69707301634323,-0.00255617647712941,1.56520667038614E-19));
#431=CARTESIAN_POINT('',(2.69711199691441,-0.00264547790563243,1.6198880246739E-19));
#432=CARTESIAN_POINT('',(2.69715214551289,-0.00273425888532062,1.67425069597405E-19));
#433=CARTESIAN_POINT('',(2.69719343977381,-0.00282250736947487,1.72828730779861E-19));
#434=CARTESIAN_POINT('',(2.69723585733232,-0.00291021131137611,1.78199048365959E-19));
#435=CARTESIAN_POINT('',(2.69727937582354,-0.00299735866430525,1.83535284706901E-19));
#436=CARTESIAN_POINT('',(2.69732397445845,-0.00308394440871104,1.88837132443818E-19));
#437=CARTESIAN_POINT('',(2.69736963261212,-0.00316997124559064,1.94104756965086E-19));
#438=CARTESIAN_POINT('',(2.69741632816585,-0.0032554387090475,1.99338129742771E-19));
#439=CARTESIAN_POINT('',(2.69746403900095,-0.00334034633318532,2.0453722224895E-19));
#440=CARTESIAN_POINT('',(2.69751274299873,-0.00342469365210753,2.09702005955687E-19));
#441=CARTESIAN_POINT('',(2.69756241804048,-0.00350848019991768,2.14832452335053E-19));
#442=CARTESIAN_POINT('',(2.69761304200752,-0.00359170551071929,2.19928532859115E-19));
#443=CARTESIAN_POINT('',(2.69766459278115,-0.00367436911861591,2.24990218999943E-19));
#444=CARTESIAN_POINT('',(2.69771704824267,-0.00375647055771104,2.30017482229605E-19));
#445=CARTESIAN_POINT('',(2.69777038627339,-0.00383800936210824,2.35010294020172E-19));
#446=CARTESIAN_POINT('',(2.69782458475462,-0.00391898506591095,2.39968625843706E-19));
#447=CARTESIAN_POINT('',(2.69787962156765,-0.00399939720322286,2.44892449172287E-19));
#448=CARTESIAN_POINT('',(2.69799212171437,-0.00415852891478815,2.54636456232851E-19));
#449=CARTESIAN_POINT('',(2.69810770976399,-0.0043154007696323,2.64242086978411E-19));
#450=CARTESIAN_POINT('',(2.69822621989663,-0.00447003020299793,2.7371040900967E-19));
#451=CARTESIAN_POINT('',(2.69834752635069,-0.00462245896949835,2.83043979059306E-19));
#452=CARTESIAN_POINT('',(2.69847151226401,-0.0047727198210178,2.92244802601829E-19));
#453=CARTESIAN_POINT('',(2.69859806077443,-0.00492084550944071,3.0131488511176E-19));
#454=CARTESIAN_POINT('',(2.69872705501978,-0.00506686878665133,3.10256232063609E-19));
#455=CARTESIAN_POINT('',(2.6988583781379,-0.00521082240453394,3.1907084893189E-19));
#456=CARTESIAN_POINT('',(2.69899191326663,-0.00535273911497279,3.27760741191113E-19));
#457=CARTESIAN_POINT('',(2.69912754354381,-0.00549265166985231,3.363279143158E-19));
#458=CARTESIAN_POINT('',(2.69926513561226,-0.00563061096268174,3.44775484634609E-19));
#459=CARTESIAN_POINT('',(2.69940458645914,-0.0057666703209967,3.53106717517333E-19));
#460=CARTESIAN_POINT('',(2.69954582473872,-0.00590086614772096,3.61323842000172E-19));
#461=CARTESIAN_POINT('',(2.6996887791053,-0.00603323484577826,3.69429087119331E-19));
#462=CARTESIAN_POINT('',(2.69983337821319,-0.00616381281809229,3.77424681911008E-19));
#463=CARTESIAN_POINT('',(2.69997955071666,-0.00629263646758694,3.85312855411413E-19));
#464=CARTESIAN_POINT('',(2.70012722527001,-0.00641974219718589,3.93095836656745E-19));
#465=CARTESIAN_POINT('',(2.70027633052754,-0.00654516640981283,4.00775854683203E-19));
#466=CARTESIAN_POINT('',(2.70042678329372,-0.00666895908060709,4.08355969585507E-19));
#467=CARTESIAN_POINT('',(2.70057851847206,-0.00679116625929666,4.15839001096258E-19));
#468=CARTESIAN_POINT('',(2.70073149186538,-0.00691181846068914,4.23226817708527E-19));
#469=CARTESIAN_POINT('',(2.7008856592765,-0.00703094619959191,4.30521287915374E-19));
#470=CARTESIAN_POINT('',(2.70119739936341,-0.00726475034915798,4.44837663085047E-19));
#471=CARTESIAN_POINT('',(2.70151338515538,-0.00749282282645441,4.58803074549781E-19));
#472=CARTESIAN_POINT('',(2.70183319514381,-0.00771546357541727,4.72435888578638E-19));
#473=CARTESIAN_POINT('',(2.70215649714788,-0.00793294939549399,4.85753054249482E-19));
#474=CARTESIAN_POINT('',(2.7024830715818,-0.00814548968841114,4.98767393720024E-19));
#475=CARTESIAN_POINT('',(2.70281269885981,-0.00835329385589512,5.1149172914796E-19));
#476=CARTESIAN_POINT('',(2.70314515939611,-0.00855657129967234,5.23938882690992E-19));
#477=CARTESIAN_POINT('',(2.70348023360495,-0.00875553142146933,5.36121676506825E-19));
#478=CARTESIAN_POINT('',(2.70381770190053,-0.00895038362301258,5.48052932753162E-19));
#479=CARTESIAN_POINT('',(2.70415734469708,-0.0091413373060285,5.59745473587704E-19));
#480=CARTESIAN_POINT('',(2.70449909163295,-0.00932846707215903,5.71203867043552E-19));
#481=CARTESIAN_POINT('',(2.70484291588642,-0.00951182295900784,5.82431177040263E-19));
#482=CARTESIAN_POINT('',(2.70518866318161,-0.00969157752224374,5.93437969565211E-19));
#483=CARTESIAN_POINT('',(2.70553617924265,-0.00986790331753554,6.04234810605773E-19));
#484=CARTESIAN_POINT('',(2.70623592309475,-0.0102109976286973,6.2524327810427E-19));
#485=CARTESIAN_POINT('',(2.70694151545165,-0.0105419155895992,6.4550615918421E-19));
#486=CARTESIAN_POINT('',(2.70765231308844,-0.0108614999800409,6.65075059224805E-19));
#487=CARTESIAN_POINT('',(2.70836768447468,-0.0111706272046027,6.84003642529251E-19));
#488=CARTESIAN_POINT('',(2.70908728246506,-0.0114698138208369,7.02323539125197E-19));
#489=CARTESIAN_POINT('',(2.70981075991427,-0.0117595763862957,7.20066379040291E-19));
#490=CARTESIAN_POINT('',(2.71053765716304,-0.0120406039603829,7.37274354994193E-19));
#491=CARTESIAN_POINT('',(2.7112676151295,-0.0123134773606409,7.53983031804115E-19));
#492=CARTESIAN_POINT('',(2.71200043753439,-0.01257855078183,7.70214097644027E-19));
#493=CARTESIAN_POINT('',(2.71273592809845,-0.0128361784187106,7.85989240687913E-19));
#494=CARTESIAN_POINT('',(2.71421412858704,-0.0133305131185874,8.16258511083492E-19));
#495=CARTESIAN_POINT('',(2.71570064636121,-0.0137993150183539,8.44964348382654E-19));
#496=CARTESIAN_POINT('',(2.71719414109866,-0.0142451000796912,8.72260810806375E-19));
#497=CARTESIAN_POINT('',(2.71869384918372,-0.0146695221112627,8.98249164928956E-19));
#498=CARTESIAN_POINT('',(2.72019906544222,-0.0150741214416247,9.23023728672207E-19));
#499=CARTESIAN_POINT('',(2.72170908469999,-0.0154604383993335,9.46678819957931E-19));
#500=CARTESIAN_POINT('',(2.72474131254518,-0.0161834026176809,9.9094761075279E-19));
#501=CARTESIAN_POINT('',(2.72778715715005,-0.0168468145669882,1.03156987676456E-18));
#502=CARTESIAN_POINT('',(2.73084401755412,-0.0174573895552123,1.06895681201296E-18));
#503=CARTESIAN_POINT('',(2.73391004951863,-0.0180204194267825,1.1034324485151E-18));
#504=CARTESIAN_POINT('',(2.73698349758766,-0.0185410305536256,1.13531068601954E-18));
#505=CARTESIAN_POINT('',(2.74006332512916,-0.0190224974977493,1.16479203362036E-18));
#506=CARTESIAN_POINT('',(2.74623850189105,-0.0198800870940701,1.21730425132618E-18));
#507=CARTESIAN_POINT('',(2.75242959577034,-0.020614177261643,1.26225431002636E-18));
#508=CARTESIAN_POINT('',(2.75863249943728,-0.0212405608181167,1.30060924090007E-18));
#509=CARTESIAN_POINT('',(2.76484436157533,-0.0217711637169793,1.33309929798558E-18));
#510=CARTESIAN_POINT('',(2.77106294357498,-0.0222159599225995,1.36033521045987E-18));
#511=CARTESIAN_POINT('',(2.7772865401872,-0.0225834350660401,1.38283657336891E-18));
#512=CARTESIAN_POINT('',(2.78351400653315,-0.0228799482196795,1.40099276759438E-18));
#513=CARTESIAN_POINT('',(2.78974419773399,-0.023111858455896,1.41519317401798E-18));
#514=CARTESIAN_POINT('',(2.80220966740566,-0.0234006106767709,1.43287414817005E-18));
#515=CARTESIAN_POINT('',(2.81467831318601,-0.0234822845343461,1.43787522958272E-18));
#516=CARTESIAN_POINT('',(2.82714683578391,-0.0233841348852277,1.4318652969012E-18));
#517=CARTESIAN_POINT('',(2.83961309274476,-0.0231277862098364,1.41616846766202E-18));
#518=CARTESIAN_POINT('',(2.86453365636285,-0.0222081926756284,1.3598596037528E-18));
#519=CARTESIAN_POINT('',(2.88943356338962,-0.0208364697708863,1.27586580052233E-18));
#520=CARTESIAN_POINT('',(2.91431047888016,-0.0190959511865818,1.16928977486608E-18));
#521=CARTESIAN_POINT('',(2.93916405260208,-0.017048494991972,1.04391924110991E-18));
#522=CARTESIAN_POINT('',(2.96399471332921,-0.0147395321569958,9.02536043849719E-19));
#523=CARTESIAN_POINT('',(2.98880294552297,-0.0122007091257811,7.47077968910787E-19));
#524=CARTESIAN_POINT('',(3.01358887369382,-0.0094526337142683,5.78806881084551E-19));
#525=CARTESIAN_POINT('',(3.03835174522779,-0.00650398036137074,3.98253936563496E-19));
#526=CARTESIAN_POINT('',(3.04789275927619,-0.00531402356745909,3.25390097624118E-19));
#527=CARTESIAN_POINT('',(3.05743,-0.00409433428463815,2.50705668816069E-19));
#528=EDGE_CURVE('Edge_5',#399,#401,#402,.T.);
#529=CARTESIAN_POINT('',(2.696534,0.,0.));
#530=VERTEX_POINT('',#529);
#531=CARTESIAN_POINT('',(3.05743,2.1570415377137E-32,-1.0263416486754E-48));
#532=VERTEX_POINT('',#531);
#533=B_SPLINE_CURVE_WITH_KNOTS('Curve_6',1,(#534, #535, #536, #537, #538, #539, #540, #541, #542, #543, #544, #545, #546, #547, #548, #549, #550),.POLYLINE_FORM.,.F.,.F.,(2,1,1,1,1,1,1,1,1,1,1,1,1,1,1,1,2),(0.,1.,2.,3.,4.,5.,6.,7.,8.,9.,10.,11.,12.,13.,14.,15.,16.),.UNIFORM_KNOTS.);
#534=CARTESIAN_POINT('',(2.696534,0.,0.));
#535=CARTESIAN_POINT('',(2.71570064636121,-2.51534904016637E-17,1.54020707538906E-33));
#536=CARTESIAN_POINT('',(2.74006332512916,-2.08166817117217E-17,1.27465413135646E-33));
#537=CARTESIAN_POINT('',(2.76484436157533,-1.73472347597681E-17,1.06221177613038E-33));
#538=CARTESIAN_POINT('',(2.78974419773399,-6.93889390390723E-18,4.24884710452153E-34));
#539=CARTESIAN_POINT('',(2.81467831318601,1.73472347597681E-18,-1.06221177613038E-34));
#540=CARTESIAN_POINT('',(2.83961309274476,6.93889390390723E-18,-4.24884710452153E-34));
#541=CARTESIAN_POINT('',(2.86453365636285,6.93889390390723E-18,-4.24884710452153E-34));
#542=CARTESIAN_POINT('',(2.88943356338962,1.21430643318376E-17,-7.43548243291269E-34));
#543=CARTESIAN_POINT('',(2.91431047888016,8.67361737988404E-18,-5.31105888065192E-34));
#544=CARTESIAN_POINT('',(2.93916405260208,1.21430643318377E-17,-7.43548243291269E-34));
#545=CARTESIAN_POINT('',(2.96399471332921,1.64798730217797E-17,-1.00910118732387E-33));
#546=CARTESIAN_POINT('',(2.98880294552297,2.08166817117217E-17,-1.27465413135646E-33));
#547=CARTESIAN_POINT('',(3.01358887369382,1.78351257373866E-17,-1.09208648233405E-33));
#548=CARTESIAN_POINT('',(3.03835174522779,7.37257477290144E-18,-4.51440004855414E-34));
#549=CARTESIAN_POINT('',(3.04789275927619,2.42477807188279E-17,-1.48474835218698E-33));
#550=CARTESIAN_POINT('',(3.05743,2.1570415377137E-32,-1.0263416486754E-48));
#551=EDGE_CURVE('Edge_6',#530,#532,#533,.T.);
#552=CARTESIAN_POINT('',(3.087801,0.,0.));
#553=VERTEX_POINT('',#552);
#554=CARTESIAN_POINT('',(3.05743,0.00409433428463827,-2.50705668816077E-19));
#555=VERTEX_POINT('',#554);
#556=B_SPLINE_CURVE_WITH_KNOTS('Curve_7',1,(#557, #558, #559, #560, #561, #562, #563, #564, #565, #566, #567, #568, #569, #570, #571, #572, #573),.POLYLINE_FORM.,.F.,.F.,(2,1,1,1,1,1,1,1,1,1,1,1,1,1,1,1,2),(0.,1.,2.,3.,4.,5.,6.,7.,8.,9.,10.,11.,12.,13.,14.,15.,16.),.UNIFORM_KNOTS.);
#557=CARTESIAN_POINT('',(3.087801,0.,0.));
#558=CARTESIAN_POINT('',(3.08590411628894,0.000265484130430194,-1.62562145277878E-20));
#559=CARTESIAN_POINT('',(3.08400705141496,0.000529662774311193,-3.24324910593855E-20));
#560=CARTESIAN_POINT('',(3.08210980694758,0.000792541729695326,-4.85291846231044E-20));
#561=CARTESIAN_POINT('',(3.0802123844563,0.001054126794456,-6.45466502362999E-20));
#562=CARTESIAN_POINT('',(3.07831478551065,0.00131442376628768,-8.04852429053711E-20));
#563=CARTESIAN_POINT('',(3.07641701168013,0.00157343844270594,-9.6345317625761E-20));
#564=CARTESIAN_POINT('',(3.07451906453425,0.00183117662104738,-1.12127229381957E-19));
#565=CARTESIAN_POINT('',(3.07262094564253,0.00208764409846971,-1.2783133314749E-19));
#566=CARTESIAN_POINT('',(3.07072265657449,0.0023428466719517,-1.43457983884934E-19));
#567=CARTESIAN_POINT('',(3.06882419889962,0.00259679013829319,-1.59007536545908E-19));
#568=CARTESIAN_POINT('',(3.06692557418746,0.0028494802941151,-1.74480346071076E-19));
#569=CARTESIAN_POINT('',(3.0650267840075,0.00310092293585943,-1.89876767390143E-19));
#570=CARTESIAN_POINT('',(3.06312782992926,0.00335112385978923,-2.0519715542186E-19));
#571=CARTESIAN_POINT('',(3.06122871352226,0.00360008886198865,-2.20441865074022E-19));
#572=CARTESIAN_POINT('',(3.059329436356,0.00384782373836291,-2.35611251243467E-19));
#573=CARTESIAN_POINT('',(3.05743,0.00409433428463827,-2.50705668816077E-19));
#574=EDGE_CURVE('Edge_7',#553,#555,#556,.T.);
#575=CARTESIAN_POINT('',(3.05743,-0.541344,0.));
#576=VERTEX_POINT('',#575);
#577=CARTESIAN_POINT('',(2.696534,-0.541344,0.));
#578=VERTEX_POINT('',#577);
#579=B_SPLINE_CURVE_WITH_KNOTS('Curve_8',1,(#580, #581, #582, #583, #584, #585, #586, #587, #588, #589, #590, #591, #592, #593, #594, #595, #596),.POLYLINE_FORM.,.F.,.F.,(2,1,1,1,1,1,1,1,1,1,1,1,1,1,1,1,2),(0.,1.,2.,3.,4.,5.,6.,7.,8.,9.,10.,11.,12.,13.,14.,15.,16.),.UNIFORM_KNOTS.);
#580=CARTESIAN_POINT('',(3.05743,-0.541344,0.));
#581=CARTESIAN_POINT('',(3.03468929188306,-0.541344,8.1735291278251E-17));
#582=CARTESIAN_POINT('',(3.01193095018485,-0.541344,1.34441069388203E-17));
#583=CARTESIAN_POINT('',(2.98915693139211,-0.541344,3.84891771232354E-18));
#584=CARTESIAN_POINT('',(2.96636816989404,-0.541344,9.54097911787244E-18));
#585=CARTESIAN_POINT('',(2.94356517694214,-0.541344,7.80625564189563E-18));
#586=CARTESIAN_POINT('',(2.92074786141567,-0.541344,5.20417042793042E-18));
#587=CARTESIAN_POINT('',(2.89791594900543,-0.541344,9.54097911787244E-18));
#588=CARTESIAN_POINT('',(2.87506921841979,-0.541344,3.46944695195361E-18));
#589=CARTESIAN_POINT('',(2.85220783794611,-0.541344,5.20417042793042E-18));
#590=CARTESIAN_POINT('',(2.82933325857551,-0.541344,0.));
#591=CARTESIAN_POINT('',(2.80644945305015,-0.541344,1.73472347597681E-18));
#592=CARTESIAN_POINT('',(2.78356547261258,-0.541344,0.));
#593=CARTESIAN_POINT('',(2.76070185950095,-0.541344,-8.67361737988404E-18));
#594=CARTESIAN_POINT('',(2.73790958301665,-0.541344,-6.07153216591882E-18));
#595=CARTESIAN_POINT('',(2.71536722599672,-0.541344,-2.42861286636753E-17));
#596=CARTESIAN_POINT('',(2.696534,-0.541344,0.));
#597=EDGE_CURVE('Edge_8',#576,#578,#579,.T.);
#598=CARTESIAN_POINT('',(2.696534,-0.541344,0.));
#599=VERTEX_POINT('',#598);
#600=CARTESIAN_POINT('',(3.05743,-0.541344,0.));
#601=VERTEX_POINT('',#600);
#602=B_SPLINE_CURVE_WITH_KNOTS('Curve_9',1,(#603, #604, #605, #606, #607, #608, #609, #610, #611, #612, #613, #614, #615, #616, #617, #618, #619, #620, #621, #622, #623, #624, #625, #626, #627, #628, #629, #630, #631, #632, #633, #634, #635, #636, #637, #638, #639, #640, #641, #642, #643, #644, #645, #646, #647, #648, #649, #650, #651, #652, #653, #654, #655, #656, #657, #658, #659, #660, #661, #662, #663, #664, #665, #666, #667, #668, #669, #670, #671, #672, #673, #674, #675, #676, #677, #678, #679, #680, #681, #682, #683, #684, #685, #686, #687, #688, #689, #690, #691, #692, #693, #694, #695, #696, #697, #698, #699, #700, #701, #702, #703, #704, #705, #706, #707, #708, #709, #710, #711, #712, #713, #714, #715, #716, #717, #718, #719, #720, #721, #722, #723, #724, #725, #726, #727, #728, #729, #730, #731, #732, #733),.POLYLINE_FORM.,.F.,.F.,(2,1,1,1,1,1,1,1,1,1,1,1,1,1,1,1,1,1,1,1,1,1,1,1,1,1,1,1,1,1,1,1,1,1,1,1,1,1,1,1,1,1,1,1,1,1,1,1,1,1,1,1,1,1,1,1,1,1,1,1,1,1,1,1,1,1,1,1,1,1,1,1,1,1,1,1,1,1,1,1,1,1,1,1,1,1,1,1,1,1,1,1,1,1,1,1,1,1,1,1,1,1,1,1,1,1,1,1,1,1,1,1,1,1,1,1,1,1,1,1,1,1,1,1,1,1,1,1,1,1,2),(0.,1.,2.,3.,4.,5.,6.,7.,8.,9.,10.,11.,12.,13.,14.,15.,16.,17.,18.,19.,20.,21.,22.,23.,24.,25.,26.,27.,28.,29.,30.,31.,32.,33.,34.,35.,36.,37.,38.,39.,40.,41.,42.,43.,44.,45.,46.,47.,48.,49.,50.,51.,52.,53.,54.,55.,56.,57.,58.,59.,60.,61.,62.,63.,64.,65.,66.,67.,68.,69.,70.,71.,72.,73.,74.,75.,76.,77.,78.,79.,80.,81.,82.,83.,84.,85.,86.,87.,88.,89.,90.,91.,92.,93.,94.,95.,96.,97.,98.,99.,100.,101.,102.,103.,104.,105.,106.,107.,108.,109.,110.,111.,112.,113.,114.,115.,116.,117.,118.,119.,120.,121.,122.,123.,124.,125.,126.,127.,128.,129.,130.),.UNIFORM_KNOTS.);
#603=CARTESIAN_POINT('',(2.696534,-0.541344,0.));
#604=CARTESIAN_POINT('',(2.69653425151791,-0.541344,4.46074540789139E-05));
#605=CARTESIAN_POINT('',(2.69653500551954,-0.541344,8.92400000376334E-05));
#606=CARTESIAN_POINT('',(2.69653626117674,-0.541344,0.000133888903690953));
#607=CARTESIAN_POINT('',(2.69653801766135,-0.541344,0.000178545430853666));
#608=CARTESIAN_POINT('',(2.69654027414521,-0.541344,0.000223200847340322));
#609=CARTESIAN_POINT('',(2.69654302980017,-0.541344,0.000267846418965798));
#610=CARTESIAN_POINT('',(2.69654628379808,-0.541344,0.000312473411544642));
#611=CARTESIAN_POINT('',(2.69655003531079,-0.541344,0.000357073090891731));
#612=CARTESIAN_POINT('',(2.69655428351013,-0.541344,0.000401636722821614));
#613=CARTESIAN_POINT('',(2.69655902756795,-0.541344,0.000446155573149166));
#614=CARTESIAN_POINT('',(2.6965642666561,-0.541344,0.000490620907688938));
#615=CARTESIAN_POINT('',(2.69656999994642,-0.541344,0.000535023992255722));
#616=CARTESIAN_POINT('',(2.69657622661076,-0.541344,0.000579356092664315));
#617=CARTESIAN_POINT('',(2.69658294582097,-0.541344,0.000623608474729264));
#618=CARTESIAN_POINT('',(2.69659015674889,-0.541344,0.000667772404265446));
#619=CARTESIAN_POINT('',(2.69659785856636,-0.541344,0.000711839147087411));
#620=CARTESIAN_POINT('',(2.6966060481121,-0.541344,0.000755806463932502));
#621=CARTESIAN_POINT('',(2.69661471997946,-0.541344,0.000799675492276677));
#622=CARTESIAN_POINT('',(2.6966238699722,-0.541344,0.000843442563043136));
#623=CARTESIAN_POINT('',(2.69663349389412,-0.541344,0.000887104007155079));
#624=CARTESIAN_POINT('',(2.696643587549,-0.541344,0.000930656155535463));
#625=CARTESIAN_POINT('',(2.6966541467406,-0.541344,0.000974095339107567));
#626=CARTESIAN_POINT('',(2.69666516727273,-0.541344,0.00101741788879435));
#627=CARTESIAN_POINT('',(2.69667664494914,-0.541344,0.0010606201355191));
#628=CARTESIAN_POINT('',(2.69668857557364,-0.541344,0.00110369841020476));
#629=CARTESIAN_POINT('',(2.69670095494999,-0.541344,0.00114664904377461));
#630=CARTESIAN_POINT('',(2.69671377888197,-0.541344,0.00118946836715163));
#631=CARTESIAN_POINT('',(2.69672704317338,-0.541344,0.001232152711259));
#632=CARTESIAN_POINT('',(2.69674074362798,-0.541344,0.00127469840701992));
#633=CARTESIAN_POINT('',(2.69675487604956,-0.541344,0.00131710178535743));
#634=CARTESIAN_POINT('',(2.69676943624189,-0.541344,0.00135935917719458));
#635=CARTESIAN_POINT('',(2.69678442000877,-0.541344,0.00140146691345464));
#636=CARTESIAN_POINT('',(2.69681563800397,-0.541344,0.00148520808592389));
#637=CARTESIAN_POINT('',(2.69684848722068,-0.541344,0.0015683002300927));
#638=CARTESIAN_POINT('',(2.69688292543804,-0.541344,0.00165073639877708));
#639=CARTESIAN_POINT('',(2.69691891043519,-0.541344,0.00173250964479313));
#640=CARTESIAN_POINT('',(2.69695639999125,-0.541344,0.00181361302095692));
#641=CARTESIAN_POINT('',(2.69699535188536,-0.541344,0.00189403958008454));
#642=CARTESIAN_POINT('',(2.69703572389666,-0.541344,0.00197378237499209));
#643=CARTESIAN_POINT('',(2.69707747380427,-0.541344,0.00205283445849557));
#644=CARTESIAN_POINT('',(2.69712055938733,-0.541344,0.00213118888341122));
#645=CARTESIAN_POINT('',(2.69716493842497,-0.541344,0.00220883870255505));
#646=CARTESIAN_POINT('',(2.69721056869633,-0.541344,0.00228577696874315));
#647=CARTESIAN_POINT('',(2.69725740798053,-0.541344,0.0023619967347916));
#648=CARTESIAN_POINT('',(2.69730541405672,-0.541344,0.00243749105351649));
#649=CARTESIAN_POINT('',(2.69735454470402,-0.541344,0.00251225297773391));
#650=CARTESIAN_POINT('',(2.69740475770157,-0.541344,0.00258627556025995));
#651=CARTESIAN_POINT('',(2.6974560108285,-0.541344,0.00265955185391069));
#652=CARTESIAN_POINT('',(2.69750825881998,-0.541344,0.00273209089261678));
#653=CARTESIAN_POINT('',(2.69756146688254,-0.541344,0.00280391156854563));
#654=CARTESIAN_POINT('',(2.69761560850232,-0.541344,0.00287502172186841));
#655=CARTESIAN_POINT('',(2.6976706571655,-0.541344,0.00294542919275649));
#656=CARTESIAN_POINT('',(2.69772658635822,-0.541344,0.00301514182138106));
#657=CARTESIAN_POINT('',(2.69778336956664,-0.541344,0.00308416744791336));
#658=CARTESIAN_POINT('',(2.69784098027693,-0.541344,0.00315251391252461));
#659=CARTESIAN_POINT('',(2.69789939197523,-0.541344,0.00322018905538608));
#660=CARTESIAN_POINT('',(2.69795857814771,-0.541344,0.00328720071666899));
#661=CARTESIAN_POINT('',(2.69801851228052,-0.541344,0.00335355673654459));
#662=CARTESIAN_POINT('',(2.69807916785982,-0.541344,0.00341926495518406));
#663=CARTESIAN_POINT('',(2.69814051837177,-0.541344,0.00348433321275876));
#664=CARTESIAN_POINT('',(2.69826519813824,-0.541344,0.00361258120539863));
#665=CARTESIAN_POINT('',(2.69839233946919,-0.541344,0.00373836343583408));
#666=CARTESIAN_POINT('',(2.69852174456377,-0.541344,0.00386176187297534));
#667=CARTESIAN_POINT('',(2.69865327883302,-0.541344,0.00398286468094665));
#668=CARTESIAN_POINT('',(2.69878682498407,-0.541344,0.00410174387393884));
#669=CARTESIAN_POINT('',(2.69892226572405,-0.541344,0.00421847146614291));
#670=CARTESIAN_POINT('',(2.69905948376006,-0.541344,0.00433311947174969));
#671=CARTESIAN_POINT('',(2.69919836179924,-0.541344,0.00444575990495009));
#672=CARTESIAN_POINT('',(2.6993387825487,-0.541344,0.00455646477993493));
#673=CARTESIAN_POINT('',(2.69948062871556,-0.541344,0.00466530611089522));
#674=CARTESIAN_POINT('',(2.69962383046423,-0.541344,0.00477233145388292));
#675=CARTESIAN_POINT('',(2.69976835172094,-0.541344,0.00487757728666519));
#676=CARTESIAN_POINT('',(2.69991412583555,-0.541344,0.00498109900600558));
#677=CARTESIAN_POINT('',(2.70006108615792,-0.541344,0.00508295200866765));
#678=CARTESIAN_POINT('',(2.70020916603791,-0.541344,0.00518319169141491));
#679=CARTESIAN_POINT('',(2.7003582988254,-0.541344,0.00528187345101099));
#680=CARTESIAN_POINT('',(2.70050841787024,-0.541344,0.00537905268421942));
#681=CARTESIAN_POINT('',(2.7006594565223,-0.541344,0.00547478478780371));
#682=CARTESIAN_POINT('',(2.7009640721416,-0.541344,0.00566211774025772));
#683=CARTESIAN_POINT('',(2.70127184402525,-0.541344,0.00584419201957468));
#684=CARTESIAN_POINT('',(2.70158251714555,-0.541344,0.00602128278484775));
#685=CARTESIAN_POINT('',(2.7018958364748,-0.541344,0.00619366519517022));
#686=CARTESIAN_POINT('',(2.70221153320385,-0.541344,0.00636162320157169));
#687=CARTESIAN_POINT('',(2.70252941011001,-0.541344,0.00652538881540864));
#688=CARTESIAN_POINT('',(2.70284931954532,-0.541344,0.00668515928626465));
#689=CARTESIAN_POINT('',(2.70317111386181,-0.541344,0.00684113186372318));
#690=CARTESIAN_POINT('',(2.70381976654645,-0.541344,0.00714247233678169));
#691=CARTESIAN_POINT('',(2.70447418698018,-0.541344,0.00743098823125229));
#692=CARTESIAN_POINT('',(2.70513367703076,-0.541344,0.00770764425555818));
#693=CARTESIAN_POINT('',(2.70579777184168,-0.541344,0.00797319645227432));
#694=CARTESIAN_POINT('',(2.70646571939756,-0.541344,0.00822884020098769));
#695=CARTESIAN_POINT('',(2.70713716295806,-0.541344,0.00847518493632674));
#696=CARTESIAN_POINT('',(2.70781169263851,-0.541344,0.0087129468086812));
#697=CARTESIAN_POINT('',(2.7084889232486,-0.541344,0.00894284154895376));
#698=CARTESIAN_POINT('',(2.70916865347225,-0.541344,0.00916525460837202));
#699=CARTESIAN_POINT('',(2.70985068199337,-0.541344,0.00938057143816358));
#700=CARTESIAN_POINT('',(2.71122071390629,-0.541344,0.00979178197787745));
#701=CARTESIAN_POINT('',(2.71259738887488,-0.541344,0.010180000814849));
#702=CARTESIAN_POINT('',(2.71397976258899,-0.541344,0.0105473354515637));
#703=CARTESIAN_POINT('',(2.71536722599672,-0.541344,0.0108952430021764));
#704=CARTESIAN_POINT('',(2.71675885027846,-0.541344,0.0112259951821926));
#705=CARTESIAN_POINT('',(2.7181541027127,-0.541344,0.0115410233081047));
#706=CARTESIAN_POINT('',(2.71955261256564,-0.541344,0.0118413552179672));
#707=CARTESIAN_POINT('',(2.72095400910346,-0.541344,0.012128018749834));
#708=CARTESIAN_POINT('',(2.72376393353109,-0.541344,0.0126648146915332));
#709=CARTESIAN_POINT('',(2.72658199063492,-0.541344,0.0131572654317384));
#710=CARTESIAN_POINT('',(2.72940664463936,-0.541344,0.0136104417261819));
#711=CARTESIAN_POINT('',(2.73223662067909,-0.541344,0.0140288092773519));
#712=CARTESIAN_POINT('',(2.73507124105632,-0.541344,0.014414870063971));
#713=CARTESIAN_POINT('',(2.73790958301665,-0.541344,0.0147722046377284));
#714=CARTESIAN_POINT('',(2.74359560495333,-0.541344,0.0154082795743459));
#715=CARTESIAN_POINT('',(2.74929114532721,-0.541344,0.0159525848462934));
#716=CARTESIAN_POINT('',(2.75499378898849,-0.541344,0.0164164361383251));
#717=CARTESIAN_POINT('',(2.76070185950095,-0.541344,0.0168085838227929));
#718=CARTESIAN_POINT('',(2.77212900831519,-0.541344,0.0174070695088768));
#719=CARTESIAN_POINT('',(2.78356547261258,-0.541344,0.0177926793029771));
#720=CARTESIAN_POINT('',(2.79500657501317,-0.541344,0.017998220983866));
#721=CARTESIAN_POINT('',(2.80644945305015,-0.541344,0.0180483467096449));
#722=CARTESIAN_POINT('',(2.81789211234165,-0.541344,0.0179631193263369));
#723=CARTESIAN_POINT('',(2.82933325857551,-0.541344,0.0177587129389963));
#724=CARTESIAN_POINT('',(2.85220783794611,-0.541344,0.0170423285709915));
#725=CARTESIAN_POINT('',(2.87506921841979,-0.541344,0.0159838220717674));
#726=CARTESIAN_POINT('',(2.89791594900543,-0.541344,0.0146457914470849));
#727=CARTESIAN_POINT('',(2.92074786141567,-0.541344,0.0130736789872291));
#728=CARTESIAN_POINT('',(2.94356517694214,-0.541344,0.011302816204857));
#729=CARTESIAN_POINT('',(2.96636816989404,-0.541344,0.0093556526423402));
#730=CARTESIAN_POINT('',(2.98915693139211,-0.541344,0.00724863241445418));
#731=CARTESIAN_POINT('',(3.01193095018485,-0.541344,0.00498779528609506));
#732=CARTESIAN_POINT('',(3.03468929188306,-0.541344,0.00257420168708826));
#733=CARTESIAN_POINT('',(3.05743,-0.541344,0.));
#734=EDGE_CURVE('Edge_9',#599,#601,#602,.T.);
#735=CARTESIAN_POINT('',(2.696534,-0.541344,0.));
#736=VERTEX_POINT('',#735);
#737=CARTESIAN_POINT('',(2.696534,0.,0.));
#738=VERTEX_POINT('',#737);
#739=B_SPLINE_CURVE_WITH_KNOTS('Curve_10',1,(#740, #741, #742, #743, #744, #745, #746, #747, #748, #749, #750, #751, #752, #753, #754, #755, #756),.POLYLINE_FORM.,.F.,.F.,(2,1,1,1,1,1,1,1,1,1,1,1,1,1,1,1,2),(0.,1.,2.,3.,4.,5.,6.,7.,8.,9.,10.,11.,12.,13.,14.,15.,16.),.UNIFORM_KNOTS.);
#740=CARTESIAN_POINT('',(2.696534,-0.541344,0.));
#741=CARTESIAN_POINT('',(2.696534,-0.50751,0.));
#742=CARTESIAN_POINT('',(2.696534,-0.473676,0.));
#743=CARTESIAN_POINT('',(2.696534,-0.439842,0.));
#744=CARTESIAN_POINT('',(2.696534,-0.406008,0.));
#745=CARTESIAN_POINT('',(2.696534,-0.372174,0.));
#746=CARTESIAN_POINT('',(2.696534,-0.33834,0.));
#747=CARTESIAN_POINT('',(2.696534,-0.304506,0.));
#748=CARTESIAN_POINT('',(2.696534,-0.270672,0.));
#749=CARTESIAN_POINT('',(2.696534,-0.236838,0.));
#750=CARTESIAN_POINT('',(2.696534,-0.203004,0.));
#751=CARTESIAN_POINT('',(2.696534,-0.16917,0.));
#752=CARTESIAN_POINT('',(2.696534,-0.135336,0.));
#753=CARTESIAN_POINT('',(2.696534,-0.101502,0.));
#754=CARTESIAN_POINT('',(2.696534,-0.067668,0.));
#755=CARTESIAN_POINT('',(2.696534,-0.033834,0.));
#756=CARTESIAN_POINT('',(2.696534,0.,0.));
#757=EDGE_CURVE('Edge_10',#736,#738,#739,.T.);
#758=CARTESIAN_POINT('',(3.05743,-0.541344,0.));
#759=VERTEX_POINT('',#758);
#760=CARTESIAN_POINT('',(2.696534,-0.541344,0.));
#761=VERTEX_POINT('',#760);
#762=B_SPLINE_CURVE_WITH_KNOTS('Curve_11',1,(#763, #764, #765, #766, #767, #768, #769, #770, #771, #772, #773, #774, #775, #776, #777, #778, #779, #780, #781, #782, #783, #784, #785, #786, #787, #788, #789, #790, #791, #792, #793, #794, #795, #796, #797, #798, #799, #800, #801, #802, #803, #804, #805, #806, #807, #808, #809, #810, #811, #812, #813, #814, #815, #816, #817, #818, #819, #820, #821, #822, #823, #824, #825, #826, #827, #828, #829, #830, #831, #832, #833, #834, #835, #836, #837, #838, #839, #840, #841, #842, #843, #844, #845, #846, #847, #848, #849, #850, #851, #852, #853, #854, #855, #856, #857, #858, #859, #860, #861, #862, #863, #864, #865, #866, #867, #868, #869, #870, #871, #872, #873, #874, #875, #876, #877, #878, #879, #880, #881, #882, #883, #884, #885, #886, #887, #888, #889, #890, #891, #892, #893),.POLYLINE_FORM.,.F.,.F.,(2,1,1,1,1,1,1,1,1,1,1,1,1,1,1,1,1,1,1,1,1,1,1,1,1,1,1,1,1,1,1,1,1,1,1,1,1,1,1,1,1,1,1,1,1,1,1,1,1,1,1,1,1,1,1,1,1,1,1,1,1,1,1,1,1,1,1,1,1,1,1,1,1,1,1,1,1,1,1,1,1,1,1,1,1,1,1,1,1,1,1,1,1,1,1,1,1,1,1,1,1,1,1,1,1,1,1,1,1,1,1,1,1,1,1,1,1,1,1,1,1,1,1,1,1,1,1,1,1,1,2),(0.,1.,2.,3.,4.,5.,6.,7.,8.,9.,10.,11.,12.,13.,14.,15.,16.,17.,18.,19.,20.,21.,22.,23.,24.,25.,26.,27.,28.,29.,30.,31.,32.,33.,34.,35.,36.,37.,38.,39.,40.,41.,42.,43.,44.,45.,46.,47.,48.,49.,50.,51.,52.,53.,54.,55.,56.,57.,58.,59.,60.,61.,62.,63.,64.,65.,66.,67.,68.,69.,70.,71.,72.,73.,74.,75.,76.,77.,78.,79.,80.,81.,82.,83.,84.,85.,86.,87.,88.,89.,90.,91.,92.,93.,94.,95.,96.,97.,98.,99.,100.,101.,102.,103.,104.,105.,106.,107.,108.,109.,110.,111.,112.,113.,114.,115.,116.,117.,118.,119.,120.,121.,122.,123.,124.,125.,126.,127.,128.,129.,130.),.UNIFORM_KNOTS.);
#763=CARTESIAN_POINT('',(3.05743,-0.541344,0.));
#764=CARTESIAN_POINT('',(3.03468929188306,-0.541344,-0.0025742016870881));
#765=CARTESIAN_POINT('',(3.01193095018485,-0.541344,-0.00498779528609503));
#766=CARTESIAN_POINT('',(2.98915693139211,-0.541344,-0.00724863241445417));
#767=CARTESIAN_POINT('',(2.96636816989404,-0.541344,-0.00935565264234018));
#768=CARTESIAN_POINT('',(2.94356517694214,-0.541344,-0.011302816204857));
#769=CARTESIAN_POINT('',(2.92074786141567,-0.541344,-0.0130736789872291));
#770=CARTESIAN_POINT('',(2.89791594900543,-0.541344,-0.0146457914470849));
#771=CARTESIAN_POINT('',(2.87506921841979,-0.541344,-0.0159838220717674));
#772=CARTESIAN_POINT('',(2.85220783794611,-0.541344,-0.0170423285709915));
#773=CARTESIAN_POINT('',(2.82933325857551,-0.541344,-0.0177587129389963));
#774=CARTESIAN_POINT('',(2.81789211234165,-0.541344,-0.0179631193263369));
#775=CARTESIAN_POINT('',(2.80644945305015,-0.541344,-0.0180483467096449));
#776=CARTESIAN_POINT('',(2.79500657501317,-0.541344,-0.017998220983866));
#777=CARTESIAN_POINT('',(2.78356547261258,-0.541344,-0.0177926793029771));
#778=CARTESIAN_POINT('',(2.77212900831519,-0.541344,-0.0174070695088768));
#779=CARTESIAN_POINT('',(2.76070185950095,-0.541344,-0.0168085838227929));
#780=CARTESIAN_POINT('',(2.75499378898849,-0.541344,-0.0164164361383252));
#781=CARTESIAN_POINT('',(2.74929114532721,-0.541344,-0.0159525848462934));
#782=CARTESIAN_POINT('',(2.74359560495333,-0.541344,-0.0154082795743459));
#783=CARTESIAN_POINT('',(2.73790958301665,-0.541344,-0.0147722046377285));
#784=CARTESIAN_POINT('',(2.73507124105632,-0.541344,-0.014414870063971));
#785=CARTESIAN_POINT('',(2.73223662067909,-0.541344,-0.0140288092773519));
#786=CARTESIAN_POINT('',(2.72940664463936,-0.541344,-0.0136104417261819));
#787=CARTESIAN_POINT('',(2.72658199063492,-0.541344,-0.0131572654317384));
#788=CARTESIAN_POINT('',(2.72376393353109,-0.541344,-0.0126648146915332));
#789=CARTESIAN_POINT('',(2.72095400910346,-0.541344,-0.012128018749834));
#790=CARTESIAN_POINT('',(2.71955261256564,-0.541344,-0.0118413552179672));
#791=CARTESIAN_POINT('',(2.7181541027127,-0.541344,-0.0115410233081048));
#792=CARTESIAN_POINT('',(2.71675885027846,-0.541344,-0.0112259951821926));
#793=CARTESIAN_POINT('',(2.71536722599672,-0.541344,-0.0108952430021764));
#794=CARTESIAN_POINT('',(2.71397976258899,-0.541344,-0.0105473354515638));
#795=CARTESIAN_POINT('',(2.71259738887488,-0.541344,-0.0101800008148491));
#796=CARTESIAN_POINT('',(2.71122071390629,-0.541344,-0.00979178197787746));
#797=CARTESIAN_POINT('',(2.70985068199337,-0.541344,-0.0093805714381636));
#798=CARTESIAN_POINT('',(2.70916865347225,-0.541344,-0.00916525460837202));
#799=CARTESIAN_POINT('',(2.7084889232486,-0.541344,-0.00894284154895375));
#800=CARTESIAN_POINT('',(2.7078116926385,-0.541344,-0.00871294680868118));
#801=CARTESIAN_POINT('',(2.70713716295806,-0.541344,-0.00847518493632675));
#802=CARTESIAN_POINT('',(2.70646571939756,-0.541344,-0.00822884020098767));
#803=CARTESIAN_POINT('',(2.70579777184168,-0.541344,-0.00797319645227432));
#804=CARTESIAN_POINT('',(2.70513367703076,-0.541344,-0.0077076442555582));
#805=CARTESIAN_POINT('',(2.70447418698018,-0.541344,-0.00743098823125234));
#806=CARTESIAN_POINT('',(2.70381976654645,-0.541344,-0.00714247233678177));
#807=CARTESIAN_POINT('',(2.70317111386181,-0.541344,-0.00684113186372321));
#808=CARTESIAN_POINT('',(2.70284931954532,-0.541344,-0.0066851592862647));
#809=CARTESIAN_POINT('',(2.70252941011001,-0.541344,-0.00652538881540869));
#810=CARTESIAN_POINT('',(2.70221153320385,-0.541344,-0.00636162320157174));
#811=CARTESIAN_POINT('',(2.7018958364748,-0.541344,-0.00619366519517028));
#812=CARTESIAN_POINT('',(2.70158251714555,-0.541344,-0.00602128278484782));
#813=CARTESIAN_POINT('',(2.70127184402525,-0.541344,-0.00584419201957475));
#814=CARTESIAN_POINT('',(2.7009640721416,-0.541344,-0.00566211774025779));
#815=CARTESIAN_POINT('',(2.7006594565223,-0.541344,-0.0054747847878038));
#816=CARTESIAN_POINT('',(2.70050841787024,-0.541344,-0.0053790526842195));
#817=CARTESIAN_POINT('',(2.7003582988254,-0.541344,-0.00528187345101107));
#818=CARTESIAN_POINT('',(2.70020916603791,-0.541344,-0.00518319169141497));
#819=CARTESIAN_POINT('',(2.70006108615792,-0.541344,-0.00508295200866769));
#820=CARTESIAN_POINT('',(2.69991412583555,-0.541344,-0.00498109900600563));
#821=CARTESIAN_POINT('',(2.69976835172094,-0.541344,-0.00487757728666522));
#822=CARTESIAN_POINT('',(2.69962383046423,-0.541344,-0.00477233145388292));
#823=CARTESIAN_POINT('',(2.69948062871556,-0.541344,-0.0046653061108952));
#824=CARTESIAN_POINT('',(2.6993387825487,-0.541344,-0.00455646477993488));
#825=CARTESIAN_POINT('',(2.69919836179924,-0.541344,-0.00444575990495001));
#826=CARTESIAN_POINT('',(2.69905948376006,-0.541344,-0.00433311947174962));
#827=CARTESIAN_POINT('',(2.69892226572405,-0.541344,-0.00421847146614286));
#828=CARTESIAN_POINT('',(2.69878682498407,-0.541344,-0.00410174387393884));
#829=CARTESIAN_POINT('',(2.69865327883302,-0.541344,-0.00398286468094665));
#830=CARTESIAN_POINT('',(2.69852174456377,-0.541344,-0.00386176187297534));
#831=CARTESIAN_POINT('',(2.69839233946919,-0.541344,-0.00373836343583411));
#832=CARTESIAN_POINT('',(2.69826519813824,-0.541344,-0.00361258120539869));
#833=CARTESIAN_POINT('',(2.69814051837177,-0.541344,-0.00348433321275879));
#834=CARTESIAN_POINT('',(2.69807916785982,-0.541344,-0.00341926495518412));
#835=CARTESIAN_POINT('',(2.69801851228052,-0.541344,-0.00335355673654459));
#836=CARTESIAN_POINT('',(2.69795857814771,-0.541344,-0.00328720071666902));
#837=CARTESIAN_POINT('',(2.69789939197523,-0.541344,-0.0032201890553861));
#838=CARTESIAN_POINT('',(2.69784098027693,-0.541344,-0.00315251391252464));
#839=CARTESIAN_POINT('',(2.69778336956664,-0.541344,-0.00308416744791338));
#840=CARTESIAN_POINT('',(2.69772658635822,-0.541344,-0.00301514182138109));
#841=CARTESIAN_POINT('',(2.6976706571655,-0.541344,-0.00294542919275653));
#842=CARTESIAN_POINT('',(2.69761560850232,-0.541344,-0.00287502172186848));
#843=CARTESIAN_POINT('',(2.69756146688254,-0.541344,-0.00280391156854564));
#844=CARTESIAN_POINT('',(2.69750825881998,-0.541344,-0.00273209089261684));
#845=CARTESIAN_POINT('',(2.6974560108285,-0.541344,-0.00265955185391073));
#846=CARTESIAN_POINT('',(2.69740475770157,-0.541344,-0.00258627556026));
#847=CARTESIAN_POINT('',(2.69735454470402,-0.541344,-0.00251225297773401));
#848=CARTESIAN_POINT('',(2.69730541405672,-0.541344,-0.0024374910535166));
#849=CARTESIAN_POINT('',(2.69725740798053,-0.541344,-0.00236199673479171));
#850=CARTESIAN_POINT('',(2.69721056869633,-0.541344,-0.0022857769687433));
#851=CARTESIAN_POINT('',(2.69716493842497,-0.541344,-0.00220883870255517));
#852=CARTESIAN_POINT('',(2.69712055938733,-0.541344,-0.00213118888341138));
#853=CARTESIAN_POINT('',(2.69707747380427,-0.541344,-0.00205283445849573));
#854=CARTESIAN_POINT('',(2.69703572389666,-0.541344,-0.00197378237499217));
#855=CARTESIAN_POINT('',(2.69699535188536,-0.541344,-0.00189403958008466));
#856=CARTESIAN_POINT('',(2.69695639999125,-0.541344,-0.00181361302095702));
#857=CARTESIAN_POINT('',(2.69691891043519,-0.541344,-0.00173250964479322));
#858=CARTESIAN_POINT('',(2.69688292543804,-0.541344,-0.00165073639877717));
#859=CARTESIAN_POINT('',(2.69684848722068,-0.541344,-0.00156830023009277));
#860=CARTESIAN_POINT('',(2.69681563800397,-0.541344,-0.00148520808592398));
#861=CARTESIAN_POINT('',(2.69678442000877,-0.541344,-0.00140146691345464));
#862=CARTESIAN_POINT('',(2.69676943624189,-0.541344,-0.00135935917719462));
#863=CARTESIAN_POINT('',(2.69675487604956,-0.541344,-0.00131710178535743));
#864=CARTESIAN_POINT('',(2.69674074362798,-0.541344,-0.00127469840701995));
#865=CARTESIAN_POINT('',(2.69672704317338,-0.541344,-0.00123215271125907));
#866=CARTESIAN_POINT('',(2.69671377888197,-0.541344,-0.00118946836715167));
#867=CARTESIAN_POINT('',(2.69670095494999,-0.541344,-0.00114664904377462));
#868=CARTESIAN_POINT('',(2.69668857557364,-0.541344,-0.00110369841020485));
#869=CARTESIAN_POINT('',(2.69667664494914,-0.541344,-0.00106062013551915));
#870=CARTESIAN_POINT('',(2.69666516727273,-0.541344,-0.00101741788879442));
#871=CARTESIAN_POINT('',(2.6966541467406,-0.541344,-0.000974095339107636));
#872=CARTESIAN_POINT('',(2.696643587549,-0.541344,-0.000930656155535575));
#873=CARTESIAN_POINT('',(2.69663349389412,-0.541344,-0.000887104007155153));
#874=CARTESIAN_POINT('',(2.6966238699722,-0.541344,-0.00084344256304325));
#875=CARTESIAN_POINT('',(2.69661471997946,-0.541344,-0.000799675492276787));
#876=CARTESIAN_POINT('',(2.6966060481121,-0.541344,-0.000755806463932524));
#877=CARTESIAN_POINT('',(2.69659785856636,-0.541344,-0.000711839147087462));
#878=CARTESIAN_POINT('',(2.69659015674889,-0.541344,-0.000667772404265484));
#879=CARTESIAN_POINT('',(2.69658294582097,-0.541344,-0.000623608474729292));
#880=CARTESIAN_POINT('',(2.69657622661076,-0.541344,-0.000579356092664333));
#881=CARTESIAN_POINT('',(2.69656999994642,-0.541344,-0.000535023992255774));
#882=CARTESIAN_POINT('',(2.6965642666561,-0.541344,-0.000490620907688903));
#883=CARTESIAN_POINT('',(2.69655902756795,-0.541344,-0.000446155573149127));
#884=CARTESIAN_POINT('',(2.69655428351012,-0.541344,-0.000401636722821613));
#885=CARTESIAN_POINT('',(2.69655003531079,-0.541344,-0.000357073090891728));
#886=CARTESIAN_POINT('',(2.69654628379808,-0.541344,-0.000312473411544639));
#887=CARTESIAN_POINT('',(2.69654302980017,-0.541344,-0.000267846418965794));
#888=CARTESIAN_POINT('',(2.69654027414521,-0.541344,-0.00022320084734036));
#889=CARTESIAN_POINT('',(2.69653801766135,-0.541344,-0.000178545430853622));
#890=CARTESIAN_POINT('',(2.69653626117674,-0.541344,-0.000133888903690992));
#891=CARTESIAN_POINT('',(2.69653500551954,-0.541344,-8.92400000376326E-05));
#892=CARTESIAN_POINT('',(2.69653425151791,-0.541344,-4.46074540788729E-05));
#893=CARTESIAN_POINT('',(2.696534,-0.541344,0.));
#894=EDGE_CURVE('Edge_11',#759,#761,#762,.T.);
#895=CARTESIAN_POINT('',(3.05743,0.,0.));
#896=VERTEX_POINT('',#895);
#897=CARTESIAN_POINT('',(3.05743,-0.00409433428463814,0.));
#898=VERTEX_POINT('',#897);
#899=B_SPLINE_CURVE_WITH_KNOTS('Curve_12',1,(#900, #901, #902, #903, #904, #905, #906, #907, #908, #909, #910, #911, #912, #913, #914, #915, #916),.POLYLINE_FORM.,.F.,.F.,(2,1,1,1,1,1,1,1,1,1,1,1,1,1,1,1,2),(0.,1.,2.,3.,4.,5.,6.,7.,8.,9.,10.,11.,12.,13.,14.,15.,16.),.UNIFORM_KNOTS.);
#900=CARTESIAN_POINT('',(3.05743,0.,0.));
#901=CARTESIAN_POINT('',(3.05743,-0.000255895892789846,0.));
#902=CARTESIAN_POINT('',(3.05743,-0.000511791785579813,0.));
#903=CARTESIAN_POINT('',(3.05743,-0.00076768767836966,0.));
#904=CARTESIAN_POINT('',(3.05743,-0.00102358357115951,0.));
#905=CARTESIAN_POINT('',(3.05743,-0.00127947946394947,0.));
#906=CARTESIAN_POINT('',(3.05743,-0.00153537535673932,0.));
#907=CARTESIAN_POINT('',(3.05743,-0.00179127124952917,0.));
#908=CARTESIAN_POINT('',(3.05743,-0.00204716714231901,0.));
#909=CARTESIAN_POINT('',(3.05743,-0.00230306303510898,0.));
#910=CARTESIAN_POINT('',(3.05743,-0.00255895892789883,0.));
#911=CARTESIAN_POINT('',(3.05743,-0.00281485482068879,0.));
#912=CARTESIAN_POINT('',(3.05743,-0.00307075071347864,0.));
#913=CARTESIAN_POINT('',(3.05743,-0.00332664660626849,0.));
#914=CARTESIAN_POINT('',(3.05743,-0.00358254249905833,0.));
#915=CARTESIAN_POINT('',(3.05743,-0.00383843839184818,0.));
#916=CARTESIAN_POINT('',(3.05743,-0.00409433428463814,0.));
#917=EDGE_CURVE('Edge_12',#896,#898,#899,.T.);
#918=CARTESIAN_POINT('',(3.05743,0.541344,0.));
#919=VERTEX_POINT('',#918);
#920=CARTESIAN_POINT('',(2.696534,0.541344,0.));
#921=VERTEX_POINT('',#920);
#922=B_SPLINE_CURVE_WITH_KNOTS('Curve_13',1,(#923, #924, #925, #926, #927, #928, #929, #930, #931, #932, #933, #934, #935, #936, #937, #938, #939),.POLYLINE_FORM.,.F.,.F.,(2,1,1,1,1,1,1,1,1,1,1,1,1,1,1,1,2),(0.,1.,2.,3.,4.,5.,6.,7.,8.,9.,10.,11.,12.,13.,14.,15.,16.),.UNIFORM_KNOTS.);
#923=CARTESIAN_POINT('',(3.05743,0.541344,0.));
#924=CARTESIAN_POINT('',(3.03468929188306,0.541344,8.1735291278251E-17));
#925=CARTESIAN_POINT('',(3.01193095018485,0.541344,1.34441069388203E-17));
#926=CARTESIAN_POINT('',(2.98915693139211,0.541344,3.84891771232354E-18));
#927=CARTESIAN_POINT('',(2.96636816989404,0.541344,9.54097911787244E-18));
#928=CARTESIAN_POINT('',(2.94356517694214,0.541344,7.80625564189563E-18));
#929=CARTESIAN_POINT('',(2.92074786141567,0.541344,5.20417042793042E-18));
#930=CARTESIAN_POINT('',(2.89791594900543,0.541344,9.54097911787244E-18));
#931=CARTESIAN_POINT('',(2.87506921841979,0.541344,3.46944695195361E-18));
#932=CARTESIAN_POINT('',(2.85220783794611,0.541344,5.20417042793042E-18));
#933=CARTESIAN_POINT('',(2.82933325857551,0.541344,0.));
#934=CARTESIAN_POINT('',(2.80644945305015,0.541344,1.73472347597681E-18));
#935=CARTESIAN_POINT('',(2.78356547261258,0.541344,0.));
#936=CARTESIAN_POINT('',(2.76070185950095,0.541344,-8.67361737988404E-18));
#937=CARTESIAN_POINT('',(2.73790958301665,0.541344,-6.07153216591882E-18));
#938=CARTESIAN_POINT('',(2.71536722599672,0.541344,-2.42861286636753E-17));
#939=CARTESIAN_POINT('',(2.696534,0.541344,0.));
#940=EDGE_CURVE('Edge_13',#919,#921,#922,.T.);
#941=CARTESIAN_POINT('',(3.05743,0.,0.));
#942=VERTEX_POINT('',#941);
#943=CARTESIAN_POINT('',(2.70005035341401,0.,0.00609050277042631));
#944=VERTEX_POINT('',#943);
#945=B_SPLINE_CURVE_WITH_KNOTS('Curve_14',1,(#946, #947, #948, #949, #950, #951, #952, #953, #954, #955, #956, #957, #958, #959, #960, #961, #962, #963, #964, #965, #966, #967, #968, #969, #970, #971, #972, #973, #974, #975, #976, #977, #978, #979, #980, #981, #982, #983, #984, #985, #986, #987, #988, #989, #990, #991, #992, #993, #994, #995, #996, #997, #998, #999, #1000, #1001, #1002, #1003, #1004, #1005, #1006),.POLYLINE_FORM.,.F.,.F.,(2,1,1,1,1,1,1,1,1,1,1,1,1,1,1,1,1,1,1,1,1,1,1,1,1,1,1,1,1,1,1,1,1,1,1,1,1,1,1,1,1,1,1,1,1,1,1,1,1,1,1,1,1,1,1,1,1,1,1,1,2),(0.,1.,2.,3.,4.,5.,6.,7.,8.,9.,10.,11.,12.,13.,14.,15.,16.,17.,18.,19.,20.,21.,22.,23.,24.,25.,26.,27.,28.,29.,30.,31.,32.,33.,34.,35.,36.,37.,38.,39.,40.,41.,42.,43.,44.,45.,46.,47.,48.,49.,50.,51.,52.,53.,54.,55.,56.,57.,58.,59.,60.),.UNIFORM_KNOTS.);
#946=CARTESIAN_POINT('',(3.05743,0.,0.));
#947=CARTESIAN_POINT('',(3.03463724053979,0.,0.00309588496957681));
#948=CARTESIAN_POINT('',(3.01181910449828,0.,0.00599912718552103));
#949=CARTESIAN_POINT('',(2.98897838119393,0.,0.00871889961827748));
#950=CARTESIAN_POINT('',(2.96611639095926,0.,0.0112536634079999));
#951=CARTESIAN_POINT('',(2.94323382798871,0.,0.0135954174446891));
#952=CARTESIAN_POINT('',(2.92033057743659,0.,0.0157251535361345));
#953=CARTESIAN_POINT('',(2.89740619244643,0.,0.0176136817043927));
#954=CARTESIAN_POINT('',(2.87446027752676,0.,0.0192190974307411));
#955=CARTESIAN_POINT('',(2.85149315572417,0.,0.0204843442045037));
#956=CARTESIAN_POINT('',(2.82850698074004,0.,0.0213325568780018));
#957=CARTESIAN_POINT('',(2.81700838190052,0.,0.0215690072087325));
#958=CARTESIAN_POINT('',(2.80550769328764,0.,0.0216595382674935));
#959=CARTESIAN_POINT('',(2.79400689105402,0.,0.0215842041133137));
#960=CARTESIAN_POINT('',(2.78250901839257,0.,0.0213178654711464));
#961=CARTESIAN_POINT('',(2.77676242825433,0.,0.0211039566145099));
#962=CARTESIAN_POINT('',(2.77101835146178,0.,0.0208304594601477));
#963=CARTESIAN_POINT('',(2.76527784402578,0.,0.0204915085407828));
#964=CARTESIAN_POINT('',(2.75954196195715,0.,0.0200812383891383));
#965=CARTESIAN_POINT('',(2.75381227813978,0.,0.0195918220473872));
#966=CARTESIAN_POINT('',(2.7480908574174,0.,0.0190140597520821));
#967=CARTESIAN_POINT('',(2.74238032978113,0.,0.0183369512683194));
#968=CARTESIAN_POINT('',(2.73668448374081,0.,0.0175459296514853));
#969=CARTESIAN_POINT('',(2.73429238953443,0.,0.0171743647015489));
#970=CARTESIAN_POINT('',(2.73190437017248,0.,0.0167775165387153));
#971=CARTESIAN_POINT('',(2.72952094331652,0.,0.0163537193212493));
#972=CARTESIAN_POINT('',(2.72714290217351,0.,0.0159005967818817));
#973=CARTESIAN_POINT('',(2.72477132790889,0.,0.0154150298494363));
#974=CARTESIAN_POINT('',(2.72240720650678,0.,0.0148942220575878));
#975=CARTESIAN_POINT('',(2.7200520941012,0.,0.0143342106751792));
#976=CARTESIAN_POINT('',(2.71770778198676,0.,0.0137304938552567));
#977=CARTESIAN_POINT('',(2.71654046916579,0.,0.013410416176862));
#978=CARTESIAN_POINT('',(2.71537690194326,0.,0.0130770629136306));
#979=CARTESIAN_POINT('',(2.71421746849907,0.,0.012729586154997));
#980=CARTESIAN_POINT('',(2.7130625798273,0.,0.0123670869461362));
#981=CARTESIAN_POINT('',(2.71191296349183,0.,0.0119881928037033));
#982=CARTESIAN_POINT('',(2.71076948386455,0.,0.0115913439291701));
#983=CARTESIAN_POINT('',(2.70963300531822,0.,0.0111749805229561));
#984=CARTESIAN_POINT('',(2.70850441547461,0.,0.0107375096901546));
#985=CARTESIAN_POINT('',(2.70794355098449,0.,0.0105100946016691));
#986=CARTESIAN_POINT('',(2.7073852807563,0.,0.010276431867785));
#987=CARTESIAN_POINT('',(2.70682979588444,0.,0.0100362371370863));
#988=CARTESIAN_POINT('',(2.70627728746332,0.,0.00978922605815678));
#989=CARTESIAN_POINT('',(2.70572804776996,0.,0.00953498461487349));
#990=CARTESIAN_POINT('',(2.70518252940964,0.,0.00927291356518193));
#991=CARTESIAN_POINT('',(2.70464096004473,0.,0.00900271929159047));
#992=CARTESIAN_POINT('',(2.70410384824737,0.,0.00872376174905696));
#993=CARTESIAN_POINT('',(2.70357188526209,0.,0.00843525203365862));
#994=CARTESIAN_POINT('',(2.70304544347688,0.,0.00813673269452104));
#995=CARTESIAN_POINT('',(2.7027844377508,0.,0.00798357088225745));
#996=CARTESIAN_POINT('',(2.70252506995366,0.,0.00782765396378989));
#997=CARTESIAN_POINT('',(2.7022674609617,0.,0.0076688666689472));
#998=CARTESIAN_POINT('',(2.70201173165115,0.,0.0075070937275582));
#999=CARTESIAN_POINT('',(2.70175800289823,0.,0.00734221986945183));
#1000=CARTESIAN_POINT('',(2.70150639557916,0.,0.00717412982445693));
#1001=CARTESIAN_POINT('',(2.70125703057016,0.,0.00700270832240231));
#1002=CARTESIAN_POINT('',(2.70101004333413,0.,0.00682783069198029));
#1003=CARTESIAN_POINT('',(2.70076567865049,0.,0.00664931210483667));
#1004=CARTESIAN_POINT('',(2.70052414567917,0.,0.00646700750941258));
#1005=CARTESIAN_POINT('',(2.7002856390553,0.,0.00628078252488388));
#1006=CARTESIAN_POINT('',(2.70005035341401,0.,0.00609050277042631));
#1007=EDGE_CURVE('Edge_14',#942,#944,#945,.T.);
#1008=CARTESIAN_POINT('',(2.696534,0.541344,0.));
#1009=VERTEX_POINT('',#1008);
#1010=CARTESIAN_POINT('',(3.05743,0.541344,0.));
#1011=VERTEX_POINT('',#1010);
#1012=B_SPLINE_CURVE_WITH_KNOTS('Curve_15',1,(#1013, #1014, #1015, #1016, #1017, #1018, #1019, #1020, #1021, #1022, #1023, #1024, #1025, #1026, #1027, #1028, #1029, #1030, #1031, #1032, #1033, #1034, #1035, #1036, #1037, #1038, #1039, #1040, #1041, #1042, #1043, #1044, #1045, #1046, #1047, #1048, #1049, #1050, #1051, #1052, #1053, #1054, #1055, #1056, #1057, #1058, #1059, #1060, #1061, #1062, #1063, #1064, #1065, #1066, #1067, #1068, #1069, #1070, #1071, #1072, #1073, #1074, #1075, #1076, #1077, #1078, #1079, #1080, #1081, #1082, #1083, #1084, #1085, #1086, #1087, #1088, #1089, #1090, #1091, #1092, #1093, #1094, #1095, #1096, #1097, #1098, #1099, #1100, #1101, #1102, #1103, #1104, #1105, #1106, #1107, #1108, #1109, #1110, #1111, #1112, #1113, #1114, #1115, #1116, #1117, #1118, #1119, #1120, #1121, #1122, #1123, #1124, #1125, #1126, #1127, #1128, #1129, #1130, #1131, #1132, #1133, #1134, #1135, #1136, #1137, #1138, #1139, #1140, #1141, #1142, #1143),.POLYLINE_FORM.,.F.,.F.,(2,1,1,1,1,1,1,1,1,1,1,1,1,1,1,1,1,1,1,1,1,1,1,1,1,1,1,1,1,1,1,1,1,1,1,1,1,1,1,1,1,1,1,1,1,1,1,1,1,1,1,1,1,1,1,1,1,1,1,1,1,1,1,1,1,1,1,1,1,1,1,1,1,1,1,1,1,1,1,1,1,1,1,1,1,1,1,1,1,1,1,1,1,1,1,1,1,1,1,1,1,1,1,1,1,1,1,1,1,1,1,1,1,1,1,1,1,1,1,1,1,1,1,1,1,1,1,1,1,1,2),(0.,1.,2.,3.,4.,5.,6.,7.,8.,9.,10.,11.,12.,13.,14.,15.,16.,17.,18.,19.,20.,21.,22.,23.,24.,25.,26.,27.,28.,29.,30.,31.,32.,33.,34.,35.,36.,37.,38.,39.,40.,41.,42.,43.,44.,45.,46.,47.,48.,49.,50.,51.,52.,53.,54.,55.,56.,57.,58.,59.,60.,61.,62.,63.,64.,65.,66.,67.,68.,69.,70.,71.,72.,73.,74.,75.,76.,77.,78.,79.,80.,81.,82.,83.,84.,85.,86.,87.,88.,89.,90.,91.,92.,93.,94.,95.,96.,97.,98.,99.,100.,101.,102.,103.,104.,105.,106.,107.,108.,109.,110.,111.,112.,113.,114.,115.,116.,117.,118.,119.,120.,121.,122.,123.,124.,125.,126.,127.,128.,129.,130.),.UNIFORM_KNOTS.);
#1013=CARTESIAN_POINT('',(2.696534,0.541344,0.));
#1014=CARTESIAN_POINT('',(2.69653425151791,0.541344,4.46074540789139E-05));
#1015=CARTESIAN_POINT('',(2.69653500551954,0.541344,8.92400000376334E-05));
#1016=CARTESIAN_POINT('',(2.69653626117674,0.541344,0.000133888903690953));
#1017=CARTESIAN_POINT('',(2.69653801766135,0.541344,0.000178545430853666));
#1018=CARTESIAN_POINT('',(2.69654027414521,0.541344,0.000223200847340322));
#1019=CARTESIAN_POINT('',(2.69654302980017,0.541344,0.000267846418965798));
#1020=CARTESIAN_POINT('',(2.69654628379808,0.541344,0.000312473411544642));
#1021=CARTESIAN_POINT('',(2.69655003531079,0.541344,0.000357073090891731));
#1022=CARTESIAN_POINT('',(2.69655428351013,0.541344,0.000401636722821614));
#1023=CARTESIAN_POINT('',(2.69655902756795,0.541344,0.000446155573149166));
#1024=CARTESIAN_POINT('',(2.6965642666561,0.541344,0.000490620907688938));
#1025=CARTESIAN_POINT('',(2.69656999994642,0.541344,0.000535023992255722));
#1026=CARTESIAN_POINT('',(2.69657622661076,0.541344,0.000579356092664315));
#1027=CARTESIAN_POINT('',(2.69658294582097,0.541344,0.000623608474729264));
#1028=CARTESIAN_POINT('',(2.69659015674889,0.541344,0.000667772404265446));
#1029=CARTESIAN_POINT('',(2.69659785856636,0.541344,0.000711839147087411));
#1030=CARTESIAN_POINT('',(2.6966060481121,0.541344,0.000755806463932502));
#1031=CARTESIAN_POINT('',(2.69661471997946,0.541344,0.000799675492276677));
#1032=CARTESIAN_POINT('',(2.6966238699722,0.541344,0.000843442563043136));
#1033=CARTESIAN_POINT('',(2.69663349389412,0.541344,0.000887104007155079));
#1034=CARTESIAN_POINT('',(2.696643587549,0.541344,0.000930656155535463));
#1035=CARTESIAN_POINT('',(2.6966541467406,0.541344,0.000974095339107567));
#1036=CARTESIAN_POINT('',(2.69666516727273,0.541344,0.00101741788879435));
#1037=CARTESIAN_POINT('',(2.69667664494914,0.541344,0.0010606201355191));
#1038=CARTESIAN_POINT('',(2.69668857557364,0.541344,0.00110369841020476));
#1039=CARTESIAN_POINT('',(2.69670095494999,0.541344,0.00114664904377461));
#1040=CARTESIAN_POINT('',(2.69671377888197,0.541344,0.00118946836715163));
#1041=CARTESIAN_POINT('',(2.69672704317338,0.541344,0.001232152711259));
#1042=CARTESIAN_POINT('',(2.69674074362798,0.541344,0.00127469840701992));
#1043=CARTESIAN_POINT('',(2.69675487604956,0.541344,0.00131710178535743));
#1044=CARTESIAN_POINT('',(2.69676943624189,0.541344,0.00135935917719458));
#1045=CARTESIAN_POINT('',(2.69678442000877,0.541344,0.00140146691345464));
#1046=CARTESIAN_POINT('',(2.69681563800397,0.541344,0.00148520808592389));
#1047=CARTESIAN_POINT('',(2.69684848722068,0.541344,0.0015683002300927));
#1048=CARTESIAN_POINT('',(2.69688292543804,0.541344,0.00165073639877708));
#1049=CARTESIAN_POINT('',(2.69691891043519,0.541344,0.00173250964479313));
#1050=CARTESIAN_POINT('',(2.69695639999125,0.541344,0.00181361302095692));
#1051=CARTESIAN_POINT('',(2.69699535188536,0.541344,0.00189403958008454));
#1052=CARTESIAN_POINT('',(2.69703572389666,0.541344,0.00197378237499209));
#1053=CARTESIAN_POINT('',(2.69707747380427,0.541344,0.00205283445849557));
#1054=CARTESIAN_POINT('',(2.69712055938733,0.541344,0.00213118888341122));
#1055=CARTESIAN_POINT('',(2.69716493842497,0.541344,0.00220883870255505));
#1056=CARTESIAN_POINT('',(2.69721056869633,0.541344,0.00228577696874315));
#1057=CARTESIAN_POINT('',(2.69725740798053,0.541344,0.0023619967347916));
#1058=CARTESIAN_POINT('',(2.69730541405672,0.541344,0.00243749105351649));
#1059=CARTESIAN_POINT('',(2.69735454470402,0.541344,0.00251225297773391));
#1060=CARTESIAN_POINT('',(2.69740475770157,0.541344,0.00258627556025995));
#1061=CARTESIAN_POINT('',(2.6974560108285,0.541344,0.00265955185391069));
#1062=CARTESIAN_POINT('',(2.69750825881998,0.541344,0.00273209089261678));
#1063=CARTESIAN_POINT('',(2.69756146688254,0.541344,0.00280391156854563));
#1064=CARTESIAN_POINT('',(2.69761560850232,0.541344,0.00287502172186841));
#1065=CARTESIAN_POINT('',(2.6976706571655,0.541344,0.00294542919275649));
#1066=CARTESIAN_POINT('',(2.69772658635822,0.541344,0.00301514182138106));
#1067=CARTESIAN_POINT('',(2.69778336956664,0.541344,0.00308416744791336));
#1068=CARTESIAN_POINT('',(2.69784098027693,0.541344,0.00315251391252461));
#1069=CARTESIAN_POINT('',(2.69789939197523,0.541344,0.00322018905538608));
#1070=CARTESIAN_POINT('',(2.69795857814771,0.541344,0.00328720071666899));
#1071=CARTESIAN_POINT('',(2.69801851228052,0.541344,0.00335355673654459));
#1072=CARTESIAN_POINT('',(2.69807916785982,0.541344,0.00341926495518406));
#1073=CARTESIAN_POINT('',(2.69814051837177,0.541344,0.00348433321275876));
#1074=CARTESIAN_POINT('',(2.69826519813824,0.541344,0.00361258120539863));
#1075=CARTESIAN_POINT('',(2.69839233946919,0.541344,0.00373836343583408));
#1076=CARTESIAN_POINT('',(2.69852174456377,0.541344,0.00386176187297534));
#1077=CARTESIAN_POINT('',(2.69865327883302,0.541344,0.00398286468094665));
#1078=CARTESIAN_POINT('',(2.69878682498407,0.541344,0.00410174387393884));
#1079=CARTESIAN_POINT('',(2.69892226572405,0.541344,0.00421847146614291));
#1080=CARTESIAN_POINT('',(2.69905948376006,0.541344,0.00433311947174969));
#1081=CARTESIAN_POINT('',(2.69919836179924,0.541344,0.00444575990495009));
#1082=CARTESIAN_POINT('',(2.6993387825487,0.541344,0.00455646477993493));
#1083=CARTESIAN_POINT('',(2.69948062871556,0.541344,0.00466530611089522));
#1084=CARTESIAN_POINT('',(2.69962383046423,0.541344,0.00477233145388292));
#1085=CARTESIAN_POINT('',(2.69976835172094,0.541344,0.00487757728666519));
#1086=CARTESIAN_POINT('',(2.69991412583555,0.541344,0.00498109900600558));
#1087=CARTESIAN_POINT('',(2.70006108615792,0.541344,0.00508295200866765));
#1088=CARTESIAN_POINT('',(2.70020916603791,0.541344,0.00518319169141491));
#1089=CARTESIAN_POINT('',(2.7003582988254,0.541344,0.00528187345101099));
#1090=CARTESIAN_POINT('',(2.70050841787024,0.541344,0.00537905268421942));
#1091=CARTESIAN_POINT('',(2.7006594565223,0.541344,0.00547478478780371));
#1092=CARTESIAN_POINT('',(2.7009640721416,0.541344,0.00566211774025772));
#1093=CARTESIAN_POINT('',(2.70127184402525,0.541344,0.00584419201957468));
#1094=CARTESIAN_POINT('',(2.70158251714555,0.541344,0.00602128278484775));
#1095=CARTESIAN_POINT('',(2.7018958364748,0.541344,0.00619366519517022));
#1096=CARTESIAN_POINT('',(2.70221153320385,0.541344,0.00636162320157169));
#1097=CARTESIAN_POINT('',(2.70252941011001,0.541344,0.00652538881540864));
#1098=CARTESIAN_POINT('',(2.70284931954532,0.541344,0.00668515928626465));
#1099=CARTESIAN_POINT('',(2.70317111386181,0.541344,0.00684113186372318));
#1100=CARTESIAN_POINT('',(2.70381976654645,0.541344,0.00714247233678169));
#1101=CARTESIAN_POINT('',(2.70447418698018,0.541344,0.00743098823125229));
#1102=CARTESIAN_POINT('',(2.70513367703076,0.541344,0.00770764425555818));
#1103=CARTESIAN_POINT('',(2.70579777184168,0.541344,0.00797319645227432));
#1104=CARTESIAN_POINT('',(2.70646571939756,0.541344,0.00822884020098769));
#1105=CARTESIAN_POINT('',(2.70713716295806,0.541344,0.00847518493632674));
#1106=CARTESIAN_POINT('',(2.70781169263851,0.541344,0.0087129468086812));
#1107=CARTESIAN_POINT('',(2.7084889232486,0.541344,0.00894284154895376));
#1108=CARTESIAN_POINT('',(2.70916865347225,0.541344,0.00916525460837202));
#1109=CARTESIAN_POINT('',(2.70985068199337,0.541344,0.00938057143816358));
#1110=CARTESIAN_POINT('',(2.71122071390629,0.541344,0.00979178197787745));
#1111=CARTESIAN_POINT('',(2.71259738887488,0.541344,0.010180000814849));
#1112=CARTESIAN_POINT('',(2.71397976258899,0.541344,0.0105473354515637));
#1113=CARTESIAN_POINT('',(2.71536722599672,0.541344,0.0108952430021764));
#1114=CARTESIAN_POINT('',(2.71675885027846,0.541344,0.0112259951821926));
#1115=CARTESIAN_POINT('',(2.7181541027127,0.541344,0.0115410233081047));
#1116=CARTESIAN_POINT('',(2.71955261256564,0.541344,0.0118413552179672));
#1117=CARTESIAN_POINT('',(2.72095400910346,0.541344,0.012128018749834));
#1118=CARTESIAN_POINT('',(2.72376393353109,0.541344,0.0126648146915332));
#1119=CARTESIAN_POINT('',(2.72658199063492,0.541344,0.0131572654317384));
#1120=CARTESIAN_POINT('',(2.72940664463936,0.541344,0.0136104417261819));
#1121=CARTESIAN_POINT('',(2.73223662067909,0.541344,0.0140288092773519));
#1122=CARTESIAN_POINT('',(2.73507124105632,0.541344,0.014414870063971));
#1123=CARTESIAN_POINT('',(2.73790958301665,0.541344,0.0147722046377284));
#1124=CARTESIAN_POINT('',(2.74359560495333,0.541344,0.0154082795743459));
#1125=CARTESIAN_POINT('',(2.74929114532721,0.541344,0.0159525848462934));
#1126=CARTESIAN_POINT('',(2.75499378898849,0.541344,0.0164164361383251));
#1127=CARTESIAN_POINT('',(2.76070185950095,0.541344,0.0168085838227929));
#1128=CARTESIAN_POINT('',(2.77212900831519,0.541344,0.0174070695088768));
#1129=CARTESIAN_POINT('',(2.78356547261258,0.541344,0.0177926793029771));
#1130=CARTESIAN_POINT('',(2.79500657501317,0.541344,0.017998220983866));
#1131=CARTESIAN_POINT('',(2.80644945305015,0.541344,0.0180483467096449));
#1132=CARTESIAN_POINT('',(2.81789211234165,0.541344,0.0179631193263369));
#1133=CARTESIAN_POINT('',(2.82933325857551,0.541344,0.0177587129389963));
#1134=CARTESIAN_POINT('',(2.85220783794611,0.541344,0.0170423285709915));
#1135=CARTESIAN_POINT('',(2.87506921841979,0.541344,0.0159838220717674));
#1136=CARTESIAN_POINT('',(2.89791594900543,0.541344,0.0146457914470849));
#1137=CARTESIAN_POINT('',(2.92074786141567,0.541344,0.0130736789872291));
#1138=CARTESIAN_POINT('',(2.94356517694214,0.541344,0.011302816204857));
#1139=CARTESIAN_POINT('',(2.96636816989404,0.541344,0.0093556526423402));
#1140=CARTESIAN_POINT('',(2.98915693139211,0.541344,0.00724863241445418));
#1141=CARTESIAN_POINT('',(3.01193095018485,0.541344,0.00498779528609506));
#1142=CARTESIAN_POINT('',(3.03468929188306,0.541344,0.00257420168708826));
#1143=CARTESIAN_POINT('',(3.05743,0.541344,0.));
#1144=EDGE_CURVE('Edge_15',#1009,#1011,#1012,.T.);
#1145=CARTESIAN_POINT('',(2.696534,0.,0.));
#1146=VERTEX_POINT('',#1145);
#1147=CARTESIAN_POINT('',(3.05743,0.,-8.90664265011483E-20));
#1148=VERTEX_POINT('',#1147);
#1149=B_SPLINE_CURVE_WITH_KNOTS('Curve_16',1,(#1150, #1151, #1152, #1153, #1154, #1155, #1156, #1157, #1158, #1159, #1160, #1161, #1162, #1163, #1164, #1165, #1166, #1167, #1168, #1169, #1170, #1171, #1172, #1173, #1174, #1175, #1176, #1177, #1178, #1179, #1180, #1181, #1182, #1183, #1184, #1185, #1186, #1187, #1188, #1189, #1190, #1191, #1192, #1193, #1194, #1195, #1196, #1197, #1198, #1199, #1200, #1201, #1202, #1203, #1204, #1205, #1206, #1207, #1208, #1209, #1210, #1211, #1212, #1213, #1214, #1215, #1216, #1217, #1218, #1219, #1220, #1221, #1222, #1223, #1224, #1225, #1226, #1227, #1228, #1229, #1230, #1231, #1232, #1233, #1234, #1235, #1236, #1237, #1238, #1239, #1240, #1241, #1242, #1243, #1244, #1245, #1246, #1247, #1248, #1249, #1250, #1251, #1252, #1253, #1254, #1255, #1256, #1257, #1258, #1259, #1260, #1261, #1262, #1263, #1264, #1265, #1266, #1267, #1268, #1269, #1270, #1271, #1272, #1273, #1274),.POLYLINE_FORM.,.F.,.F.,(2,1,1,1,1,1,1,1,1,1,1,1,1,1,1,1,1,1,1,1,1,1,1,1,1,1,1,1,1,1,1,1,1,1,1,1,1,1,1,1,1,1,1,1,1,1,1,1,1,1,1,1,1,1,1,1,1,1,1,1,1,1,1,1,1,1,1,1,1,1,1,1,1,1,1,1,1,1,1,1,1,1,1,1,1,1,1,1,1,1,1,1,1,1,1,1,1,1,1,1,1,1,1,1,1,1,1,1,1,1,1,1,1,1,1,1,1,1,1,1,1,1,1,1,2),(0.,1.,2.,3.,4.,5.,6.,7.,8.,9.,10.,11.,12.,13.,14.,15.,16.,17.,18.,19.,20.,21.,22.,23.,24.,25.,26.,27.,28.,29.,30.,31.,32.,33.,34.,35.,36.,37.,38.,39.,40.,41.,42.,43.,44.,45.,46.,47.,48.,49.,50.,51.,52.,53.,54.,55.,56.,57.,58.,59.,60.,61.,62.,63.,64.,65.,66.,67.,68.,69.,70.,71.,72.,73.,74.,75.,76.,77.,78.,79.,80.,81.,82.,83.,84.,85.,86.,87.,88.,89.,90.,91.,92.,93.,94.,95.,96.,97.,98.,99.,100.,101.,102.,103.,104.,105.,106.,107.,108.,109.,110.,111.,112.,113.,114.,115.,116.,117.,118.,119.,120.,121.,122.,123.,124.),.UNIFORM_KNOTS.);
#1150=CARTESIAN_POINT('',(2.696534,0.,0.));
#1151=CARTESIAN_POINT('',(2.69653470295643,0.,-8.97497452580818E-05));
#1152=CARTESIAN_POINT('',(2.6965368113584,0.,-0.000179564380920332));
#1153=CARTESIAN_POINT('',(2.69654032450491,0.,-0.000269398771660319));
#1154=CARTESIAN_POINT('',(2.69654524169496,0.,-0.000359207782151364));
#1155=CARTESIAN_POINT('',(2.69655156222755,0.,-0.000448946277066912));
#1156=CARTESIAN_POINT('',(2.6965592854017,0.,-0.000538569121080492));
#1157=CARTESIAN_POINT('',(2.69656841051641,0.,-0.000628031178865465));
#1158=CARTESIAN_POINT('',(2.69657893687067,0.,-0.000717287315095357));
#1159=CARTESIAN_POINT('',(2.69659086373732,0.,-0.00080633970944568));
#1160=CARTESIAN_POINT('',(2.69660418300526,0.,-0.000895205306737213));
#1161=CARTESIAN_POINT('',(2.69661888289766,0.,-0.000983861119361616));
#1162=CARTESIAN_POINT('',(2.69663495163766,0.,-0.00107228415971038));
#1163=CARTESIAN_POINT('',(2.69665237744841,0.,-0.00116045144017501));
#1164=CARTESIAN_POINT('',(2.69667114855307,0.,-0.00124833997314712));
#1165=CARTESIAN_POINT('',(2.69669125317478,0.,-0.0013359267710182));
#1166=CARTESIAN_POINT('',(2.6967126795367,0.,-0.00142318884617979));
#1167=CARTESIAN_POINT('',(2.69673542185931,0.,-0.00151010569005125));
#1168=CARTESIAN_POINT('',(2.69675946846176,0.,-0.00159666471137326));
#1169=CARTESIAN_POINT('',(2.69678479871521,0.,-0.00168285479851951));
#1170=CARTESIAN_POINT('',(2.69681139199079,0.,-0.00176866483986352));
#1171=CARTESIAN_POINT('',(2.69683922765966,0.,-0.0018540837237789));
#1172=CARTESIAN_POINT('',(2.69686828509296,0.,-0.00193910033863922));
#1173=CARTESIAN_POINT('',(2.69689854366185,0.,-0.00202370357281804));
#1174=CARTESIAN_POINT('',(2.69692998273746,0.,-0.00210788231468903));
#1175=CARTESIAN_POINT('',(2.69696258169096,0.,-0.00219162545262574));
#1176=CARTESIAN_POINT('',(2.69699631989347,0.,-0.0022749218750017));
#1177=CARTESIAN_POINT('',(2.69703117671617,0.,-0.00235776047019063));
#1178=CARTESIAN_POINT('',(2.69706713153019,0.,-0.00244013012656597));
#1179=CARTESIAN_POINT('',(2.69710416370667,0.,-0.00252201973250141));
#1180=CARTESIAN_POINT('',(2.69714225261678,0.,-0.0026034181763705));
#1181=CARTESIAN_POINT('',(2.69718137763165,0.,-0.0026843143465468));
#1182=CARTESIAN_POINT('',(2.69722151812244,0.,-0.00276469713140397));
#1183=CARTESIAN_POINT('',(2.6972626549138,0.,-0.0028445619010193));
#1184=CARTESIAN_POINT('',(2.69730476898175,0.,-0.00292391114673254));
#1185=CARTESIAN_POINT('',(2.69734783992451,0.,-0.00300274443881123));
#1186=CARTESIAN_POINT('',(2.69739184734027,0.,-0.00308106134752273));
#1187=CARTESIAN_POINT('',(2.69743677082726,0.,-0.00315886144313456));
#1188=CARTESIAN_POINT('',(2.69748258998366,0.,-0.0032361442959141));
#1189=CARTESIAN_POINT('',(2.6975292844077,0.,-0.00331290947612879));
#1190=CARTESIAN_POINT('',(2.69757683369756,0.,-0.00338915655404606));
#1191=CARTESIAN_POINT('',(2.69762521745147,0.,-0.00346488509993335));
#1192=CARTESIAN_POINT('',(2.69767441526763,0.,-0.00354009468405805));
#1193=CARTESIAN_POINT('',(2.69772440674425,0.,-0.00361478487668768));
#1194=CARTESIAN_POINT('',(2.69777517147952,0.,-0.00368895524808958));
#1195=CARTESIAN_POINT('',(2.69787893911889,0.,-0.00383573480828018));
#1196=CARTESIAN_POINT('',(2.69798555497137,0.,-0.00398042992676919));
#1197=CARTESIAN_POINT('',(2.69809486608841,0.,-0.00412305668543762));
#1198=CARTESIAN_POINT('',(2.69820675647028,0.,-0.00426365359781447));
#1199=CARTESIAN_POINT('',(2.69832111832593,0.,-0.00440225087351106));
#1200=CARTESIAN_POINT('',(2.69843784386429,0.,-0.00453887872213887));
#1201=CARTESIAN_POINT('',(2.69855682529428,0.,-0.00467356735330939));
#1202=CARTESIAN_POINT('',(2.69867795482485,0.,-0.00480634697663401));
#1203=CARTESIAN_POINT('',(2.69880112466493,0.,-0.00493724780172413));
#1204=CARTESIAN_POINT('',(2.69892622702345,0.,-0.00506630003819126));
#1205=CARTESIAN_POINT('',(2.69905313889473,0.,-0.0051935506290792));
#1206=CARTESIAN_POINT('',(2.69918176526197,0.,-0.00531904876252372));
#1207=CARTESIAN_POINT('',(2.69931204031749,0.,-0.00544282801577401));
#1208=CARTESIAN_POINT('',(2.69944389825359,0.,-0.00556492196607926));
#1209=CARTESIAN_POINT('',(2.69957727326257,0.,-0.00568536419068871));
#1210=CARTESIAN_POINT('',(2.69971209953673,0.,-0.00580418826685161));
#1211=CARTESIAN_POINT('',(2.69984831126838,0.,-0.00592142777181715));
#1212=CARTESIAN_POINT('',(2.69998584264982,0.,-0.00603711628283452));
#1213=CARTESIAN_POINT('',(2.70012461694334,0.,-0.00615129989586333));
#1214=CARTESIAN_POINT('',(2.70026457410539,0.,-0.00626402108615118));
#1215=CARTESIAN_POINT('',(2.70040567336946,0.,-0.0063753079998795));
#1216=CARTESIAN_POINT('',(2.70054787396906,0.,-0.00648518878322962));
#1217=CARTESIAN_POINT('',(2.70083541610884,0.,-0.00670084454352063));
#1218=CARTESIAN_POINT('',(2.70112687439277,0.,-0.00691121353647521));
#1219=CARTESIAN_POINT('',(2.70142186003067,0.,-0.00711657242372533));
#1220=CARTESIAN_POINT('',(2.70172006662632,0.,-0.00731717651894013));
#1221=CARTESIAN_POINT('',(2.70202129163867,0.,-0.00751321896962631));
#1222=CARTESIAN_POINT('',(2.70232533252666,0.,-0.00770489292329043));
#1223=CARTESIAN_POINT('',(2.70263198674925,0.,-0.00789239152743911));
#1224=CARTESIAN_POINT('',(2.7029410517654,0.,-0.00807590792957898));
#1225=CARTESIAN_POINT('',(2.70325232503404,0.,-0.00825563527721665));
#1226=CARTESIAN_POINT('',(2.70356560401413,0.,-0.00843176671785874));
#1227=CARTESIAN_POINT('',(2.70388082380565,0.,-0.00860437106240463));
#1228=CARTESIAN_POINT('',(2.70419795966883,0.,-0.0087734944644298));
#1229=CARTESIAN_POINT('',(2.70451686930303,0.,-0.00893929608545477));
#1230=CARTESIAN_POINT('',(2.70483741040762,0.,-0.00910193508700009));
#1231=CARTESIAN_POINT('',(2.70548283861201,0.,-0.0094183976675935));
#1232=CARTESIAN_POINT('',(2.70613366134747,0.,-0.00972362905285636));
#1233=CARTESIAN_POINT('',(2.70678928531761,0.,-0.0100184066041777));
#1234=CARTESIAN_POINT('',(2.70744912801278,0.,-0.0103035386976981));
#1235=CARTESIAN_POINT('',(2.70811286923383,0.,-0.0105795017946433));
#1236=CARTESIAN_POINT('',(2.70878018878162,0.,-0.0108467723562389));
#1237=CARTESIAN_POINT('',(2.70945066267667,0.,-0.0111059859555913));
#1238=CARTESIAN_POINT('',(2.71012395970981,0.,-0.0113576783259152));
#1239=CARTESIAN_POINT('',(2.7107998988374,0.,-0.0116021761685992));
#1240=CARTESIAN_POINT('',(2.71147829901581,0.,-0.0118398061850321));
#1241=CARTESIAN_POINT('',(2.71284175835056,0.,-0.0122957695446989));
#1242=CARTESIAN_POINT('',(2.714212889365,0.,-0.0127281820160244));
#1243=CARTESIAN_POINT('',(2.71559045577558,0.,-0.0131393642662433));
#1244=CARTESIAN_POINT('',(2.71697375324013,0.,-0.0135308417317745));
#1245=CARTESIAN_POINT('',(2.71836213132166,0.,-0.0139040351775042));
#1246=CARTESIAN_POINT('',(2.71975493958317,0.,-0.0142603653683184));
#1247=CARTESIAN_POINT('',(2.7225517992734,0.,-0.0149272115233601));
#1248=CARTESIAN_POINT('',(2.72536121876065,0.,-0.0155391279866888));
#1249=CARTESIAN_POINT('',(2.72818079897669,0.,-0.0161023088093753));
#1250=CARTESIAN_POINT('',(2.73100883883659,0.,-0.0166216350713147));
#1251=CARTESIAN_POINT('',(2.73384371914677,0.,-0.0171018352242363));
#1252=CARTESIAN_POINT('',(2.73668448374081,0.,-0.0175459296514853));
#1253=CARTESIAN_POINT('',(2.74238032978113,0.,-0.0183369512683194));
#1254=CARTESIAN_POINT('',(2.7480908574174,0.,-0.0190140597520821));
#1255=CARTESIAN_POINT('',(2.75381227813978,0.,-0.0195918220473872));
#1256=CARTESIAN_POINT('',(2.75954196195715,0.,-0.0200812383891382));
#1257=CARTESIAN_POINT('',(2.76527784402578,0.,-0.0204915085407828));
#1258=CARTESIAN_POINT('',(2.77101835146178,0.,-0.0208304594601477));
#1259=CARTESIAN_POINT('',(2.77676242825433,0.,-0.0211039566145099));
#1260=CARTESIAN_POINT('',(2.78250901839257,0.,-0.0213178654711464));
#1261=CARTESIAN_POINT('',(2.79400689105402,0.,-0.0215842041133137));
#1262=CARTESIAN_POINT('',(2.80550769328764,0.,-0.0216595382674935));
#1263=CARTESIAN_POINT('',(2.81700838190052,0.,-0.0215690072087325));
#1264=CARTESIAN_POINT('',(2.82850698074004,0.,-0.0213325568780018));
#1265=CARTESIAN_POINT('',(2.85149315572417,0.,-0.0204843442045038));
#1266=CARTESIAN_POINT('',(2.87446027752676,0.,-0.0192190974307412));
#1267=CARTESIAN_POINT('',(2.89740619244643,0.,-0.0176136817043927));
#1268=CARTESIAN_POINT('',(2.92033057743659,0.,-0.0157251535361345));
#1269=CARTESIAN_POINT('',(2.94323382798871,0.,-0.0135954174446891));
#1270=CARTESIAN_POINT('',(2.96611639095926,0.,-0.011253663408));
#1271=CARTESIAN_POINT('',(2.98897838119393,0.,-0.00871889961827751));
#1272=CARTESIAN_POINT('',(3.01181910449828,0.,-0.00599912718552104));
#1273=CARTESIAN_POINT('',(3.03463724053979,0.,-0.00309588496957665));
#1274=CARTESIAN_POINT('',(3.05743,0.,-8.90664265011483E-20));
#1275=EDGE_CURVE('Edge_16',#1146,#1148,#1149,.T.);
#1276=CARTESIAN_POINT('',(2.696534,0.541344,0.));
#1277=VERTEX_POINT('',#1276);
#1278=CARTESIAN_POINT('',(2.696534,0.,0.));
#1279=VERTEX_POINT('',#1278);
#1280=B_SPLINE_CURVE_WITH_KNOTS('Curve_17',1,(#1281, #1282, #1283, #1284, #1285, #1286, #1287, #1288, #1289, #1290, #1291, #1292, #1293, #1294, #1295, #1296, #1297),.POLYLINE_FORM.,.F.,.F.,(2,1,1,1,1,1,1,1,1,1,1,1,1,1,1,1,2),(0.,1.,2.,3.,4.,5.,6.,7.,8.,9.,10.,11.,12.,13.,14.,15.,16.),.UNIFORM_KNOTS.);
#1281=CARTESIAN_POINT('',(2.696534,0.541344,0.));
#1282=CARTESIAN_POINT('',(2.696534,0.50751,0.));
#1283=CARTESIAN_POINT('',(2.696534,0.473676,0.));
#1284=CARTESIAN_POINT('',(2.696534,0.439842,0.));
#1285=CARTESIAN_POINT('',(2.696534,0.406008,0.));
#1286=CARTESIAN_POINT('',(2.696534,0.372174,0.));
#1287=CARTESIAN_POINT('',(2.696534,0.33834,0.));
#1288=CARTESIAN_POINT('',(2.696534,0.304506,0.));
#1289=CARTESIAN_POINT('',(2.696534,0.270672,0.));
#1290=CARTESIAN_POINT('',(2.696534,0.236838,0.));
#1291=CARTESIAN_POINT('',(2.696534,0.203004,0.));
#1292=CARTESIAN_POINT('',(2.696534,0.16917,0.));
#1293=CARTESIAN_POINT('',(2.696534,0.135336,0.));
#1294=CARTESIAN_POINT('',(2.696534,0.101502,0.));
#1295=CARTESIAN_POINT('',(2.696534,0.067668,0.));
#1296=CARTESIAN_POINT('',(2.696534,0.033834,0.));
#1297=CARTESIAN_POINT('',(2.696534,0.,0.));
#1298=EDGE_CURVE('Edge_17',#1277,#1279,#1280,.T.);
#1299=CARTESIAN_POINT('',(3.05743,0.541344,0.));
#1300=VERTEX_POINT('',#1299);
#1301=CARTESIAN_POINT('',(2.696534,0.541344,0.));
#1302=VERTEX_POINT('',#1301);
#1303=B_SPLINE_CURVE_WITH_KNOTS('Curve_18',1,(#1304, #1305, #1306, #1307, #1308, #1309, #1310, #1311, #1312, #1313, #1314, #1315, #1316, #1317, #1318, #1319, #1320, #1321, #1322, #1323, #1324, #1325, #1326, #1327, #1328, #1329, #1330, #1331, #1332, #1333, #1334, #1335, #1336, #1337, #1338, #1339, #1340, #1341, #1342, #1343, #1344, #1345, #1346, #1347, #1348, #1349, #1350, #1351, #1352, #1353, #1354, #1355, #1356, #1357, #1358, #1359, #1360, #1361, #1362, #1363, #1364, #1365, #1366, #1367, #1368, #1369, #1370, #1371, #1372, #1373, #1374, #1375, #1376, #1377, #1378, #1379, #1380, #1381, #1382, #1383, #1384, #1385, #1386, #1387, #1388, #1389, #1390, #1391, #1392, #1393, #1394, #1395, #1396, #1397, #1398, #1399, #1400, #1401, #1402, #1403, #1404, #1405, #1406, #1407, #1408, #1409, #1410, #1411, #1412, #1413, #1414, #1415, #1416, #1417, #1418, #1419, #1420, #1421, #1422, #1423, #1424, #1425, #1426, #1427, #1428, #1429, #1430, #1431, #1432, #1433, #1434),.POLYLINE_FORM.,.F.,.F.,(2,1,1,1,1,1,1,1,1,1,1,1,1,1,1,1,1,1,1,1,1,1,1,1,1,1,1,1,1,1,1,1,1,1,1,1,1,1,1,1,1,1,1,1,1,1,1,1,1,1,1,1,1,1,1,1,1,1,1,1,1,1,1,1,1,1,1,1,1,1,1,1,1,1,1,1,1,1,1,1,1,1,1,1,1,1,1,1,1,1,1,1,1,1,1,1,1,1,1,1,1,1,1,1,1,1,1,1,1,1,1,1,1,1,1,1,1,1,1,1,1,1,1,1,1,1,1,1,1,1,2),(0.,1.,2.,3.,4.,5.,6.,7.,8.,9.,10.,11.,12.,13.,14.,15.,16.,17.,18.,19.,20.,21.,22.,23.,24.,25.,26.,27.,28.,29.,30.,31.,32.,33.,34.,35.,36.,37.,38.,39.,40.,41.,42.,43.,44.,45.,46.,47.,48.,49.,50.,51.,52.,53.,54.,55.,56.,57.,58.,59.,60.,61.,62.,63.,64.,65.,66.,67.,68.,69.,70.,71.,72.,73.,74.,75.,76.,77.,78.,79.,80.,81.,82.,83.,84.,85.,86.,87.,88.,89.,90.,91.,92.,93.,94.,95.,96.,97.,98.,99.,100.,101.,102.,103.,104.,105.,106.,107.,108.,109.,110.,111.,112.,113.,114.,115.,116.,117.,118.,119.,120.,121.,122.,123.,124.,125.,126.,127.,128.,129.,130.),.UNIFORM_KNOTS.);
#1304=CARTESIAN_POINT('',(3.05743,0.541344,0.));
#1305=CARTESIAN_POINT('',(3.03468929188306,0.541344,-0.0025742016870881));
#1306=CARTESIAN_POINT('',(3.01193095018485,0.541344,-0.00498779528609503));
#1307=CARTESIAN_POINT('',(2.98915693139211,0.541344,-0.00724863241445417));
#1308=CARTESIAN_POINT('',(2.96636816989404,0.541344,-0.00935565264234018));
#1309=CARTESIAN_POINT('',(2.94356517694214,0.541344,-0.011302816204857));
#1310=CARTESIAN_POINT('',(2.92074786141567,0.541344,-0.0130736789872291));
#1311=CARTESIAN_POINT('',(2.89791594900543,0.541344,-0.0146457914470849));
#1312=CARTESIAN_POINT('',(2.87506921841979,0.541344,-0.0159838220717674));
#1313=CARTESIAN_POINT('',(2.85220783794611,0.541344,-0.0170423285709915));
#1314=CARTESIAN_POINT('',(2.82933325857551,0.541344,-0.0177587129389963));
#1315=CARTESIAN_POINT('',(2.81789211234165,0.541344,-0.0179631193263369));
#1316=CARTESIAN_POINT('',(2.80644945305015,0.541344,-0.0180483467096449));
#1317=CARTESIAN_POINT('',(2.79500657501317,0.541344,-0.017998220983866));
#1318=CARTESIAN_POINT('',(2.78356547261258,0.541344,-0.0177926793029771));
#1319=CARTESIAN_POINT('',(2.77212900831519,0.541344,-0.0174070695088768));
#1320=CARTESIAN_POINT('',(2.76070185950095,0.541344,-0.0168085838227929));
#1321=CARTESIAN_POINT('',(2.75499378898849,0.541344,-0.0164164361383252));
#1322=CARTESIAN_POINT('',(2.74929114532721,0.541344,-0.0159525848462934));
#1323=CARTESIAN_POINT('',(2.74359560495333,0.541344,-0.0154082795743459));
#1324=CARTESIAN_POINT('',(2.73790958301665,0.541344,-0.0147722046377285));
#1325=CARTESIAN_POINT('',(2.73507124105632,0.541344,-0.014414870063971));
#1326=CARTESIAN_POINT('',(2.73223662067909,0.541344,-0.0140288092773519));
#1327=CARTESIAN_POINT('',(2.72940664463936,0.541344,-0.0136104417261819));
#1328=CARTESIAN_POINT('',(2.72658199063492,0.541344,-0.0131572654317384));
#1329=CARTESIAN_POINT('',(2.72376393353109,0.541344,-0.0126648146915332));
#1330=CARTESIAN_POINT('',(2.72095400910346,0.541344,-0.012128018749834));
#1331=CARTESIAN_POINT('',(2.71955261256564,0.541344,-0.0118413552179672));
#1332=CARTESIAN_POINT('',(2.7181541027127,0.541344,-0.0115410233081048));
#1333=CARTESIAN_POINT('',(2.71675885027846,0.541344,-0.0112259951821926));
#1334=CARTESIAN_POINT('',(2.71536722599672,0.541344,-0.0108952430021764));
#1335=CARTESIAN_POINT('',(2.71397976258899,0.541344,-0.0105473354515638));
#1336=CARTESIAN_POINT('',(2.71259738887488,0.541344,-0.0101800008148491));
#1337=CARTESIAN_POINT('',(2.71122071390629,0.541344,-0.00979178197787746));
#1338=CARTESIAN_POINT('',(2.70985068199337,0.541344,-0.0093805714381636));
#1339=CARTESIAN_POINT('',(2.70916865347225,0.541344,-0.00916525460837202));
#1340=CARTESIAN_POINT('',(2.7084889232486,0.541344,-0.00894284154895375));
#1341=CARTESIAN_POINT('',(2.7078116926385,0.541344,-0.00871294680868118));
#1342=CARTESIAN_POINT('',(2.70713716295806,0.541344,-0.00847518493632675));
#1343=CARTESIAN_POINT('',(2.70646571939756,0.541344,-0.00822884020098767));
#1344=CARTESIAN_POINT('',(2.70579777184168,0.541344,-0.00797319645227432));
#1345=CARTESIAN_POINT('',(2.70513367703076,0.541344,-0.0077076442555582));
#1346=CARTESIAN_POINT('',(2.70447418698018,0.541344,-0.00743098823125234));
#1347=CARTESIAN_POINT('',(2.70381976654645,0.541344,-0.00714247233678177));
#1348=CARTESIAN_POINT('',(2.70317111386181,0.541344,-0.00684113186372321));
#1349=CARTESIAN_POINT('',(2.70284931954532,0.541344,-0.0066851592862647));
#1350=CARTESIAN_POINT('',(2.70252941011001,0.541344,-0.00652538881540869));
#1351=CARTESIAN_POINT('',(2.70221153320385,0.541344,-0.00636162320157174));
#1352=CARTESIAN_POINT('',(2.7018958364748,0.541344,-0.00619366519517028));
#1353=CARTESIAN_POINT('',(2.70158251714555,0.541344,-0.00602128278484782));
#1354=CARTESIAN_POINT('',(2.70127184402525,0.541344,-0.00584419201957475));
#1355=CARTESIAN_POINT('',(2.7009640721416,0.541344,-0.00566211774025779));
#1356=CARTESIAN_POINT('',(2.7006594565223,0.541344,-0.0054747847878038));
#1357=CARTESIAN_POINT('',(2.70050841787024,0.541344,-0.0053790526842195));
#1358=CARTESIAN_POINT('',(2.7003582988254,0.541344,-0.00528187345101107));
#1359=CARTESIAN_POINT('',(2.70020916603791,0.541344,-0.00518319169141497));
#1360=CARTESIAN_POINT('',(2.70006108615792,0.541344,-0.00508295200866769));
#1361=CARTESIAN_POINT('',(2.69991412583555,0.541344,-0.00498109900600563));
#1362=CARTESIAN_POINT('',(2.69976835172094,0.541344,-0.00487757728666522));
#1363=CARTESIAN_POINT('',(2.69962383046423,0.541344,-0.00477233145388292));
#1364=CARTESIAN_POINT('',(2.69948062871556,0.541344,-0.0046653061108952));
#1365=CARTESIAN_POINT('',(2.6993387825487,0.541344,-0.00455646477993488));
#1366=CARTESIAN_POINT('',(2.69919836179924,0.541344,-0.00444575990495001));
#1367=CARTESIAN_POINT('',(2.69905948376006,0.541344,-0.00433311947174962));
#1368=CARTESIAN_POINT('',(2.69892226572405,0.541344,-0.00421847146614286));
#1369=CARTESIAN_POINT('',(2.69878682498407,0.541344,-0.00410174387393884));
#1370=CARTESIAN_POINT('',(2.69865327883302,0.541344,-0.00398286468094665));
#1371=CARTESIAN_POINT('',(2.69852174456377,0.541344,-0.00386176187297534));
#1372=CARTESIAN_POINT('',(2.69839233946919,0.541344,-0.00373836343583411));
#1373=CARTESIAN_POINT('',(2.69826519813824,0.541344,-0.00361258120539869));
#1374=CARTESIAN_POINT('',(2.69814051837177,0.541344,-0.00348433321275879));
#1375=CARTESIAN_POINT('',(2.69807916785982,0.541344,-0.00341926495518412));
#1376=CARTESIAN_POINT('',(2.69801851228052,0.541344,-0.00335355673654459));
#1377=CARTESIAN_POINT('',(2.69795857814771,0.541344,-0.00328720071666902));
#1378=CARTESIAN_POINT('',(2.69789939197523,0.541344,-0.0032201890553861));
#1379=CARTESIAN_POINT('',(2.69784098027693,0.541344,-0.00315251391252464));
#1380=CARTESIAN_POINT('',(2.69778336956664,0.541344,-0.00308416744791338));
#1381=CARTESIAN_POINT('',(2.69772658635822,0.541344,-0.00301514182138109));
#1382=CARTESIAN_POINT('',(2.6976706571655,0.541344,-0.00294542919275653));
#1383=CARTESIAN_POINT('',(2.69761560850232,0.541344,-0.00287502172186848));
#1384=CARTESIAN_POINT('',(2.69756146688254,0.541344,-0.00280391156854564));
#1385=CARTESIAN_POINT('',(2.69750825881998,0.541344,-0.00273209089261684));
#1386=CARTESIAN_POINT('',(2.6974560108285,0.541344,-0.00265955185391073));
#1387=CARTESIAN_POINT('',(2.69740475770157,0.541344,-0.00258627556026));
#1388=CARTESIAN_POINT('',(2.69735454470402,0.541344,-0.00251225297773401));
#1389=CARTESIAN_POINT('',(2.69730541405672,0.541344,-0.0024374910535166));
#1390=CARTESIAN_POINT('',(2.69725740798053,0.541344,-0.00236199673479171));
#1391=CARTESIAN_POINT('',(2.69721056869633,0.541344,-0.0022857769687433));
#1392=CARTESIAN_POINT('',(2.69716493842497,0.541344,-0.00220883870255517));
#1393=CARTESIAN_POINT('',(2.69712055938733,0.541344,-0.00213118888341138));
#1394=CARTESIAN_POINT('',(2.69707747380427,0.541344,-0.00205283445849573));
#1395=CARTESIAN_POINT('',(2.69703572389666,0.541344,-0.00197378237499217));
#1396=CARTESIAN_POINT('',(2.69699535188536,0.541344,-0.00189403958008466));
#1397=CARTESIAN_POINT('',(2.69695639999125,0.541344,-0.00181361302095702));
#1398=CARTESIAN_POINT('',(2.69691891043519,0.541344,-0.00173250964479322));
#1399=CARTESIAN_POINT('',(2.69688292543804,0.541344,-0.00165073639877717));
#1400=CARTESIAN_POINT('',(2.69684848722068,0.541344,-0.00156830023009277));
#1401=CARTESIAN_POINT('',(2.69681563800397,0.541344,-0.00148520808592398));
#1402=CARTESIAN_POINT('',(2.69678442000877,0.541344,-0.00140146691345464));
#1403=CARTESIAN_POINT('',(2.69676943624189,0.541344,-0.00135935917719462));
#1404=CARTESIAN_POINT('',(2.69675487604956,0.541344,-0.00131710178535743));
#1405=CARTESIAN_POINT('',(2.69674074362798,0.541344,-0.00127469840701995));
#1406=CARTESIAN_POINT('',(2.69672704317338,0.541344,-0.00123215271125907));
#1407=CARTESIAN_POINT('',(2.69671377888197,0.541344,-0.00118946836715167));
#1408=CARTESIAN_POINT('',(2.69670095494999,0.541344,-0.00114664904377462));
#1409=CARTESIAN_POINT('',(2.69668857557364,0.541344,-0.00110369841020485));
#1410=CARTESIAN_POINT('',(2.69667664494914,0.541344,-0.00106062013551915));
#1411=CARTESIAN_POINT('',(2.69666516727273,0.541344,-0.00101741788879442));
#1412=CARTESIAN_POINT('',(2.6966541467406,0.541344,-0.000974095339107636));
#1413=CARTESIAN_POINT('',(2.696643587549,0.541344,-0.000930656155535575));
#1414=CARTESIAN_POINT('',(2.69663349389412,0.541344,-0.000887104007155153));
#1415=CARTESIAN_POINT('',(2.6966238699722,0.541344,-0.00084344256304325));
#1416=CARTESIAN_POINT('',(2.69661471997946,0.541344,-0.000799675492276787));
#1417=CARTESIAN_POINT('',(2.6966060481121,0.541344,-0.000755806463932524));
#1418=CARTESIAN_POINT('',(2.69659785856636,0.541344,-0.000711839147087462));
#1419=CARTESIAN_POINT('',(2.69659015674889,0.541344,-0.000667772404265484));
#1420=CARTESIAN_POINT('',(2.69658294582097,0.541344,-0.000623608474729292));
#1421=CARTESIAN_POINT('',(2.69657622661076,0.541344,-0.000579356092664333));
#1422=CARTESIAN_POINT('',(2.69656999994642,0.541344,-0.000535023992255774));
#1423=CARTESIAN_POINT('',(2.6965642666561,0.541344,-0.000490620907688903));
#1424=CARTESIAN_POINT('',(2.69655902756795,0.541344,-0.000446155573149127));
#1425=CARTESIAN_POINT('',(2.69655428351012,0.541344,-0.000401636722821613));
#1426=CARTESIAN_POINT('',(2.69655003531079,0.541344,-0.000357073090891728));
#1427=CARTESIAN_POINT('',(2.69654628379808,0.541344,-0.000312473411544639));
#1428=CARTESIAN_POINT('',(2.69654302980017,0.541344,-0.000267846418965794));
#1429=CARTESIAN_POINT('',(2.69654027414521,0.541344,-0.00022320084734036));
#1430=CARTESIAN_POINT('',(2.69653801766135,0.541344,-0.000178545430853622));
#1431=CARTESIAN_POINT('',(2.69653626117674,0.541344,-0.000133888903690992));
#1432=CARTESIAN_POINT('',(2.69653500551954,0.541344,-8.92400000376326E-05));
#1433=CARTESIAN_POINT('',(2.69653425151791,0.541344,-4.46074540788729E-05));
#1434=CARTESIAN_POINT('',(2.696534,0.541344,0.));
#1435=EDGE_CURVE('Edge_18',#1300,#1302,#1303,.T.);
#1436=CARTESIAN_POINT('',(3.05743,0.,0.));
#1437=VERTEX_POINT('',#1436);
#1438=CARTESIAN_POINT('',(3.05743,0.00409433428463827,0.));
#1439=VERTEX_POINT('',#1438);
#1440=B_SPLINE_CURVE_WITH_KNOTS('Curve_19',1,(#1441, #1442, #1443, #1444, #1445, #1446, #1447, #1448, #1449, #1450, #1451, #1452, #1453, #1454, #1455, #1456, #1457),.POLYLINE_FORM.,.F.,.F.,(2,1,1,1,1,1,1,1,1,1,1,1,1,1,1,1,2),(0.,1.,2.,3.,4.,5.,6.,7.,8.,9.,10.,11.,12.,13.,14.,15.,16.),.UNIFORM_KNOTS.);
#1441=CARTESIAN_POINT('',(3.05743,0.,0.));
#1442=CARTESIAN_POINT('',(3.05743,0.000255895892789846,0.));
#1443=CARTESIAN_POINT('',(3.05743,0.000511791785579813,0.));
#1444=CARTESIAN_POINT('',(3.05743,0.00076768767836966,0.));
#1445=CARTESIAN_POINT('',(3.05743,0.00102358357115963,0.));
#1446=CARTESIAN_POINT('',(3.05743,0.00127947946394947,0.));
#1447=CARTESIAN_POINT('',(3.05743,0.00153537535673932,0.));
#1448=CARTESIAN_POINT('',(3.05743,0.00179127124952917,0.));
#1449=CARTESIAN_POINT('',(3.05743,0.00204716714231913,0.));
#1450=CARTESIAN_POINT('',(3.05743,0.0023030630351091,0.));
#1451=CARTESIAN_POINT('',(3.05743,0.00255895892789895,0.));
#1452=CARTESIAN_POINT('',(3.05743,0.00281485482068879,0.));
#1453=CARTESIAN_POINT('',(3.05743,0.00307075071347864,0.));
#1454=CARTESIAN_POINT('',(3.05743,0.00332664660626861,0.));
#1455=CARTESIAN_POINT('',(3.05743,0.00358254249905845,0.));
#1456=CARTESIAN_POINT('',(3.05743,0.00383843839184842,0.));
#1457=CARTESIAN_POINT('',(3.05743,0.00409433428463827,0.));
#1458=EDGE_CURVE('Edge_19',#1437,#1439,#1440,.T.);
#1459=CARTESIAN_POINT('',(1.64307618886544,-2.379449,0.));
#1460=VERTEX_POINT('',#1459);
#1461=CARTESIAN_POINT('',(1.30035718886544,-2.379449,0.));
#1462=VERTEX_POINT('',#1461);
#1463=B_SPLINE_CURVE_WITH_KNOTS('Curve_20',1,(#1464, #1465, #1466, #1467, #1468, #1469, #1470, #1471, #1472, #1473, #1474, #1475, #1476, #1477, #1478, #1479, #1480),.POLYLINE_FORM.,.F.,.F.,(2,1,1,1,1,1,1,1,1,1,1,1,1,1,1,1,2),(0.,1.,2.,3.,4.,5.,6.,7.,8.,9.,10.,11.,12.,13.,14.,15.,16.),.UNIFORM_KNOTS.);
#1464=CARTESIAN_POINT('',(1.64307618886544,-2.379449,0.));
#1465=CARTESIAN_POINT('',(1.62148084631487,-2.379449,7.81032140004245E-17));
#1466=CARTESIAN_POINT('',(1.59986875832146,-2.379449,1.30104260698261E-17));
#1467=CARTESIAN_POINT('',(1.57824178283094,-2.379449,3.52365706057789E-18));
#1468=CARTESIAN_POINT('',(1.55660080717075,-2.379449,8.67361737988404E-18));
#1469=CARTESIAN_POINT('',(1.53494631684256,-2.379449,7.80625564189563E-18));
#1470=CARTESIAN_POINT('',(1.51327822531505,-2.379449,4.33680868994202E-18));
#1471=CARTESIAN_POINT('',(1.49159627209494,-2.379449,8.67361737988404E-18));
#1472=CARTESIAN_POINT('',(1.46990024703625,-2.379449,3.46944695195361E-18));
#1473=CARTESIAN_POINT('',(1.44819030995033,-2.379449,3.46944695195361E-18));
#1474=CARTESIAN_POINT('',(1.42646783874723,-2.379449,0.));
#1475=CARTESIAN_POINT('',(1.40473660607676,-2.379449,1.73472347597681E-18));
#1476=CARTESIAN_POINT('',(1.38300520730375,-2.379449,-3.46944695195361E-18));
#1477=CARTESIAN_POINT('',(1.36129315002961,-2.379449,-8.67361737988404E-18));
#1478=CARTESIAN_POINT('',(1.33964883642008,-2.379449,-5.20417042793042E-18));
#1479=CARTESIAN_POINT('',(1.31824185475359,-2.379449,-2.25514051876985E-17));
#1480=CARTESIAN_POINT('',(1.30035718886544,-2.379449,0.));
#1481=EDGE_CURVE('Edge_20',#1460,#1462,#1463,.T.);
#1482=CARTESIAN_POINT('',(1.30035718886544,-2.379449,0.));
#1483=VERTEX_POINT('',#1482);
#1484=CARTESIAN_POINT('',(1.64307618886544,-2.379449,0.));
#1485=VERTEX_POINT('',#1484);
#1486=B_SPLINE_CURVE_WITH_KNOTS('Curve_21',1,(#1487, #1488, #1489, #1490, #1491, #1492, #1493, #1494, #1495, #1496, #1497, #1498, #1499, #1500, #1501, #1502, #1503, #1504, #1505, #1506, #1507, #1508, #1509, #1510, #1511, #1512, #1513, #1514, #1515, #1516, #1517, #1518, #1519, #1520, #1521, #1522, #1523, #1524, #1525, #1526, #1527, #1528, #1529, #1530, #1531, #1532, #1533, #1534, #1535, #1536, #1537, #1538, #1539, #1540, #1541, #1542, #1543, #1544, #1545, #1546, #1547, #1548, #1549, #1550, #1551, #1552, #1553, #1554, #1555, #1556, #1557, #1558, #1559, #1560, #1561, #1562, #1563, #1564, #1565, #1566, #1567, #1568, #1569, #1570, #1571, #1572, #1573, #1574, #1575, #1576, #1577, #1578, #1579, #1580, #1581, #1582, #1583, #1584, #1585, #1586, #1587, #1588, #1589, #1590, #1591, #1592, #1593, #1594, #1595, #1596, #1597, #1598, #1599, #1600, #1601, #1602, #1603, #1604, #1605, #1606, #1607, #1608, #1609, #1610, #1611, #1612, #1613, #1614, #1615, #1616, #1617),.POLYLINE_FORM.,.F.,.F.,(2,1,1,1,1,1,1,1,1,1,1,1,1,1,1,1,1,1,1,1,1,1,1,1,1,1,1,1,1,1,1,1,1,1,1,1,1,1,1,1,1,1,1,1,1,1,1,1,1,1,1,1,1,1,1,1,1,1,1,1,1,1,1,1,1,1,1,1,1,1,1,1,1,1,1,1,1,1,1,1,1,1,1,1,1,1,1,1,1,1,1,1,1,1,1,1,1,1,1,1,1,1,1,1,1,1,1,1,1,1,1,1,1,1,1,1,1,1,1,1,1,1,1,1,1,1,1,1,1,1,2),(0.,1.,2.,3.,4.,5.,6.,7.,8.,9.,10.,11.,12.,13.,14.,15.,16.,17.,18.,19.,20.,21.,22.,23.,24.,25.,26.,27.,28.,29.,30.,31.,32.,33.,34.,35.,36.,37.,38.,39.,40.,41.,42.,43.,44.,45.,46.,47.,48.,49.,50.,51.,52.,53.,54.,55.,56.,57.,58.,59.,60.,61.,62.,63.,64.,65.,66.,67.,68.,69.,70.,71.,72.,73.,74.,75.,76.,77.,78.,79.,80.,81.,82.,83.,84.,85.,86.,87.,88.,89.,90.,91.,92.,93.,94.,95.,96.,97.,98.,99.,100.,101.,102.,103.,104.,105.,106.,107.,108.,109.,110.,111.,112.,113.,114.,115.,116.,117.,118.,119.,120.,121.,122.,123.,124.,125.,126.,127.,128.,129.,130.),.UNIFORM_KNOTS.);
#1487=CARTESIAN_POINT('',(1.30035718886544,-2.379449,0.));
#1488=CARTESIAN_POINT('',(1.30035742771532,-2.379449,4.2360741195445E-05));
#1489=CARTESIAN_POINT('',(1.30035814374067,-2.379449,8.47453104852858E-05));
#1490=CARTESIAN_POINT('',(1.30035933615505,-2.379449,0.000127145413593001));
#1491=CARTESIAN_POINT('',(1.300361004172,-2.379449,0.000169552756242068));
#1492=CARTESIAN_POINT('',(1.3003631470051,-2.379449,0.000211959044155734));
#1493=CARTESIAN_POINT('',(1.30036576386789,-2.379449,0.000254355983057555));
#1494=CARTESIAN_POINT('',(1.30036885397393,-2.379449,0.000296735278670776));
#1495=CARTESIAN_POINT('',(1.30037241653678,-2.379449,0.000339088636718953));
#1496=CARTESIAN_POINT('',(1.30037645076999,-2.379449,0.000381407762925332));
#1497=CARTESIAN_POINT('',(1.30038095588713,-2.379449,0.000423684363013469));
#1498=CARTESIAN_POINT('',(1.30038593110174,-2.379449,0.000465910142706611));
#1499=CARTESIAN_POINT('',(1.30039137562738,-2.379449,0.000508076807728235));
#1500=CARTESIAN_POINT('',(1.30039728867761,-2.379449,0.000550176063801819));
#1501=CARTESIAN_POINT('',(1.30040366946599,-2.379449,0.00059219961665061));
#1502=CARTESIAN_POINT('',(1.30041051720607,-2.379449,0.000634139171998164));
#1503=CARTESIAN_POINT('',(1.30041783111141,-2.379449,0.000675986435567727));
#1504=CARTESIAN_POINT('',(1.30042560817995,-2.379449,0.00071773928088004));
#1505=CARTESIAN_POINT('',(1.30043384327734,-2.379449,0.000759398788120596));
#1506=CARTESIAN_POINT('',(1.30044253241871,-2.379449,0.000800961473010454));
#1507=CARTESIAN_POINT('',(1.30045167161919,-2.379449,0.000842423851270675));
#1508=CARTESIAN_POINT('',(1.30046125689391,-2.379449,0.000883782438622091));
#1509=CARTESIAN_POINT('',(1.300471284258,-2.379449,0.00092503375078584));
#1510=CARTESIAN_POINT('',(1.30048174972658,-2.379449,0.000966174303482753));
#1511=CARTESIAN_POINT('',(1.30049264931478,-2.379449,0.00100720061243397));
#1512=CARTESIAN_POINT('',(1.30050397903773,-2.379449,0.00104810919336031));
#1513=CARTESIAN_POINT('',(1.30051573491057,-2.379449,0.00108889656198293));
#1514=CARTESIAN_POINT('',(1.30052791294842,-2.379449,0.00112955923402265));
#1515=CARTESIAN_POINT('',(1.3005405091664,-2.379449,0.00117009372520054));
#1516=CARTESIAN_POINT('',(1.30055351957965,-2.379449,0.00121049655123764));
#1517=CARTESIAN_POINT('',(1.3005669402033,-2.379449,0.00125076422785488));
#1518=CARTESIAN_POINT('',(1.30058076705247,-2.379449,0.00129089327077316));
#1519=CARTESIAN_POINT('',(1.30059499614229,-2.379449,0.00133088019571361));
#1520=CARTESIAN_POINT('',(1.30062464180224,-2.379449,0.0014104036342873));
#1521=CARTESIAN_POINT('',(1.30065583652511,-2.379449,0.00148931073372146));
#1522=CARTESIAN_POINT('',(1.30068854021652,-2.379449,0.00156759489673613));
#1523=CARTESIAN_POINT('',(1.30072271278213,-2.379449,0.00164524952605143));
#1524=CARTESIAN_POINT('',(1.30075831412757,-2.379449,0.00172226802438745));
#1525=CARTESIAN_POINT('',(1.30079530415849,-2.379449,0.00179864379446432));
#1526=CARTESIAN_POINT('',(1.30083364278052,-2.379449,0.00187437023900213));
#1527=CARTESIAN_POINT('',(1.30087328989932,-2.379449,0.00194944076072094));
#1528=CARTESIAN_POINT('',(1.30091420542053,-2.379449,0.00202384876234098));
#1529=CARTESIAN_POINT('',(1.30095634924978,-2.379449,0.0020975876465823));
#1530=CARTESIAN_POINT('',(1.30099968129272,-2.379449,0.002170650816165));
#1531=CARTESIAN_POINT('',(1.30104416145499,-2.379449,0.00224303167380919));
#1532=CARTESIAN_POINT('',(1.30108974964224,-2.379449,0.00231472362223499));
#1533=CARTESIAN_POINT('',(1.3011364057601,-2.379449,0.0023857200641625));
#1534=CARTESIAN_POINT('',(1.30118408971423,-2.379449,0.00245601440231183));
#1535=CARTESIAN_POINT('',(1.30123276141025,-2.379449,0.00252560003940309));
#1536=CARTESIAN_POINT('',(1.30128237786317,-2.379449,0.00259448555436117));
#1537=CARTESIAN_POINT('',(1.30133290603192,-2.379449,0.00266268888782471));
#1538=CARTESIAN_POINT('',(1.30138432073807,-2.379449,0.0027302174850844));
#1539=CARTESIAN_POINT('',(1.30143659680319,-2.379449,0.00279707879143108));
#1540=CARTESIAN_POINT('',(1.30148970904882,-2.379449,0.00286328025215546));
#1541=CARTESIAN_POINT('',(1.30154363229654,-2.379449,0.00292882931254826));
#1542=CARTESIAN_POINT('',(1.3015983413679,-2.379449,0.00299373341790024));
#1543=CARTESIAN_POINT('',(1.30165381108447,-2.379449,0.00305800001350212));
#1544=CARTESIAN_POINT('',(1.30171001626781,-2.379449,0.00312163654464466));
#1545=CARTESIAN_POINT('',(1.30176693173947,-2.379449,0.0031846504566186));
#1546=CARTESIAN_POINT('',(1.30182453232103,-2.379449,0.00324704919471461));
#1547=CARTESIAN_POINT('',(1.30188279283405,-2.379449,0.00330884020422357));
#1548=CARTESIAN_POINT('',(1.30200119294069,-2.379449,0.00343062881864308));
#1549=CARTESIAN_POINT('',(1.30212193063188,-2.379449,0.00355007586220301));
#1550=CARTESIAN_POINT('',(1.30224481806928,-2.379449,0.00366725917534203));
#1551=CARTESIAN_POINT('',(1.30236972744268,-2.379449,0.00378226248168269));
#1552=CARTESIAN_POINT('',(1.30249654736682,-2.379449,0.00389515416832674));
#1553=CARTESIAN_POINT('',(1.30262516645643,-2.379449,0.00400600262237606));
#1554=CARTESIAN_POINT('',(1.30275547332624,-2.379449,0.00411487623093241));
#1555=CARTESIAN_POINT('',(1.30288735659097,-2.379449,0.00422184338109757));
#1556=CARTESIAN_POINT('',(1.30302070486536,-2.379449,0.00432697245997329));
#1557=CARTESIAN_POINT('',(1.30315540676414,-2.379449,0.00443033185466145));
#1558=CARTESIAN_POINT('',(1.30329139596907,-2.379449,0.00453196672599115));
#1559=CARTESIAN_POINT('',(1.30342863822328,-2.379449,0.00463191171447899));
#1560=CARTESIAN_POINT('',(1.30356707023357,-2.379449,0.00473021942675792));
#1561=CARTESIAN_POINT('',(1.30370662870671,-2.379449,0.00482694246946092));
#1562=CARTESIAN_POINT('',(1.30384725034949,-2.379449,0.0049221334492209));
#1563=CARTESIAN_POINT('',(1.30398887186869,-2.379449,0.0050158449726709));
#1564=CARTESIAN_POINT('',(1.30413142997111,-2.379449,0.00510812964644384));
#1565=CARTESIAN_POINT('',(1.30427486136351,-2.379449,0.00519904007717265));
#1566=CARTESIAN_POINT('',(1.30456413461795,-2.379449,0.00537693775997347));
#1567=CARTESIAN_POINT('',(1.30485640516733,-2.379449,0.00554984162960137));
#1568=CARTESIAN_POINT('',(1.30515143082878,-2.379449,0.00571801298640117));
#1569=CARTESIAN_POINT('',(1.30544896941941,-2.379449,0.00588171313071783));
#1570=CARTESIAN_POINT('',(1.30574876566897,-2.379449,0.00604121171201523));
#1571=CARTESIAN_POINT('',(1.30605063228817,-2.379449,0.00619672905609382));
#1572=CARTESIAN_POINT('',(1.30635442906553,-2.379449,0.0063484524778034));
#1573=CARTESIAN_POINT('',(1.30666001578955,-2.379449,0.00649656929199366));
#1574=CARTESIAN_POINT('',(1.30727599823166,-2.379449,0.00678273235721505));
#1575=CARTESIAN_POINT('',(1.30789745792262,-2.379449,0.00705671677055594));
#1576=CARTESIAN_POINT('',(1.30852373189253,-2.379449,0.00731943865163549));
#1577=CARTESIAN_POINT('',(1.30915437869799,-2.379449,0.00757161596395361));
#1578=CARTESIAN_POINT('',(1.30978868419987,-2.379449,0.00781438388023779));
#1579=CARTESIAN_POINT('',(1.3104263096255,-2.379449,0.00804832114014277));
#1580=CARTESIAN_POINT('',(1.31106686573461,-2.379449,0.00827410782420535));
#1581=CARTESIAN_POINT('',(1.3117099867375,-2.379449,0.00849242361460333));
#1582=CARTESIAN_POINT('',(1.31235548145765,-2.379449,0.00870363454880811));
#1583=CARTESIAN_POINT('',(1.31300315871849,-2.379449,0.00890810666429106));
#1584=CARTESIAN_POINT('',(1.31430418717866,-2.379449,0.00929860604627422));
#1585=CARTESIAN_POINT('',(1.31561152410831,-2.379449,0.00966727173275471));
#1586=CARTESIAN_POINT('',(1.31692427275868,-2.379449,0.0100161050790933));
#1587=CARTESIAN_POINT('',(1.31824185475359,-2.379449,0.010346489809981));
#1588=CARTESIAN_POINT('',(1.31956338805463,-2.379449,0.0106605832229946));
#1589=CARTESIAN_POINT('',(1.32088836677152,-2.379449,0.0109597445444958));
#1590=CARTESIAN_POINT('',(1.32221643884294,-2.379449,0.0112449498441282));
#1591=CARTESIAN_POINT('',(1.32354725220759,-2.379449,0.0115171751915354));
#1592=CARTESIAN_POINT('',(1.32621565110897,-2.379449,0.0120269347021512));
#1593=CARTESIAN_POINT('',(1.32889177307366,-2.379449,0.0124945825154614));
#1594=CARTESIAN_POINT('',(1.33157415967741,-2.379449,0.0129249339919404));
#1595=CARTESIAN_POINT('',(1.33426160026516,-2.379449,0.0133222299131184));
#1596=CARTESIAN_POINT('',(1.33695345127228,-2.379449,0.0136888462422805));
#1597=CARTESIAN_POINT('',(1.33964883642008,-2.379449,0.014028183191938));
#1598=CARTESIAN_POINT('',(1.3450484744103,-2.379449,0.0146322213807863));
#1599=CARTESIAN_POINT('',(1.35045715142915,-2.379449,0.0151491120043914));
#1600=CARTESIAN_POINT('',(1.35587257396903,-2.379449,0.0155896008182154));
#1601=CARTESIAN_POINT('',(1.36129315002961,-2.379449,0.0159619974706391));
#1602=CARTESIAN_POINT('',(1.37214475551836,-2.379449,0.0165303396408183));
#1603=CARTESIAN_POINT('',(1.38300520730375,-2.379449,0.0168965276922909));
#1604=CARTESIAN_POINT('',(1.39387006358818,-2.379449,0.0170917169970562));
#1605=CARTESIAN_POINT('',(1.40473660607676,-2.379449,0.0171393180749656));
#1606=CARTESIAN_POINT('',(1.41560294083725,-2.379449,0.0170583832805098));
#1607=CARTESIAN_POINT('',(1.42646783874723,-2.379449,0.0168642720887454));
#1608=CARTESIAN_POINT('',(1.44819030995033,-2.379449,0.0161839693582684));
#1609=CARTESIAN_POINT('',(1.46990024703625,-2.379449,0.0151787759260675));
#1610=CARTESIAN_POINT('',(1.49159627209494,-2.379449,0.0139081369673077));
#1611=CARTESIAN_POINT('',(1.51327822531505,-2.379449,0.0124152060117711));
#1612=CARTESIAN_POINT('',(1.53494631684256,-2.379449,0.0107335350541774));
#1613=CARTESIAN_POINT('',(1.55660080717075,-2.379449,0.0088844429362758));
#1614=CARTESIAN_POINT('',(1.57824178283094,-2.379449,0.00688354554345108));
#1615=CARTESIAN_POINT('',(1.59986875832146,-2.379449,0.00473657843992511));
#1616=CARTESIAN_POINT('',(1.62148084631487,-2.379449,0.00244454864558544));
#1617=CARTESIAN_POINT('',(1.64307618886544,-2.379449,0.));
#1618=EDGE_CURVE('Edge_21',#1483,#1485,#1486,.T.);
#1619=CARTESIAN_POINT('',(1.30035718886544,-2.379449,0.));
#1620=VERTEX_POINT('',#1619);
#1621=CARTESIAN_POINT('',(0.828082,-0.616894,0.));
#1622=VERTEX_POINT('',#1621);
#1623=B_SPLINE_CURVE_WITH_KNOTS('Curve_22',1,(#1624, #1625, #1626, #1627, #1628, #1629, #1630, #1631, #1632, #1633, #1634, #1635, #1636, #1637, #1638, #1639, #1640),.POLYLINE_FORM.,.F.,.F.,(2,1,1,1,1,1,1,1,1,1,1,1,1,1,1,1,2),(0.,1.,2.,3.,4.,5.,6.,7.,8.,9.,10.,11.,12.,13.,14.,15.,16.),.UNIFORM_KNOTS.);
#1624=CARTESIAN_POINT('',(1.30035718886544,-2.379449,0.));
#1625=CARTESIAN_POINT('',(1.27083998956135,-2.2692893125,0.));
#1626=CARTESIAN_POINT('',(1.24132279025726,-2.159129625,0.));
#1627=CARTESIAN_POINT('',(1.21180559095317,-2.0489699375,0.));
#1628=CARTESIAN_POINT('',(1.18228839164908,-1.93881025,0.));
#1629=CARTESIAN_POINT('',(1.15277119234499,-1.8286505625,0.));
#1630=CARTESIAN_POINT('',(1.1232539930409,-1.718490875,0.));
#1631=CARTESIAN_POINT('',(1.09373679373681,-1.6083311875,0.));
#1632=CARTESIAN_POINT('',(1.06421959443272,-1.4981715,0.));
#1633=CARTESIAN_POINT('',(1.03470239512863,-1.3880118125,0.));
#1634=CARTESIAN_POINT('',(1.00518519582454,-1.277852125,0.));
#1635=CARTESIAN_POINT('',(0.975667996520449,-1.1676924375,0.));
#1636=CARTESIAN_POINT('',(0.946150797216359,-1.05753275,0.));
#1637=CARTESIAN_POINT('',(0.91663359791227,-0.9473730625,0.));
#1638=CARTESIAN_POINT('',(0.88711639860818,-0.837213375,0.));
#1639=CARTESIAN_POINT('',(0.85759919930409,-0.7270536875,0.));
#1640=CARTESIAN_POINT('',(0.828082,-0.616894,0.));
#1641=EDGE_CURVE('Edge_22',#1620,#1622,#1623,.T.);
#1642=CARTESIAN_POINT('',(1.64307618886544,-2.379449,0.));
#1643=VERTEX_POINT('',#1642);
#1644=CARTESIAN_POINT('',(1.30035718886544,-2.379449,0.));
#1645=VERTEX_POINT('',#1644);
#1646=B_SPLINE_CURVE_WITH_KNOTS('Curve_23',1,(#1647, #1648, #1649, #1650, #1651, #1652, #1653, #1654, #1655, #1656, #1657, #1658, #1659, #1660, #1661, #1662, #1663, #1664, #1665, #1666, #1667, #1668, #1669, #1670, #1671, #1672, #1673, #1674, #1675, #1676, #1677, #1678, #1679, #1680, #1681, #1682, #1683, #1684, #1685, #1686, #1687, #1688, #1689, #1690, #1691, #1692, #1693, #1694, #1695, #1696, #1697, #1698, #1699, #1700, #1701, #1702, #1703, #1704, #1705, #1706, #1707, #1708, #1709, #1710, #1711, #1712, #1713, #1714, #1715, #1716, #1717, #1718, #1719, #1720, #1721, #1722, #1723, #1724, #1725, #1726, #1727, #1728, #1729, #1730, #1731, #1732, #1733, #1734, #1735, #1736, #1737, #1738, #1739, #1740, #1741, #1742, #1743, #1744, #1745, #1746, #1747, #1748, #1749, #1750, #1751, #1752, #1753, #1754, #1755, #1756, #1757, #1758, #1759, #1760, #1761, #1762, #1763, #1764, #1765, #1766, #1767, #1768, #1769, #1770, #1771, #1772, #1773, #1774, #1775, #1776, #1777),.POLYLINE_FORM.,.F.,.F.,(2,1,1,1,1,1,1,1,1,1,1,1,1,1,1,1,1,1,1,1,1,1,1,1,1,1,1,1,1,1,1,1,1,1,1,1,1,1,1,1,1,1,1,1,1,1,1,1,1,1,1,1,1,1,1,1,1,1,1,1,1,1,1,1,1,1,1,1,1,1,1,1,1,1,1,1,1,1,1,1,1,1,1,1,1,1,1,1,1,1,1,1,1,1,1,1,1,1,1,1,1,1,1,1,1,1,1,1,1,1,1,1,1,1,1,1,1,1,1,1,1,1,1,1,1,1,1,1,1,1,2),(0.,1.,2.,3.,4.,5.,6.,7.,8.,9.,10.,11.,12.,13.,14.,15.,16.,17.,18.,19.,20.,21.,22.,23.,24.,25.,26.,27.,28.,29.,30.,31.,32.,33.,34.,35.,36.,37.,38.,39.,40.,41.,42.,43.,44.,45.,46.,47.,48.,49.,50.,51.,52.,53.,54.,55.,56.,57.,58.,59.,60.,61.,62.,63.,64.,65.,66.,67.,68.,69.,70.,71.,72.,73.,74.,75.,76.,77.,78.,79.,80.,81.,82.,83.,84.,85.,86.,87.,88.,89.,90.,91.,92.,93.,94.,95.,96.,97.,98.,99.,100.,101.,102.,103.,104.,105.,106.,107.,108.,109.,110.,111.,112.,113.,114.,115.,116.,117.,118.,119.,120.,121.,122.,123.,124.,125.,126.,127.,128.,129.,130.),.UNIFORM_KNOTS.);
#1647=CARTESIAN_POINT('',(1.64307618886544,-2.379449,0.));
#1648=CARTESIAN_POINT('',(1.62148084631487,-2.379449,-0.00244454864558528));
#1649=CARTESIAN_POINT('',(1.59986875832146,-2.379449,-0.00473657843992508));
#1650=CARTESIAN_POINT('',(1.57824178283094,-2.379449,-0.00688354554345107));
#1651=CARTESIAN_POINT('',(1.55660080717075,-2.379449,-0.00888444293627578));
#1652=CARTESIAN_POINT('',(1.53494631684256,-2.379449,-0.0107335350541774));
#1653=CARTESIAN_POINT('',(1.51327822531505,-2.379449,-0.0124152060117711));
#1654=CARTESIAN_POINT('',(1.49159627209494,-2.379449,-0.0139081369673077));
#1655=CARTESIAN_POINT('',(1.46990024703625,-2.379449,-0.0151787759260675));
#1656=CARTESIAN_POINT('',(1.44819030995033,-2.379449,-0.0161839693582684));
#1657=CARTESIAN_POINT('',(1.42646783874723,-2.379449,-0.0168642720887454));
#1658=CARTESIAN_POINT('',(1.41560294083725,-2.379449,-0.0170583832805098));
#1659=CARTESIAN_POINT('',(1.40473660607676,-2.379449,-0.0171393180749656));
#1660=CARTESIAN_POINT('',(1.39387006358818,-2.379449,-0.0170917169970562));
#1661=CARTESIAN_POINT('',(1.38300520730375,-2.379449,-0.0168965276922909));
#1662=CARTESIAN_POINT('',(1.37214475551836,-2.379449,-0.0165303396408183));
#1663=CARTESIAN_POINT('',(1.36129315002961,-2.379449,-0.0159619974706391));
#1664=CARTESIAN_POINT('',(1.35587257396903,-2.379449,-0.0155896008182154));
#1665=CARTESIAN_POINT('',(1.35045715142915,-2.379449,-0.0151491120043914));
#1666=CARTESIAN_POINT('',(1.3450484744103,-2.379449,-0.0146322213807863));
#1667=CARTESIAN_POINT('',(1.33964883642008,-2.379449,-0.014028183191938));
#1668=CARTESIAN_POINT('',(1.33695345127228,-2.379449,-0.0136888462422805));
#1669=CARTESIAN_POINT('',(1.33426160026516,-2.379449,-0.0133222299131184));
#1670=CARTESIAN_POINT('',(1.33157415967741,-2.379449,-0.0129249339919404));
#1671=CARTESIAN_POINT('',(1.32889177307366,-2.379449,-0.0124945825154614));
#1672=CARTESIAN_POINT('',(1.32621565110897,-2.379449,-0.0120269347021513));
#1673=CARTESIAN_POINT('',(1.32354725220759,-2.379449,-0.0115171751915354));
#1674=CARTESIAN_POINT('',(1.32221643884294,-2.379449,-0.0112449498441282));
#1675=CARTESIAN_POINT('',(1.32088836677152,-2.379449,-0.0109597445444958));
#1676=CARTESIAN_POINT('',(1.31956338805463,-2.379449,-0.0106605832229946));
#1677=CARTESIAN_POINT('',(1.31824185475359,-2.379449,-0.010346489809981));
#1678=CARTESIAN_POINT('',(1.31692427275868,-2.379449,-0.0100161050790934));
#1679=CARTESIAN_POINT('',(1.31561152410831,-2.379449,-0.00966727173275474));
#1680=CARTESIAN_POINT('',(1.31430418717866,-2.379449,-0.00929860604627424));
#1681=CARTESIAN_POINT('',(1.31300315871849,-2.379449,-0.00890810666429107));
#1682=CARTESIAN_POINT('',(1.31235548145765,-2.379449,-0.00870363454880811));
#1683=CARTESIAN_POINT('',(1.3117099867375,-2.379449,-0.00849242361460332));
#1684=CARTESIAN_POINT('',(1.31106686573461,-2.379449,-0.00827410782420532));
#1685=CARTESIAN_POINT('',(1.3104263096255,-2.379449,-0.00804832114014277));
#1686=CARTESIAN_POINT('',(1.30978868419987,-2.379449,-0.00781438388023778));
#1687=CARTESIAN_POINT('',(1.30915437869799,-2.379449,-0.00757161596395361));
#1688=CARTESIAN_POINT('',(1.30852373189253,-2.379449,-0.00731943865163551));
#1689=CARTESIAN_POINT('',(1.30789745792262,-2.379449,-0.00705671677055598));
#1690=CARTESIAN_POINT('',(1.30727599823166,-2.379449,-0.00678273235721513));
#1691=CARTESIAN_POINT('',(1.30666001578955,-2.379449,-0.00649656929199369));
#1692=CARTESIAN_POINT('',(1.30635442906553,-2.379449,-0.00634845247780345));
#1693=CARTESIAN_POINT('',(1.30605063228817,-2.379449,-0.00619672905609387));
#1694=CARTESIAN_POINT('',(1.30574876566897,-2.379449,-0.00604121171201528));
#1695=CARTESIAN_POINT('',(1.30544896941941,-2.379449,-0.00588171313071789));
#1696=CARTESIAN_POINT('',(1.30515143082878,-2.379449,-0.00571801298640124));
#1697=CARTESIAN_POINT('',(1.30485640516733,-2.379449,-0.00554984162960143));
#1698=CARTESIAN_POINT('',(1.30456413461795,-2.379449,-0.00537693775997353));
#1699=CARTESIAN_POINT('',(1.30427486136351,-2.379449,-0.00519904007717273));
#1700=CARTESIAN_POINT('',(1.30413142997111,-2.379449,-0.00510812964644391));
#1701=CARTESIAN_POINT('',(1.30398887186869,-2.379449,-0.00501584497267097));
#1702=CARTESIAN_POINT('',(1.30384725034949,-2.379449,-0.00492213344922096));
#1703=CARTESIAN_POINT('',(1.30370662870671,-2.379449,-0.00482694246946096));
#1704=CARTESIAN_POINT('',(1.30356707023357,-2.379449,-0.00473021942675797));
#1705=CARTESIAN_POINT('',(1.30342863822328,-2.379449,-0.00463191171447901));
#1706=CARTESIAN_POINT('',(1.30329139596907,-2.379449,-0.00453196672599114));
#1707=CARTESIAN_POINT('',(1.30315540676414,-2.379449,-0.00443033185466143));
#1708=CARTESIAN_POINT('',(1.30302070486536,-2.379449,-0.00432697245997324));
#1709=CARTESIAN_POINT('',(1.30288735659097,-2.379449,-0.00422184338109749));
#1710=CARTESIAN_POINT('',(1.30275547332624,-2.379449,-0.00411487623093234));
#1711=CARTESIAN_POINT('',(1.30262516645643,-2.379449,-0.00400600262237602));
#1712=CARTESIAN_POINT('',(1.30249654736682,-2.379449,-0.00389515416832674));
#1713=CARTESIAN_POINT('',(1.30236972744268,-2.379449,-0.00378226248168269));
#1714=CARTESIAN_POINT('',(1.30224481806928,-2.379449,-0.00366725917534202));
#1715=CARTESIAN_POINT('',(1.30212193063188,-2.379449,-0.00355007586220304));
#1716=CARTESIAN_POINT('',(1.30200119294069,-2.379449,-0.00343062881864314));
#1717=CARTESIAN_POINT('',(1.30188279283405,-2.379449,-0.00330884020422359));
#1718=CARTESIAN_POINT('',(1.30182453232103,-2.379449,-0.00324704919471467));
#1719=CARTESIAN_POINT('',(1.30176693173947,-2.379449,-0.00318465045661859));
#1720=CARTESIAN_POINT('',(1.30171001626781,-2.379449,-0.00312163654464468));
#1721=CARTESIAN_POINT('',(1.30165381108447,-2.379449,-0.00305800001350215));
#1722=CARTESIAN_POINT('',(1.3015983413679,-2.379449,-0.00299373341790026));
#1723=CARTESIAN_POINT('',(1.30154363229654,-2.379449,-0.00292882931254829));
#1724=CARTESIAN_POINT('',(1.30148970904882,-2.379449,-0.00286328025215549));
#1725=CARTESIAN_POINT('',(1.30143659680319,-2.379449,-0.00279707879143112));
#1726=CARTESIAN_POINT('',(1.30138432073807,-2.379449,-0.00273021748508447));
#1727=CARTESIAN_POINT('',(1.30133290603192,-2.379449,-0.00266268888782473));
#1728=CARTESIAN_POINT('',(1.30128237786317,-2.379449,-0.00259448555436123));
#1729=CARTESIAN_POINT('',(1.30123276141025,-2.379449,-0.00252560003940313));
#1730=CARTESIAN_POINT('',(1.30118408971423,-2.379449,-0.00245601440231188));
#1731=CARTESIAN_POINT('',(1.3011364057601,-2.379449,-0.00238572006416259));
#1732=CARTESIAN_POINT('',(1.30108974964224,-2.379449,-0.00231472362223509));
#1733=CARTESIAN_POINT('',(1.30104416145499,-2.379449,-0.0022430316738093));
#1734=CARTESIAN_POINT('',(1.30099968129272,-2.379449,-0.00217065081616514));
#1735=CARTESIAN_POINT('',(1.30095634924978,-2.379449,-0.00209758764658241));
#1736=CARTESIAN_POINT('',(1.30091420542053,-2.379449,-0.00202384876234113));
#1737=CARTESIAN_POINT('',(1.30087328989932,-2.379449,-0.00194944076072109));
#1738=CARTESIAN_POINT('',(1.30083364278052,-2.379449,-0.00187437023900221));
#1739=CARTESIAN_POINT('',(1.30079530415849,-2.379449,-0.00179864379446442));
#1740=CARTESIAN_POINT('',(1.30075831412757,-2.379449,-0.00172226802438755));
#1741=CARTESIAN_POINT('',(1.30072271278213,-2.379449,-0.00164524952605152));
#1742=CARTESIAN_POINT('',(1.30068854021652,-2.379449,-0.00156759489673621));
#1743=CARTESIAN_POINT('',(1.30065583652511,-2.379449,-0.00148931073372153));
#1744=CARTESIAN_POINT('',(1.30062464180224,-2.379449,-0.00141040363428739));
#1745=CARTESIAN_POINT('',(1.30059499614229,-2.379449,-0.00133088019571361));
#1746=CARTESIAN_POINT('',(1.30058076705247,-2.379449,-0.00129089327077319));
#1747=CARTESIAN_POINT('',(1.3005669402033,-2.379449,-0.00125076422785487));
#1748=CARTESIAN_POINT('',(1.30055351957965,-2.379449,-0.00121049655123767));
#1749=CARTESIAN_POINT('',(1.3005405091664,-2.379449,-0.00117009372520061));
#1750=CARTESIAN_POINT('',(1.30052791294842,-2.379449,-0.00112955923402269));
#1751=CARTESIAN_POINT('',(1.30051573491057,-2.379449,-0.00108889656198294));
#1752=CARTESIAN_POINT('',(1.30050397903773,-2.379449,-0.0010481091933604));
#1753=CARTESIAN_POINT('',(1.30049264931478,-2.379449,-0.00100720061243402));
#1754=CARTESIAN_POINT('',(1.30048174972658,-2.379449,-0.000966174303482813));
#1755=CARTESIAN_POINT('',(1.300471284258,-2.379449,-0.000925033750785905));
#1756=CARTESIAN_POINT('',(1.30046125689391,-2.379449,-0.000883782438622198));
#1757=CARTESIAN_POINT('',(1.30045167161919,-2.379449,-0.000842423851270745));
#1758=CARTESIAN_POINT('',(1.30044253241871,-2.379449,-0.000800961473010562));
#1759=CARTESIAN_POINT('',(1.30043384327734,-2.379449,-0.0007593987881207));
#1760=CARTESIAN_POINT('',(1.30042560817995,-2.379449,-0.000717739280880062));
#1761=CARTESIAN_POINT('',(1.30041783111141,-2.379449,-0.000675986435567775));
#1762=CARTESIAN_POINT('',(1.30041051720607,-2.379449,-0.0006341391719982));
#1763=CARTESIAN_POINT('',(1.30040366946599,-2.379449,-0.000592199616650637));
#1764=CARTESIAN_POINT('',(1.30039728867761,-2.379449,-0.000550176063801836));
#1765=CARTESIAN_POINT('',(1.30039137562738,-2.379449,-0.000508076807728284));
#1766=CARTESIAN_POINT('',(1.30038593110174,-2.379449,-0.000465910142706578));
#1767=CARTESIAN_POINT('',(1.30038095588713,-2.379449,-0.000423684363013432));
#1768=CARTESIAN_POINT('',(1.30037645076999,-2.379449,-0.000381407762925331));
#1769=CARTESIAN_POINT('',(1.30037241653678,-2.379449,-0.00033908863671895));
#1770=CARTESIAN_POINT('',(1.30036885397393,-2.379449,-0.000296735278670773));
#1771=CARTESIAN_POINT('',(1.30036576386789,-2.379449,-0.000254355983057551));
#1772=CARTESIAN_POINT('',(1.3003631470051,-2.379449,-0.00021195904415577));
#1773=CARTESIAN_POINT('',(1.300361004172,-2.379449,-0.000169552756242027));
#1774=CARTESIAN_POINT('',(1.30035933615505,-2.379449,-0.000127145413593038));
#1775=CARTESIAN_POINT('',(1.30035814374067,-2.379449,-8.4745310485285E-05));
#1776=CARTESIAN_POINT('',(1.30035742771532,-2.379449,-4.2360741195406E-05));
#1777=CARTESIAN_POINT('',(1.30035718886544,-2.379449,0.));
#1778=EDGE_CURVE('Edge_23',#1643,#1645,#1646,.T.);
#1779=CARTESIAN_POINT('',(1.317681,-0.616894,0.));
#1780=VERTEX_POINT('',#1779);
#1781=CARTESIAN_POINT('',(1.64307618886544,-2.379449,0.));
#1782=VERTEX_POINT('',#1781);
#1783=B_SPLINE_CURVE_WITH_KNOTS('Curve_24',1,(#1784, #1785, #1786, #1787, #1788, #1789, #1790, #1791, #1792, #1793, #1794, #1795, #1796, #1797, #1798, #1799, #1800),.POLYLINE_FORM.,.F.,.F.,(2,1,1,1,1,1,1,1,1,1,1,1,1,1,1,1,2),(0.,1.,2.,3.,4.,5.,6.,7.,8.,9.,10.,11.,12.,13.,14.,15.,16.),.UNIFORM_KNOTS.);
#1784=CARTESIAN_POINT('',(1.317681,-0.616894,0.));
#1785=CARTESIAN_POINT('',(1.33801819930409,-0.7270536875,0.));
#1786=CARTESIAN_POINT('',(1.35835539860818,-0.837213375,0.));
#1787=CARTESIAN_POINT('',(1.37869259791227,-0.9473730625,0.));
#1788=CARTESIAN_POINT('',(1.39902979721636,-1.05753275,0.));
#1789=CARTESIAN_POINT('',(1.41936699652045,-1.1676924375,0.));
#1790=CARTESIAN_POINT('',(1.43970419582454,-1.277852125,0.));
#1791=CARTESIAN_POINT('',(1.46004139512863,-1.3880118125,0.));
#1792=CARTESIAN_POINT('',(1.48037859443272,-1.4981715,0.));
#1793=CARTESIAN_POINT('',(1.50071579373681,-1.6083311875,0.));
#1794=CARTESIAN_POINT('',(1.5210529930409,-1.718490875,0.));
#1795=CARTESIAN_POINT('',(1.54139019234499,-1.8286505625,0.));
#1796=CARTESIAN_POINT('',(1.56172739164908,-1.93881025,0.));
#1797=CARTESIAN_POINT('',(1.58206459095317,-2.0489699375,0.));
#1798=CARTESIAN_POINT('',(1.60240179025726,-2.159129625,0.));
#1799=CARTESIAN_POINT('',(1.62273898956135,-2.2692893125,0.));
#1800=CARTESIAN_POINT('',(1.64307618886544,-2.379449,0.));
#1801=EDGE_CURVE('Edge_24',#1780,#1782,#1783,.T.);
#1802=CARTESIAN_POINT('',(0.828082,-0.616894,0.));
#1803=VERTEX_POINT('',#1802);
#1804=CARTESIAN_POINT('',(1.317681,-0.616894,0.));
#1805=VERTEX_POINT('',#1804);
#1806=B_SPLINE_CURVE_WITH_KNOTS('Curve_25',1,(#1807, #1808, #1809, #1810, #1811, #1812, #1813, #1814, #1815, #1816, #1817, #1818, #1819, #1820, #1821, #1822, #1823, #1824, #1825, #1826, #1827, #1828, #1829, #1830, #1831, #1832, #1833, #1834, #1835, #1836, #1837, #1838, #1839, #1840, #1841, #1842, #1843, #1844, #1845, #1846, #1847, #1848, #1849, #1850, #1851, #1852, #1853, #1854, #1855, #1856, #1857, #1858, #1859, #1860, #1861, #1862, #1863, #1864, #1865, #1866, #1867, #1868, #1869, #1870, #1871, #1872, #1873, #1874, #1875, #1876, #1877, #1878, #1879, #1880, #1881, #1882, #1883, #1884, #1885, #1886, #1887, #1888, #1889, #1890, #1891, #1892, #1893, #1894, #1895, #1896, #1897, #1898, #1899, #1900, #1901, #1902, #1903, #1904, #1905, #1906, #1907, #1908, #1909, #1910, #1911, #1912, #1913, #1914, #1915, #1916, #1917, #1918, #1919, #1920, #1921, #1922, #1923, #1924, #1925, #1926, #1927, #1928, #1929, #1930, #1931, #1932, #1933, #1934, #1935, #1936, #1937),.POLYLINE_FORM.,.F.,.F.,(2,1,1,1,1,1,1,1,1,1,1,1,1,1,1,1,1,1,1,1,1,1,1,1,1,1,1,1,1,1,1,1,1,1,1,1,1,1,1,1,1,1,1,1,1,1,1,1,1,1,1,1,1,1,1,1,1,1,1,1,1,1,1,1,1,1,1,1,1,1,1,1,1,1,1,1,1,1,1,1,1,1,1,1,1,1,1,1,1,1,1,1,1,1,1,1,1,1,1,1,1,1,1,1,1,1,1,1,1,1,1,1,1,1,1,1,1,1,1,1,1,1,1,1,1,1,1,1,1,1,2),(0.,1.,2.,3.,4.,5.,6.,7.,8.,9.,10.,11.,12.,13.,14.,15.,16.,17.,18.,19.,20.,21.,22.,23.,24.,25.,26.,27.,28.,29.,30.,31.,32.,33.,34.,35.,36.,37.,38.,39.,40.,41.,42.,43.,44.,45.,46.,47.,48.,49.,50.,51.,52.,53.,54.,55.,56.,57.,58.,59.,60.,61.,62.,63.,64.,65.,66.,67.,68.,69.,70.,71.,72.,73.,74.,75.,76.,77.,78.,79.,80.,81.,82.,83.,84.,85.,86.,87.,88.,89.,90.,91.,92.,93.,94.,95.,96.,97.,98.,99.,100.,101.,102.,103.,104.,105.,106.,107.,108.,109.,110.,111.,112.,113.,114.,115.,116.,117.,118.,119.,120.,121.,122.,123.,124.,125.,126.,127.,128.,129.,130.),.UNIFORM_KNOTS.);
#1807=CARTESIAN_POINT('',(0.828082,-0.616894,0.));
#1808=CARTESIAN_POINT('',(0.828082341214416,-0.616894,6.05153975371912E-05));
#1809=CARTESIAN_POINT('',(0.82808336410867,-0.616894,0.000121064835239031));
#1810=CARTESIAN_POINT('',(0.82808506755927,-0.616894,0.000181636464128687));
#1811=CARTESIAN_POINT('',(0.828087450442724,-0.616894,0.000242218435229329));
#1812=CARTESIAN_POINT('',(0.82809051163554,-0.616894,0.000302798899563792));
#1813=CARTESIAN_POINT('',(0.828094250014227,-0.616894,0.000363366008155357));
#1814=CARTESIAN_POINT('',(0.828098664455293,-0.616894,0.000423907912026859));
#1815=CARTESIAN_POINT('',(0.828103753835247,-0.616894,0.000484412762201578));
#1816=CARTESIAN_POINT('',(0.828109517030595,-0.616894,0.00054486870970235));
#1817=CARTESIAN_POINT('',(0.828115952917848,-0.616894,0.000605263905552454));
#1818=CARTESIAN_POINT('',(0.828123060373512,-0.616894,0.000665586500774728));
#1819=CARTESIAN_POINT('',(0.828130838274096,-0.616894,0.000725824646392339));
#1820=CARTESIAN_POINT('',(0.828139285496109,-0.616894,0.000785966493428455));
#1821=CARTESIAN_POINT('',(0.828148400916058,-0.616894,0.000846000192905915));
#1822=CARTESIAN_POINT('',(0.828158183410452,-0.616894,0.000905913895847995));
#1823=CARTESIAN_POINT('',(0.828168631855799,-0.616894,0.000965695753277535));
#1824=CARTESIAN_POINT('',(0.828179741963437,-0.616894,0.00102534272736436));
#1825=CARTESIAN_POINT('',(0.828191506398579,-0.616894,0.00108485636123196));
#1826=CARTESIAN_POINT('',(0.828203919468546,-0.616894,0.00114423167733462));
#1827=CARTESIAN_POINT('',(0.828216975480661,-0.616894,0.00120346369812666));
#1828=CARTESIAN_POINT('',(0.828230668742244,-0.616894,0.00126254744606204));
#1829=CARTESIAN_POINT('',(0.828244993560619,-0.616894,0.00132147794359518));
#1830=CARTESIAN_POINT('',(0.828259944243105,-0.616894,0.00138025021318005));
#1831=CARTESIAN_POINT('',(0.828275515097025,-0.616894,0.00143885927727105));
#1832=CARTESIAN_POINT('',(0.8282917004297,-0.616894,0.00149730015832217));
#1833=CARTESIAN_POINT('',(0.828308494548452,-0.616894,0.00155556787878782));
#1834=CARTESIAN_POINT('',(0.828325891760603,-0.616894,0.00161365746112196));
#1835=CARTESIAN_POINT('',(0.828343886373474,-0.616894,0.0016715639277789));
#1836=CARTESIAN_POINT('',(0.828362472694388,-0.616894,0.00172928230121294));
#1837=CARTESIAN_POINT('',(0.828381645030664,-0.616894,0.00178680760387816));
#1838=CARTESIAN_POINT('',(0.828401397689626,-0.616894,0.00184413485822866));
#1839=CARTESIAN_POINT('',(0.828421724978594,-0.616894,0.00190125908671882));
#1840=CARTESIAN_POINT('',(0.82846407595846,-0.616894,0.00201486409841131));
#1841=CARTESIAN_POINT('',(0.828508639887275,-0.616894,0.00212758862484803));
#1842=CARTESIAN_POINT('',(0.828555359487333,-0.616894,0.00223942324133507));
#1843=CARTESIAN_POINT('',(0.828604177480932,-0.616894,0.00235035852317862));
#1844=CARTESIAN_POINT('',(0.828655036590367,-0.616894,0.00246038504568487));
#1845=CARTESIAN_POINT('',(0.828707879537935,-0.616894,0.00256949338416001));
#1846=CARTESIAN_POINT('',(0.828762649045932,-0.616894,0.00267767411391025));
#1847=CARTESIAN_POINT('',(0.828819287836654,-0.616894,0.00278491781024166));
#1848=CARTESIAN_POINT('',(0.828877738632397,-0.616894,0.00289121504846064));
#1849=CARTESIAN_POINT('',(0.828937944155457,-0.616894,0.00299655640387327));
#1850=CARTESIAN_POINT('',(0.82899984712813,-0.616894,0.00310093245178577));
#1851=CARTESIAN_POINT('',(0.829063390272714,-0.616894,0.0032043337675043));
#1852=CARTESIAN_POINT('',(0.829128516311502,-0.616894,0.00330675092633507));
#1853=CARTESIAN_POINT('',(0.829195167966793,-0.616894,0.00340817450358426));
#1854=CARTESIAN_POINT('',(0.829263287960882,-0.616894,0.00350859507455808));
#1855=CARTESIAN_POINT('',(0.829332819016065,-0.616894,0.0036080032145627));
#1856=CARTESIAN_POINT('',(0.829403699725138,-0.616894,0.00370641117921585));
#1857=CARTESIAN_POINT('',(0.829475882886545,-0.616894,0.00380384459802372));
#1858=CARTESIAN_POINT('',(0.829549332531057,-0.616894,0.00390031410712518));
#1859=CARTESIAN_POINT('',(0.829624012689446,-0.616894,0.00399583034265934));
#1860=CARTESIAN_POINT('',(0.829699887392483,-0.616894,0.00409040394076506));
#1861=CARTESIAN_POINT('',(0.829776920670938,-0.616894,0.00418404553758127));
#1862=CARTESIAN_POINT('',(0.829855076555584,-0.616894,0.00427676576924693));
#1863=CARTESIAN_POINT('',(0.82993431907719,-0.616894,0.00436857527190096));
#1864=CARTESIAN_POINT('',(0.830014612266529,-0.616894,0.00445948468168231));
#1865=CARTESIAN_POINT('',(0.83009592015437,-0.616894,0.00454950463472993));
#1866=CARTESIAN_POINT('',(0.830178206771486,-0.616894,0.00463864576718268));
#1867=CARTESIAN_POINT('',(0.830261436148646,-0.616894,0.00472691871517965));
#1868=CARTESIAN_POINT('',(0.830430579306188,-0.616894,0.0049009026023618));
#1869=CARTESIAN_POINT('',(0.830603061873163,-0.616894,0.00507154138538783));
#1870=CARTESIAN_POINT('',(0.830778615508831,-0.616894,0.00523894626498175));
#1871=CARTESIAN_POINT('',(0.830957057627036,-0.616894,0.00540323684642335));
#1872=CARTESIAN_POINT('',(0.831138229105826,-0.616894,0.00556451082565776));
#1873=CARTESIAN_POINT('',(0.831321970823248,-0.616894,0.00572286589863036));
#1874=CARTESIAN_POINT('',(0.831508123657347,-0.616894,0.00587839976128629));
#1875=CARTESIAN_POINT('',(0.831696528486171,-0.616894,0.00603121010957078));
#1876=CARTESIAN_POINT('',(0.831887026187766,-0.616894,0.00618139463942898));
#1877=CARTESIAN_POINT('',(0.832079457640181,-0.616894,0.00632905104680625));
#1878=CARTESIAN_POINT('',(0.832273728102993,-0.616894,0.00647424384722919));
#1879=CARTESIAN_POINT('',(0.83246978863778,-0.616894,0.00661702252719341));
#1880=CARTESIAN_POINT('',(0.832667548825583,-0.616894,0.00675746223909749));
#1881=CARTESIAN_POINT('',(0.832866918247445,-0.616894,0.00689563813534002));
#1882=CARTESIAN_POINT('',(0.833067806484408,-0.616894,0.00703162536831953));
#1883=CARTESIAN_POINT('',(0.833270123117512,-0.616894,0.00716549909043473));
#1884=CARTESIAN_POINT('',(0.8334737777278,-0.616894,0.00729733445408413));
#1885=CARTESIAN_POINT('',(0.833678679896313,-0.616894,0.00742720661166626));
#1886=CARTESIAN_POINT('',(0.834091927764386,-0.616894,0.00768134638098632));
#1887=CARTESIAN_POINT('',(0.834509457486139,-0.616894,0.00792835212524313));
#1888=CARTESIAN_POINT('',(0.834930923085713,-0.616894,0.00816859713097034));
#1889=CARTESIAN_POINT('',(0.835355978587251,-0.616894,0.00840245468470181));
#1890=CARTESIAN_POINT('',(0.835784259318666,-0.616894,0.00863031000029453));
#1891=CARTESIAN_POINT('',(0.836215497723582,-0.616894,0.00885247782916756));
#1892=CARTESIAN_POINT('',(0.836649493499703,-0.616894,0.00906922576419768));
#1893=CARTESIAN_POINT('',(0.837086046344731,-0.616894,0.00928082139826156));
#1894=CARTESIAN_POINT('',(0.837966022032317,-0.616894,0.00968962613499728));
#1895=CARTESIAN_POINT('',(0.838853822367965,-0.616894,0.0100810327823885));
#1896=CARTESIAN_POINT('',(0.839748500251001,-0.616894,0.0104563500838941));
#1897=CARTESIAN_POINT('',(0.840649425047426,-0.616894,0.0108166037025543));
#1898=CARTESIAN_POINT('',(0.84155557655759,-0.616894,0.011163415315114));
#1899=CARTESIAN_POINT('',(0.842466470820134,-0.616894,0.0114976116932319));
#1900=CARTESIAN_POINT('',(0.843381551777019,-0.616894,0.0118201643813827));
#1901=CARTESIAN_POINT('',(0.844300296871098,-0.616894,0.012132044354956));
#1902=CARTESIAN_POINT('',(0.845222432992779,-0.616894,0.0124337745250829));
#1903=CARTESIAN_POINT('',(0.846147687032475,-0.616894,0.0127258778028946));
#1904=CARTESIAN_POINT('',(0.848006300745382,-0.616894,0.0132837345511915));
#1905=CARTESIAN_POINT('',(0.849873926565416,-0.616894,0.0138104002786101));
#1906=CARTESIAN_POINT('',(0.851749283421835,-0.616894,0.0143087340667399));
#1907=CARTESIAN_POINT('',(0.853631545062201,-0.616894,0.0147807126668696));
#1908=CARTESIAN_POINT('',(0.855519451430561,-0.616894,0.0152294179353783));
#1909=CARTESIAN_POINT('',(0.857412279825866,-0.616894,0.015656791625911));
#1910=CARTESIAN_POINT('',(0.859309527302943,-0.616894,0.0160642281248933));
#1911=CARTESIAN_POINT('',(0.861210690916618,-0.616894,0.016453121818751));
#1912=CARTESIAN_POINT('',(0.865022692684009,-0.616894,0.0171813503285156));
#1913=CARTESIAN_POINT('',(0.868845727408635,-0.616894,0.0178494192180398));
#1914=CARTESIAN_POINT('',(0.872677711625472,-0.616894,0.0184642075797374));
#1915=CARTESIAN_POINT('',(0.876516915825777,-0.616894,0.0190317736782403));
#1916=CARTESIAN_POINT('',(0.880362420630688,-0.616894,0.0195555117497842));
#1917=CARTESIAN_POINT('',(0.884212974212424,-0.616894,0.0200402792450656));
#1918=CARTESIAN_POINT('',(0.891926749522149,-0.616894,0.0209031916987724));
#1919=CARTESIAN_POINT('',(0.899653437741219,-0.616894,0.0216416075217248));
#1920=CARTESIAN_POINT('',(0.90738976242733,-0.616894,0.0222708778065921));
#1921=CARTESIAN_POINT('',(0.915133449292334,-0.616894,0.0228028734900236));
#1922=CARTESIAN_POINT('',(0.930635756417657,-0.616894,0.023614791586708));
#1923=CARTESIAN_POINT('',(0.946150701120676,-0.616894,0.0241379178324456));
#1924=CARTESIAN_POINT('',(0.961671937970704,-0.616894,0.024416759940481));
#1925=CARTESIAN_POINT('',(0.977195583685889,-0.616894,0.024484761539877));
#1926=CARTESIAN_POINT('',(0.992718932646411,-0.616894,0.0243691403037307));
#1927=CARTESIAN_POINT('',(1.00824022896156,-0.616894,0.0240918383584735));
#1928=CARTESIAN_POINT('',(1.0392723578443,-0.616894,0.0231199764642137));
#1929=CARTESIAN_POINT('',(1.07028658082969,-0.616894,0.0216839845897855));
#1930=CARTESIAN_POINT('',(1.10128092947307,-0.616894,0.0198687844883327));
#1931=CARTESIAN_POINT('',(1.1322551754723,-0.616894,0.0177360241135074));
#1932=CARTESIAN_POINT('',(1.16320961903622,-0.616894,0.0153336349282946));
#1933=CARTESIAN_POINT('',(1.19414463229837,-0.616894,0.0126920724475669));
#1934=CARTESIAN_POINT('',(1.22506033887504,-0.616894,0.0098336450985446));
#1935=CARTESIAN_POINT('',(1.25595604519184,-0.616894,0.00676654655157401));
#1936=CARTESIAN_POINT('',(1.28683048363699,-0.616894,0.00349221540775382));
#1937=CARTESIAN_POINT('',(1.317681,-0.616894,0.));
#1938=EDGE_CURVE('Edge_25',#1803,#1805,#1806,.T.);
#1939=CARTESIAN_POINT('',(0.828082,-0.616894,0.));
#1940=VERTEX_POINT('',#1939);
#1941=CARTESIAN_POINT('',(0.828082,0.,0.));
#1942=VERTEX_POINT('',#1941);
#1943=B_SPLINE_CURVE_WITH_KNOTS('Curve_26',1,(#1944, #1945, #1946, #1947, #1948, #1949, #1950, #1951, #1952, #1953, #1954, #1955, #1956, #1957, #1958, #1959, #1960),.POLYLINE_FORM.,.F.,.F.,(2,1,1,1,1,1,1,1,1,1,1,1,1,1,1,1,2),(0.,1.,2.,3.,4.,5.,6.,7.,8.,9.,10.,11.,12.,13.,14.,15.,16.),.UNIFORM_KNOTS.);
#1944=CARTESIAN_POINT('',(0.828082,-0.616894,0.));
#1945=CARTESIAN_POINT('',(0.828082,-0.578338125,0.));
#1946=CARTESIAN_POINT('',(0.828082,-0.53978225,0.));
#1947=CARTESIAN_POINT('',(0.828082,-0.501226375,0.));
#1948=CARTESIAN_POINT('',(0.828082,-0.4626705,0.));
#1949=CARTESIAN_POINT('',(0.828082,-0.424114625,0.));
#1950=CARTESIAN_POINT('',(0.828082,-0.38555875,0.));
#1951=CARTESIAN_POINT('',(0.828082,-0.347002875,0.));
#1952=CARTESIAN_POINT('',(0.828082,-0.308447,0.));
#1953=CARTESIAN_POINT('',(0.828082,-0.269891125,0.));
#1954=CARTESIAN_POINT('',(0.828082,-0.23133525,0.));
#1955=CARTESIAN_POINT('',(0.828082,-0.192779375,0.));
#1956=CARTESIAN_POINT('',(0.828082,-0.1542235,0.));
#1957=CARTESIAN_POINT('',(0.828082,-0.115667625,0.));
#1958=CARTESIAN_POINT('',(0.828082,-0.07711175,0.));
#1959=CARTESIAN_POINT('',(0.828082,-0.038555875,0.));
#1960=CARTESIAN_POINT('',(0.828082,0.,0.));
#1961=EDGE_CURVE('Edge_26',#1940,#1942,#1943,.T.);
#1962=CARTESIAN_POINT('',(1.317681,-0.616894,0.));
#1963=VERTEX_POINT('',#1962);
#1964=CARTESIAN_POINT('',(0.828082,-0.616894,0.));
#1965=VERTEX_POINT('',#1964);
#1966=B_SPLINE_CURVE_WITH_KNOTS('Curve_27',1,(#1967, #1968, #1969, #1970, #1971, #1972, #1973, #1974, #1975, #1976, #1977, #1978, #1979, #1980, #1981, #1982, #1983, #1984, #1985, #1986, #1987, #1988, #1989, #1990, #1991, #1992, #1993, #1994, #1995, #1996, #1997, #1998, #1999, #2000, #2001, #2002, #2003, #2004, #2005, #2006, #2007, #2008, #2009, #2010, #2011, #2012, #2013, #2014, #2015, #2016, #2017, #2018, #2019, #2020, #2021, #2022, #2023, #2024, #2025, #2026, #2027, #2028, #2029, #2030, #2031, #2032, #2033, #2034, #2035, #2036, #2037, #2038, #2039, #2040, #2041, #2042, #2043, #2044, #2045, #2046, #2047, #2048, #2049, #2050, #2051, #2052, #2053, #2054, #2055, #2056, #2057, #2058, #2059, #2060, #2061, #2062, #2063, #2064, #2065, #2066, #2067, #2068, #2069, #2070, #2071, #2072, #2073, #2074, #2075, #2076, #2077, #2078, #2079, #2080, #2081, #2082, #2083, #2084, #2085, #2086, #2087, #2088, #2089, #2090, #2091, #2092, #2093, #2094, #2095, #2096, #2097),.POLYLINE_FORM.,.F.,.F.,(2,1,1,1,1,1,1,1,1,1,1,1,1,1,1,1,1,1,1,1,1,1,1,1,1,1,1,1,1,1,1,1,1,1,1,1,1,1,1,1,1,1,1,1,1,1,1,1,1,1,1,1,1,1,1,1,1,1,1,1,1,1,1,1,1,1,1,1,1,1,1,1,1,1,1,1,1,1,1,1,1,1,1,1,1,1,1,1,1,1,1,1,1,1,1,1,1,1,1,1,1,1,1,1,1,1,1,1,1,1,1,1,1,1,1,1,1,1,1,1,1,1,1,1,1,1,1,1,1,1,2),(0.,1.,2.,3.,4.,5.,6.,7.,8.,9.,10.,11.,12.,13.,14.,15.,16.,17.,18.,19.,20.,21.,22.,23.,24.,25.,26.,27.,28.,29.,30.,31.,32.,33.,34.,35.,36.,37.,38.,39.,40.,41.,42.,43.,44.,45.,46.,47.,48.,49.,50.,51.,52.,53.,54.,55.,56.,57.,58.,59.,60.,61.,62.,63.,64.,65.,66.,67.,68.,69.,70.,71.,72.,73.,74.,75.,76.,77.,78.,79.,80.,81.,82.,83.,84.,85.,86.,87.,88.,89.,90.,91.,92.,93.,94.,95.,96.,97.,98.,99.,100.,101.,102.,103.,104.,105.,106.,107.,108.,109.,110.,111.,112.,113.,114.,115.,116.,117.,118.,119.,120.,121.,122.,123.,124.,125.,126.,127.,128.,129.,130.),.UNIFORM_KNOTS.);
#1967=CARTESIAN_POINT('',(1.317681,-0.616894,0.));
#1968=CARTESIAN_POINT('',(1.28683048363699,-0.616894,-0.00349221540775361));
#1969=CARTESIAN_POINT('',(1.25595604519184,-0.616894,-0.00676654655157397));
#1970=CARTESIAN_POINT('',(1.22506033887504,-0.616894,-0.00983364509854459));
#1971=CARTESIAN_POINT('',(1.19414463229837,-0.616894,-0.0126920724475669));
#1972=CARTESIAN_POINT('',(1.16320961903622,-0.616894,-0.0153336349282946));
#1973=CARTESIAN_POINT('',(1.1322551754723,-0.616894,-0.0177360241135074));
#1974=CARTESIAN_POINT('',(1.10128092947307,-0.616894,-0.0198687844883327));
#1975=CARTESIAN_POINT('',(1.07028658082969,-0.616894,-0.0216839845897855));
#1976=CARTESIAN_POINT('',(1.0392723578443,-0.616894,-0.0231199764642137));
#1977=CARTESIAN_POINT('',(1.00824022896156,-0.616894,-0.0240918383584735));
#1978=CARTESIAN_POINT('',(0.992718932646411,-0.616894,-0.0243691403037307));
#1979=CARTESIAN_POINT('',(0.977195583685889,-0.616894,-0.024484761539877));
#1980=CARTESIAN_POINT('',(0.961671937970704,-0.616894,-0.024416759940481));
#1981=CARTESIAN_POINT('',(0.946150701120676,-0.616894,-0.0241379178324456));
#1982=CARTESIAN_POINT('',(0.930635756417657,-0.616894,-0.023614791586708));
#1983=CARTESIAN_POINT('',(0.915133449292335,-0.616894,-0.0228028734900237));
#1984=CARTESIAN_POINT('',(0.907389762427331,-0.616894,-0.0222708778065921));
#1985=CARTESIAN_POINT('',(0.899653437741219,-0.616894,-0.0216416075217249));
#1986=CARTESIAN_POINT('',(0.891926749522149,-0.616894,-0.0209031916987724));
#1987=CARTESIAN_POINT('',(0.884212974212424,-0.616894,-0.0200402792450656));
#1988=CARTESIAN_POINT('',(0.880362420630688,-0.616894,-0.0195555117497842));
#1989=CARTESIAN_POINT('',(0.876516915825777,-0.616894,-0.0190317736782404));
#1990=CARTESIAN_POINT('',(0.872677711625473,-0.616894,-0.0184642075797374));
#1991=CARTESIAN_POINT('',(0.868845727408635,-0.616894,-0.0178494192180398));
#1992=CARTESIAN_POINT('',(0.865022692684009,-0.616894,-0.0171813503285156));
#1993=CARTESIAN_POINT('',(0.861210690916618,-0.616894,-0.016453121818751));
#1994=CARTESIAN_POINT('',(0.859309527302943,-0.616894,-0.0160642281248934));
#1995=CARTESIAN_POINT('',(0.857412279825866,-0.616894,-0.015656791625911));
#1996=CARTESIAN_POINT('',(0.855519451430561,-0.616894,-0.0152294179353784));
#1997=CARTESIAN_POINT('',(0.853631545062201,-0.616894,-0.0147807126668696));
#1998=CARTESIAN_POINT('',(0.851749283421835,-0.616894,-0.0143087340667399));
#1999=CARTESIAN_POINT('',(0.849873926565417,-0.616894,-0.0138104002786101));
#2000=CARTESIAN_POINT('',(0.848006300745382,-0.616894,-0.0132837345511916));
#2001=CARTESIAN_POINT('',(0.846147687032475,-0.616894,-0.0127258778028946));
#2002=CARTESIAN_POINT('',(0.845222432992779,-0.616894,-0.0124337745250829));
#2003=CARTESIAN_POINT('',(0.844300296871098,-0.616894,-0.012132044354956));
#2004=CARTESIAN_POINT('',(0.84338155177702,-0.616894,-0.0118201643813827));
#2005=CARTESIAN_POINT('',(0.842466470820134,-0.616894,-0.011497611693232));
#2006=CARTESIAN_POINT('',(0.84155557655759,-0.616894,-0.0111634153151139));
#2007=CARTESIAN_POINT('',(0.840649425047426,-0.616894,-0.0108166037025543));
#2008=CARTESIAN_POINT('',(0.839748500251001,-0.616894,-0.0104563500838941));
#2009=CARTESIAN_POINT('',(0.838853822367965,-0.616894,-0.0100810327823886));
#2010=CARTESIAN_POINT('',(0.837966022032318,-0.616894,-0.00968962613499738));
#2011=CARTESIAN_POINT('',(0.837086046344731,-0.616894,-0.00928082139826161));
#2012=CARTESIAN_POINT('',(0.836649493499703,-0.616894,-0.00906922576419775));
#2013=CARTESIAN_POINT('',(0.836215497723583,-0.616894,-0.00885247782916763));
#2014=CARTESIAN_POINT('',(0.835784259318666,-0.616894,-0.00863031000029461));
#2015=CARTESIAN_POINT('',(0.835355978587251,-0.616894,-0.00840245468470189));
#2016=CARTESIAN_POINT('',(0.834930923085714,-0.616894,-0.00816859713097044));
#2017=CARTESIAN_POINT('',(0.834509457486139,-0.616894,-0.00792835212524322));
#2018=CARTESIAN_POINT('',(0.834091927764386,-0.616894,-0.00768134638098641));
#2019=CARTESIAN_POINT('',(0.833678679896313,-0.616894,-0.00742720661166639));
#2020=CARTESIAN_POINT('',(0.8334737777278,-0.616894,-0.00729733445408423));
#2021=CARTESIAN_POINT('',(0.833270123117512,-0.616894,-0.00716549909043482));
#2022=CARTESIAN_POINT('',(0.833067806484408,-0.616894,-0.00703162536831963));
#2023=CARTESIAN_POINT('',(0.832866918247446,-0.616894,-0.00689563813534008));
#2024=CARTESIAN_POINT('',(0.832667548825583,-0.616894,-0.00675746223909755));
#2025=CARTESIAN_POINT('',(0.83246978863778,-0.616894,-0.00661702252719344));
#2026=CARTESIAN_POINT('',(0.832273728102993,-0.616894,-0.00647424384722918));
#2027=CARTESIAN_POINT('',(0.832079457640181,-0.616894,-0.00632905104680622));
#2028=CARTESIAN_POINT('',(0.831887026187767,-0.616894,-0.00618139463942892));
#2029=CARTESIAN_POINT('',(0.831696528486171,-0.616894,-0.00603121010957067));
#2030=CARTESIAN_POINT('',(0.831508123657347,-0.616894,-0.0058783997612862));
#2031=CARTESIAN_POINT('',(0.831321970823247,-0.616894,-0.00572286589863029));
#2032=CARTESIAN_POINT('',(0.831138229105826,-0.616894,-0.00556451082565776));
#2033=CARTESIAN_POINT('',(0.830957057627036,-0.616894,-0.00540323684642335));
#2034=CARTESIAN_POINT('',(0.830778615508831,-0.616894,-0.00523894626498175));
#2035=CARTESIAN_POINT('',(0.830603061873163,-0.616894,-0.00507154138538788));
#2036=CARTESIAN_POINT('',(0.830430579306187,-0.616894,-0.00490090260236188));
#2037=CARTESIAN_POINT('',(0.830261436148646,-0.616894,-0.00472691871517969));
#2038=CARTESIAN_POINT('',(0.830178206771486,-0.616894,-0.00463864576718276));
#2039=CARTESIAN_POINT('',(0.83009592015437,-0.616894,-0.00454950463472993));
#2040=CARTESIAN_POINT('',(0.830014612266528,-0.616894,-0.00445948468168235));
#2041=CARTESIAN_POINT('',(0.82993431907719,-0.616894,-0.00436857527190099));
#2042=CARTESIAN_POINT('',(0.829855076555584,-0.616894,-0.00427676576924696));
#2043=CARTESIAN_POINT('',(0.829776920670938,-0.616894,-0.00418404553758131));
#2044=CARTESIAN_POINT('',(0.829699887392483,-0.616894,-0.0040904039407651));
#2045=CARTESIAN_POINT('',(0.829624012689446,-0.616894,-0.00399583034265939));
#2046=CARTESIAN_POINT('',(0.829549332531057,-0.616894,-0.00390031410712528));
#2047=CARTESIAN_POINT('',(0.829475882886545,-0.616894,-0.00380384459802374));
#2048=CARTESIAN_POINT('',(0.829403699725138,-0.616894,-0.00370641117921593));
#2049=CARTESIAN_POINT('',(0.829332819016065,-0.616894,-0.00360800321456276));
#2050=CARTESIAN_POINT('',(0.829263287960882,-0.616894,-0.00350859507455815));
#2051=CARTESIAN_POINT('',(0.829195167966793,-0.616894,-0.0034081745035844));
#2052=CARTESIAN_POINT('',(0.829128516311503,-0.616894,-0.00330675092633521));
#2053=CARTESIAN_POINT('',(0.829063390272714,-0.616894,-0.00320433376750445));
#2054=CARTESIAN_POINT('',(0.828999847128131,-0.616894,-0.00310093245178597));
#2055=CARTESIAN_POINT('',(0.828937944155457,-0.616894,-0.00299655640387344));
#2056=CARTESIAN_POINT('',(0.828877738632397,-0.616894,-0.00289121504846085));
#2057=CARTESIAN_POINT('',(0.828819287836654,-0.616894,-0.00278491781024187));
#2058=CARTESIAN_POINT('',(0.828762649045932,-0.616894,-0.00267767411391036));
#2059=CARTESIAN_POINT('',(0.828707879537935,-0.616894,-0.00256949338416017));
#2060=CARTESIAN_POINT('',(0.828655036590367,-0.616894,-0.00246038504568501));
#2061=CARTESIAN_POINT('',(0.828604177480932,-0.616894,-0.00235035852317875));
#2062=CARTESIAN_POINT('',(0.828555359487333,-0.616894,-0.00223942324133518));
#2063=CARTESIAN_POINT('',(0.828508639887275,-0.616894,-0.00212758862484813));
#2064=CARTESIAN_POINT('',(0.82846407595846,-0.616894,-0.00201486409841144));
#2065=CARTESIAN_POINT('',(0.828421724978594,-0.616894,-0.00190125908671883));
#2066=CARTESIAN_POINT('',(0.828401397689626,-0.616894,-0.0018441348582287));
#2067=CARTESIAN_POINT('',(0.828381645030664,-0.616894,-0.00178680760387815));
#2068=CARTESIAN_POINT('',(0.828362472694388,-0.616894,-0.00172928230121298));
#2069=CARTESIAN_POINT('',(0.828343886373475,-0.616894,-0.001671563927779));
#2070=CARTESIAN_POINT('',(0.828325891760604,-0.616894,-0.00161365746112201));
#2071=CARTESIAN_POINT('',(0.828308494548452,-0.616894,-0.00155556787878782));
#2072=CARTESIAN_POINT('',(0.8282917004297,-0.616894,-0.00149730015832229));
#2073=CARTESIAN_POINT('',(0.828275515097025,-0.616894,-0.00143885927727113));
#2074=CARTESIAN_POINT('',(0.828259944243105,-0.616894,-0.00138025021318013));
#2075=CARTESIAN_POINT('',(0.828244993560619,-0.616894,-0.00132147794359527));
#2076=CARTESIAN_POINT('',(0.828230668742244,-0.616894,-0.0012625474460622));
#2077=CARTESIAN_POINT('',(0.828216975480661,-0.616894,-0.00120346369812676));
#2078=CARTESIAN_POINT('',(0.828203919468546,-0.616894,-0.00114423167733478));
#2079=CARTESIAN_POINT('',(0.828191506398579,-0.616894,-0.00108485636123211));
#2080=CARTESIAN_POINT('',(0.828179741963437,-0.616894,-0.00102534272736439));
#2081=CARTESIAN_POINT('',(0.828168631855799,-0.616894,-0.000965695753277604));
#2082=CARTESIAN_POINT('',(0.828158183410452,-0.616894,-0.000905913895848047));
#2083=CARTESIAN_POINT('',(0.828148400916058,-0.616894,-0.000846000192905952));
#2084=CARTESIAN_POINT('',(0.828139285496109,-0.616894,-0.00078596649342848));
#2085=CARTESIAN_POINT('',(0.828130838274096,-0.616894,-0.000725824646392409));
#2086=CARTESIAN_POINT('',(0.828123060373512,-0.616894,-0.00066558650077468));
#2087=CARTESIAN_POINT('',(0.828115952917848,-0.616894,-0.000605263905552401));
#2088=CARTESIAN_POINT('',(0.828109517030595,-0.616894,-0.000544868709702349));
#2089=CARTESIAN_POINT('',(0.828103753835247,-0.616894,-0.000484412762201574));
#2090=CARTESIAN_POINT('',(0.828098664455294,-0.616894,-0.000423907912026854));
#2091=CARTESIAN_POINT('',(0.828094250014228,-0.616894,-0.000363366008155352));
#2092=CARTESIAN_POINT('',(0.82809051163554,-0.616894,-0.000302798899563843));
#2093=CARTESIAN_POINT('',(0.828087450442724,-0.616894,-0.00024221843522927));
#2094=CARTESIAN_POINT('',(0.82808506755927,-0.616894,-0.00018163646412874));
#2095=CARTESIAN_POINT('',(0.82808336410867,-0.616894,-0.00012106483523903));
#2096=CARTESIAN_POINT('',(0.828082341214416,-0.616894,-6.05153975371356E-05));
#2097=CARTESIAN_POINT('',(0.828082,-0.616894,0.));
#2098=EDGE_CURVE('Edge_27',#1963,#1965,#1966,.T.);
#2099=CARTESIAN_POINT('',(1.317681,0.,0.));
#2100=VERTEX_POINT('',#2099);
#2101=CARTESIAN_POINT('',(1.317681,-0.616894,0.));
#2102=VERTEX_POINT('',#2101);
#2103=B_SPLINE_CURVE_WITH_KNOTS('Curve_28',1,(#2104, #2105, #2106, #2107, #2108, #2109, #2110, #2111, #2112, #2113, #2114, #2115, #2116, #2117, #2118, #2119, #2120),.POLYLINE_FORM.,.F.,.F.,(2,1,1,1,1,1,1,1,1,1,1,1,1,1,1,1,2),(0.,1.,2.,3.,4.,5.,6.,7.,8.,9.,10.,11.,12.,13.,14.,15.,16.),.UNIFORM_KNOTS.);
#2104=CARTESIAN_POINT('',(1.317681,0.,0.));
#2105=CARTESIAN_POINT('',(1.317681,-0.038555875,0.));
#2106=CARTESIAN_POINT('',(1.317681,-0.07711175,0.));
#2107=CARTESIAN_POINT('',(1.317681,-0.115667625,0.));
#2108=CARTESIAN_POINT('',(1.317681,-0.1542235,0.));
#2109=CARTESIAN_POINT('',(1.317681,-0.192779375,0.));
#2110=CARTESIAN_POINT('',(1.317681,-0.23133525,0.));
#2111=CARTESIAN_POINT('',(1.317681,-0.269891125,0.));
#2112=CARTESIAN_POINT('',(1.317681,-0.308447,0.));
#2113=CARTESIAN_POINT('',(1.317681,-0.347002875,0.));
#2114=CARTESIAN_POINT('',(1.317681,-0.38555875,0.));
#2115=CARTESIAN_POINT('',(1.317681,-0.424114625,0.));
#2116=CARTESIAN_POINT('',(1.317681,-0.4626705,0.));
#2117=CARTESIAN_POINT('',(1.317681,-0.501226375,0.));
#2118=CARTESIAN_POINT('',(1.317681,-0.53978225,0.));
#2119=CARTESIAN_POINT('',(1.317681,-0.578338125,0.));
#2120=CARTESIAN_POINT('',(1.317681,-0.616894,0.));
#2121=EDGE_CURVE('Edge_28',#2100,#2102,#2103,.T.);
#2122=CARTESIAN_POINT('',(1.64307618886544,2.379449,0.));
#2123=VERTEX_POINT('',#2122);
#2124=CARTESIAN_POINT('',(1.30035718886544,2.379449,0.));
#2125=VERTEX_POINT('',#2124);
#2126=B_SPLINE_CURVE_WITH_KNOTS('Curve_29',1,(#2127, #2128, #2129, #2130, #2131, #2132, #2133, #2134, #2135, #2136, #2137, #2138, #2139, #2140, #2141, #2142, #2143),.POLYLINE_FORM.,.F.,.F.,(2,1,1,1,1,1,1,1,1,1,1,1,1,1,1,1,2),(0.,1.,2.,3.,4.,5.,6.,7.,8.,9.,10.,11.,12.,13.,14.,15.,16.),.UNIFORM_KNOTS.);
#2127=CARTESIAN_POINT('',(1.64307618886544,2.379449,0.));
#2128=CARTESIAN_POINT('',(1.62148084631487,2.379449,7.81032140004245E-17));
#2129=CARTESIAN_POINT('',(1.59986875832146,2.379449,1.30104260698261E-17));
#2130=CARTESIAN_POINT('',(1.57824178283094,2.379449,3.52365706057789E-18));
#2131=CARTESIAN_POINT('',(1.55660080717075,2.379449,8.67361737988404E-18));
#2132=CARTESIAN_POINT('',(1.53494631684256,2.379449,7.80625564189563E-18));
#2133=CARTESIAN_POINT('',(1.51327822531505,2.379449,4.33680868994202E-18));
#2134=CARTESIAN_POINT('',(1.49159627209494,2.379449,8.67361737988404E-18));
#2135=CARTESIAN_POINT('',(1.46990024703625,2.379449,3.46944695195361E-18));
#2136=CARTESIAN_POINT('',(1.44819030995033,2.379449,3.46944695195361E-18));
#2137=CARTESIAN_POINT('',(1.42646783874723,2.379449,0.));
#2138=CARTESIAN_POINT('',(1.40473660607676,2.379449,1.73472347597681E-18));
#2139=CARTESIAN_POINT('',(1.38300520730375,2.379449,-3.46944695195361E-18));
#2140=CARTESIAN_POINT('',(1.36129315002961,2.379449,-8.67361737988404E-18));
#2141=CARTESIAN_POINT('',(1.33964883642008,2.379449,-5.20417042793042E-18));
#2142=CARTESIAN_POINT('',(1.31824185475359,2.379449,-2.25514051876985E-17));
#2143=CARTESIAN_POINT('',(1.30035718886544,2.379449,0.));
#2144=EDGE_CURVE('Edge_29',#2123,#2125,#2126,.T.);
#2145=CARTESIAN_POINT('',(1.30035718886544,2.379449,0.));
#2146=VERTEX_POINT('',#2145);
#2147=CARTESIAN_POINT('',(1.64307618886544,2.379449,0.));
#2148=VERTEX_POINT('',#2147);
#2149=B_SPLINE_CURVE_WITH_KNOTS('Curve_30',1,(#2150, #2151, #2152, #2153, #2154, #2155, #2156, #2157, #2158, #2159, #2160, #2161, #2162, #2163, #2164, #2165, #2166, #2167, #2168, #2169, #2170, #2171, #2172, #2173, #2174, #2175, #2176, #2177, #2178, #2179, #2180, #2181, #2182, #2183, #2184, #2185, #2186, #2187, #2188, #2189, #2190, #2191, #2192, #2193, #2194, #2195, #2196, #2197, #2198, #2199, #2200, #2201, #2202, #2203, #2204, #2205, #2206, #2207, #2208, #2209, #2210, #2211, #2212, #2213, #2214, #2215, #2216, #2217, #2218, #2219, #2220, #2221, #2222, #2223, #2224, #2225, #2226, #2227, #2228, #2229, #2230, #2231, #2232, #2233, #2234, #2235, #2236, #2237, #2238, #2239, #2240, #2241, #2242, #2243, #2244, #2245, #2246, #2247, #2248, #2249, #2250, #2251, #2252, #2253, #2254, #2255, #2256, #2257, #2258, #2259, #2260, #2261, #2262, #2263, #2264, #2265, #2266, #2267, #2268, #2269, #2270, #2271, #2272, #2273, #2274, #2275, #2276, #2277, #2278, #2279, #2280),.POLYLINE_FORM.,.F.,.F.,(2,1,1,1,1,1,1,1,1,1,1,1,1,1,1,1,1,1,1,1,1,1,1,1,1,1,1,1,1,1,1,1,1,1,1,1,1,1,1,1,1,1,1,1,1,1,1,1,1,1,1,1,1,1,1,1,1,1,1,1,1,1,1,1,1,1,1,1,1,1,1,1,1,1,1,1,1,1,1,1,1,1,1,1,1,1,1,1,1,1,1,1,1,1,1,1,1,1,1,1,1,1,1,1,1,1,1,1,1,1,1,1,1,1,1,1,1,1,1,1,1,1,1,1,1,1,1,1,1,1,2),(0.,1.,2.,3.,4.,5.,6.,7.,8.,9.,10.,11.,12.,13.,14.,15.,16.,17.,18.,19.,20.,21.,22.,23.,24.,25.,26.,27.,28.,29.,30.,31.,32.,33.,34.,35.,36.,37.,38.,39.,40.,41.,42.,43.,44.,45.,46.,47.,48.,49.,50.,51.,52.,53.,54.,55.,56.,57.,58.,59.,60.,61.,62.,63.,64.,65.,66.,67.,68.,69.,70.,71.,72.,73.,74.,75.,76.,77.,78.,79.,80.,81.,82.,83.,84.,85.,86.,87.,88.,89.,90.,91.,92.,93.,94.,95.,96.,97.,98.,99.,100.,101.,102.,103.,104.,105.,106.,107.,108.,109.,110.,111.,112.,113.,114.,115.,116.,117.,118.,119.,120.,121.,122.,123.,124.,125.,126.,127.,128.,129.,130.),.UNIFORM_KNOTS.);
#2150=CARTESIAN_POINT('',(1.30035718886544,2.379449,0.));
#2151=CARTESIAN_POINT('',(1.30035742771532,2.379449,4.2360741195445E-05));
#2152=CARTESIAN_POINT('',(1.30035814374067,2.379449,8.47453104852858E-05));
#2153=CARTESIAN_POINT('',(1.30035933615505,2.379449,0.000127145413593001));
#2154=CARTESIAN_POINT('',(1.300361004172,2.379449,0.000169552756242068));
#2155=CARTESIAN_POINT('',(1.3003631470051,2.379449,0.000211959044155734));
#2156=CARTESIAN_POINT('',(1.30036576386789,2.379449,0.000254355983057555));
#2157=CARTESIAN_POINT('',(1.30036885397393,2.379449,0.000296735278670776));
#2158=CARTESIAN_POINT('',(1.30037241653678,2.379449,0.000339088636718953));
#2159=CARTESIAN_POINT('',(1.30037645076999,2.379449,0.000381407762925332));
#2160=CARTESIAN_POINT('',(1.30038095588713,2.379449,0.000423684363013469));
#2161=CARTESIAN_POINT('',(1.30038593110174,2.379449,0.000465910142706611));
#2162=CARTESIAN_POINT('',(1.30039137562738,2.379449,0.000508076807728235));
#2163=CARTESIAN_POINT('',(1.30039728867761,2.379449,0.000550176063801819));
#2164=CARTESIAN_POINT('',(1.30040366946599,2.379449,0.00059219961665061));
#2165=CARTESIAN_POINT('',(1.30041051720607,2.379449,0.000634139171998164));
#2166=CARTESIAN_POINT('',(1.30041783111141,2.379449,0.000675986435567727));
#2167=CARTESIAN_POINT('',(1.30042560817995,2.379449,0.00071773928088004));
#2168=CARTESIAN_POINT('',(1.30043384327734,2.379449,0.000759398788120596));
#2169=CARTESIAN_POINT('',(1.30044253241871,2.379449,0.000800961473010454));
#2170=CARTESIAN_POINT('',(1.30045167161919,2.379449,0.000842423851270675));
#2171=CARTESIAN_POINT('',(1.30046125689391,2.379449,0.000883782438622091));
#2172=CARTESIAN_POINT('',(1.300471284258,2.379449,0.00092503375078584));
#2173=CARTESIAN_POINT('',(1.30048174972658,2.379449,0.000966174303482753));
#2174=CARTESIAN_POINT('',(1.30049264931478,2.379449,0.00100720061243397));
#2175=CARTESIAN_POINT('',(1.30050397903773,2.379449,0.00104810919336031));
#2176=CARTESIAN_POINT('',(1.30051573491057,2.379449,0.00108889656198293));
#2177=CARTESIAN_POINT('',(1.30052791294842,2.379449,0.00112955923402265));
#2178=CARTESIAN_POINT('',(1.3005405091664,2.379449,0.00117009372520054));
#2179=CARTESIAN_POINT('',(1.30055351957965,2.379449,0.00121049655123764));
#2180=CARTESIAN_POINT('',(1.3005669402033,2.379449,0.00125076422785488));
#2181=CARTESIAN_POINT('',(1.30058076705247,2.379449,0.00129089327077316));
#2182=CARTESIAN_POINT('',(1.30059499614229,2.379449,0.00133088019571361));
#2183=CARTESIAN_POINT('',(1.30062464180224,2.379449,0.0014104036342873));
#2184=CARTESIAN_POINT('',(1.30065583652511,2.379449,0.00148931073372146));
#2185=CARTESIAN_POINT('',(1.30068854021652,2.379449,0.00156759489673613));
#2186=CARTESIAN_POINT('',(1.30072271278213,2.379449,0.00164524952605143));
#2187=CARTESIAN_POINT('',(1.30075831412757,2.379449,0.00172226802438745));
#2188=CARTESIAN_POINT('',(1.30079530415849,2.379449,0.00179864379446432));
#2189=CARTESIAN_POINT('',(1.30083364278052,2.379449,0.00187437023900213));
#2190=CARTESIAN_POINT('',(1.30087328989932,2.379449,0.00194944076072094));
#2191=CARTESIAN_POINT('',(1.30091420542053,2.379449,0.00202384876234098));
#2192=CARTESIAN_POINT('',(1.30095634924978,2.379449,0.0020975876465823));
#2193=CARTESIAN_POINT('',(1.30099968129272,2.379449,0.002170650816165));
#2194=CARTESIAN_POINT('',(1.30104416145499,2.379449,0.00224303167380919));
#2195=CARTESIAN_POINT('',(1.30108974964224,2.379449,0.00231472362223499));
#2196=CARTESIAN_POINT('',(1.3011364057601,2.379449,0.0023857200641625));
#2197=CARTESIAN_POINT('',(1.30118408971423,2.379449,0.00245601440231183));
#2198=CARTESIAN_POINT('',(1.30123276141025,2.379449,0.00252560003940309));
#2199=CARTESIAN_POINT('',(1.30128237786317,2.379449,0.00259448555436117));
#2200=CARTESIAN_POINT('',(1.30133290603192,2.379449,0.00266268888782471));
#2201=CARTESIAN_POINT('',(1.30138432073807,2.379449,0.0027302174850844));
#2202=CARTESIAN_POINT('',(1.30143659680319,2.379449,0.00279707879143108));
#2203=CARTESIAN_POINT('',(1.30148970904882,2.379449,0.00286328025215546));
#2204=CARTESIAN_POINT('',(1.30154363229654,2.379449,0.00292882931254826));
#2205=CARTESIAN_POINT('',(1.3015983413679,2.379449,0.00299373341790024));
#2206=CARTESIAN_POINT('',(1.30165381108447,2.379449,0.00305800001350212));
#2207=CARTESIAN_POINT('',(1.30171001626781,2.379449,0.00312163654464466));
#2208=CARTESIAN_POINT('',(1.30176693173947,2.379449,0.0031846504566186));
#2209=CARTESIAN_POINT('',(1.30182453232103,2.379449,0.00324704919471461));
#2210=CARTESIAN_POINT('',(1.30188279283405,2.379449,0.00330884020422357));
#2211=CARTESIAN_POINT('',(1.30200119294069,2.379449,0.00343062881864308));
#2212=CARTESIAN_POINT('',(1.30212193063188,2.379449,0.00355007586220301));
#2213=CARTESIAN_POINT('',(1.30224481806928,2.379449,0.00366725917534203));
#2214=CARTESIAN_POINT('',(1.30236972744268,2.379449,0.00378226248168269));
#2215=CARTESIAN_POINT('',(1.30249654736682,2.379449,0.00389515416832674));
#2216=CARTESIAN_POINT('',(1.30262516645643,2.379449,0.00400600262237606));
#2217=CARTESIAN_POINT('',(1.30275547332624,2.379449,0.00411487623093241));
#2218=CARTESIAN_POINT('',(1.30288735659097,2.379449,0.00422184338109757));
#2219=CARTESIAN_POINT('',(1.30302070486536,2.379449,0.00432697245997329));
#2220=CARTESIAN_POINT('',(1.30315540676414,2.379449,0.00443033185466145));
#2221=CARTESIAN_POINT('',(1.30329139596907,2.379449,0.00453196672599115));
#2222=CARTESIAN_POINT('',(1.30342863822328,2.379449,0.00463191171447899));
#2223=CARTESIAN_POINT('',(1.30356707023357,2.379449,0.00473021942675792));
#2224=CARTESIAN_POINT('',(1.30370662870671,2.379449,0.00482694246946092));
#2225=CARTESIAN_POINT('',(1.30384725034949,2.379449,0.0049221334492209));
#2226=CARTESIAN_POINT('',(1.30398887186869,2.379449,0.0050158449726709));
#2227=CARTESIAN_POINT('',(1.30413142997111,2.379449,0.00510812964644384));
#2228=CARTESIAN_POINT('',(1.30427486136351,2.379449,0.00519904007717265));
#2229=CARTESIAN_POINT('',(1.30456413461795,2.379449,0.00537693775997347));
#2230=CARTESIAN_POINT('',(1.30485640516733,2.379449,0.00554984162960137));
#2231=CARTESIAN_POINT('',(1.30515143082878,2.379449,0.00571801298640117));
#2232=CARTESIAN_POINT('',(1.30544896941941,2.379449,0.00588171313071783));
#2233=CARTESIAN_POINT('',(1.30574876566897,2.379449,0.00604121171201523));
#2234=CARTESIAN_POINT('',(1.30605063228817,2.379449,0.00619672905609382));
#2235=CARTESIAN_POINT('',(1.30635442906553,2.379449,0.0063484524778034));
#2236=CARTESIAN_POINT('',(1.30666001578955,2.379449,0.00649656929199366));
#2237=CARTESIAN_POINT('',(1.30727599823166,2.379449,0.00678273235721505));
#2238=CARTESIAN_POINT('',(1.30789745792262,2.379449,0.00705671677055594));
#2239=CARTESIAN_POINT('',(1.30852373189253,2.379449,0.00731943865163549));
#2240=CARTESIAN_POINT('',(1.30915437869799,2.379449,0.00757161596395361));
#2241=CARTESIAN_POINT('',(1.30978868419987,2.379449,0.00781438388023779));
#2242=CARTESIAN_POINT('',(1.3104263096255,2.379449,0.00804832114014277));
#2243=CARTESIAN_POINT('',(1.31106686573461,2.379449,0.00827410782420535));
#2244=CARTESIAN_POINT('',(1.3117099867375,2.379449,0.00849242361460333));
#2245=CARTESIAN_POINT('',(1.31235548145765,2.379449,0.00870363454880811));
#2246=CARTESIAN_POINT('',(1.31300315871849,2.379449,0.00890810666429106));
#2247=CARTESIAN_POINT('',(1.31430418717866,2.379449,0.00929860604627422));
#2248=CARTESIAN_POINT('',(1.31561152410831,2.379449,0.00966727173275471));
#2249=CARTESIAN_POINT('',(1.31692427275868,2.379449,0.0100161050790933));
#2250=CARTESIAN_POINT('',(1.31824185475359,2.379449,0.010346489809981));
#2251=CARTESIAN_POINT('',(1.31956338805463,2.379449,0.0106605832229946));
#2252=CARTESIAN_POINT('',(1.32088836677152,2.379449,0.0109597445444958));
#2253=CARTESIAN_POINT('',(1.32221643884294,2.379449,0.0112449498441282));
#2254=CARTESIAN_POINT('',(1.32354725220759,2.379449,0.0115171751915354));
#2255=CARTESIAN_POINT('',(1.32621565110897,2.379449,0.0120269347021512));
#2256=CARTESIAN_POINT('',(1.32889177307366,2.379449,0.0124945825154614));
#2257=CARTESIAN_POINT('',(1.33157415967741,2.379449,0.0129249339919404));
#2258=CARTESIAN_POINT('',(1.33426160026516,2.379449,0.0133222299131184));
#2259=CARTESIAN_POINT('',(1.33695345127228,2.379449,0.0136888462422805));
#2260=CARTESIAN_POINT('',(1.33964883642008,2.379449,0.014028183191938));
#2261=CARTESIAN_POINT('',(1.3450484744103,2.379449,0.0146322213807863));
#2262=CARTESIAN_POINT('',(1.35045715142915,2.379449,0.0151491120043914));
#2263=CARTESIAN_POINT('',(1.35587257396903,2.379449,0.0155896008182154));
#2264=CARTESIAN_POINT('',(1.36129315002961,2.379449,0.0159619974706391));
#2265=CARTESIAN_POINT('',(1.37214475551836,2.379449,0.0165303396408183));
#2266=CARTESIAN_POINT('',(1.38300520730375,2.379449,0.0168965276922909));
#2267=CARTESIAN_POINT('',(1.39387006358818,2.379449,0.0170917169970562));
#2268=CARTESIAN_POINT('',(1.40473660607676,2.379449,0.0171393180749656));
#2269=CARTESIAN_POINT('',(1.41560294083725,2.379449,0.0170583832805098));
#2270=CARTESIAN_POINT('',(1.42646783874723,2.379449,0.0168642720887454));
#2271=CARTESIAN_POINT('',(1.44819030995033,2.379449,0.0161839693582684));
#2272=CARTESIAN_POINT('',(1.46990024703625,2.379449,0.0151787759260675));
#2273=CARTESIAN_POINT('',(1.49159627209494,2.379449,0.0139081369673077));
#2274=CARTESIAN_POINT('',(1.51327822531505,2.379449,0.0124152060117711));
#2275=CARTESIAN_POINT('',(1.53494631684256,2.379449,0.0107335350541774));
#2276=CARTESIAN_POINT('',(1.55660080717075,2.379449,0.0088844429362758));
#2277=CARTESIAN_POINT('',(1.57824178283094,2.379449,0.00688354554345108));
#2278=CARTESIAN_POINT('',(1.59986875832146,2.379449,0.00473657843992511));
#2279=CARTESIAN_POINT('',(1.62148084631487,2.379449,0.00244454864558544));
#2280=CARTESIAN_POINT('',(1.64307618886544,2.379449,0.));
#2281=EDGE_CURVE('Edge_30',#2146,#2148,#2149,.T.);
#2282=CARTESIAN_POINT('',(1.30035718886544,2.379449,0.));
#2283=VERTEX_POINT('',#2282);
#2284=CARTESIAN_POINT('',(0.828082,0.616894,0.));
#2285=VERTEX_POINT('',#2284);
#2286=B_SPLINE_CURVE_WITH_KNOTS('Curve_31',1,(#2287, #2288, #2289, #2290, #2291, #2292, #2293, #2294, #2295, #2296, #2297, #2298, #2299, #2300, #2301, #2302, #2303),.POLYLINE_FORM.,.F.,.F.,(2,1,1,1,1,1,1,1,1,1,1,1,1,1,1,1,2),(0.,1.,2.,3.,4.,5.,6.,7.,8.,9.,10.,11.,12.,13.,14.,15.,16.),.UNIFORM_KNOTS.);
#2287=CARTESIAN_POINT('',(1.30035718886544,2.379449,0.));
#2288=CARTESIAN_POINT('',(1.27083998956135,2.2692893125,0.));
#2289=CARTESIAN_POINT('',(1.24132279025726,2.159129625,0.));
#2290=CARTESIAN_POINT('',(1.21180559095317,2.0489699375,0.));
#2291=CARTESIAN_POINT('',(1.18228839164908,1.93881025,0.));
#2292=CARTESIAN_POINT('',(1.15277119234499,1.8286505625,0.));
#2293=CARTESIAN_POINT('',(1.1232539930409,1.718490875,0.));
#2294=CARTESIAN_POINT('',(1.09373679373681,1.6083311875,0.));
#2295=CARTESIAN_POINT('',(1.06421959443272,1.4981715,0.));
#2296=CARTESIAN_POINT('',(1.03470239512863,1.3880118125,0.));
#2297=CARTESIAN_POINT('',(1.00518519582454,1.277852125,0.));
#2298=CARTESIAN_POINT('',(0.975667996520449,1.1676924375,0.));
#2299=CARTESIAN_POINT('',(0.946150797216359,1.05753275,0.));
#2300=CARTESIAN_POINT('',(0.91663359791227,0.9473730625,0.));
#2301=CARTESIAN_POINT('',(0.88711639860818,0.837213375,0.));
#2302=CARTESIAN_POINT('',(0.85759919930409,0.7270536875,0.));
#2303=CARTESIAN_POINT('',(0.828082,0.616894,0.));
#2304=EDGE_CURVE('Edge_31',#2283,#2285,#2286,.T.);
#2305=CARTESIAN_POINT('',(1.64307618886544,2.379449,0.));
#2306=VERTEX_POINT('',#2305);
#2307=CARTESIAN_POINT('',(1.30035718886544,2.379449,0.));
#2308=VERTEX_POINT('',#2307);
#2309=B_SPLINE_CURVE_WITH_KNOTS('Curve_32',1,(#2310, #2311, #2312, #2313, #2314, #2315, #2316, #2317, #2318, #2319, #2320, #2321, #2322, #2323, #2324, #2325, #2326, #2327, #2328, #2329, #2330, #2331, #2332, #2333, #2334, #2335, #2336, #2337, #2338, #2339, #2340, #2341, #2342, #2343, #2344, #2345, #2346, #2347, #2348, #2349, #2350, #2351, #2352, #2353, #2354, #2355, #2356, #2357, #2358, #2359, #2360, #2361, #2362, #2363, #2364, #2365, #2366, #2367, #2368, #2369, #2370, #2371, #2372, #2373, #2374, #2375, #2376, #2377, #2378, #2379, #2380, #2381, #2382, #2383, #2384, #2385, #2386, #2387, #2388, #2389, #2390, #2391, #2392, #2393, #2394, #2395, #2396, #2397, #2398, #2399, #2400, #2401, #2402, #2403, #2404, #2405, #2406, #2407, #2408, #2409, #2410, #2411, #2412, #2413, #2414, #2415, #2416, #2417, #2418, #2419, #2420, #2421, #2422, #2423, #2424, #2425, #2426, #2427, #2428, #2429, #2430, #2431, #2432, #2433, #2434, #2435, #2436, #2437, #2438, #2439, #2440),.POLYLINE_FORM.,.F.,.F.,(2,1,1,1,1,1,1,1,1,1,1,1,1,1,1,1,1,1,1,1,1,1,1,1,1,1,1,1,1,1,1,1,1,1,1,1,1,1,1,1,1,1,1,1,1,1,1,1,1,1,1,1,1,1,1,1,1,1,1,1,1,1,1,1,1,1,1,1,1,1,1,1,1,1,1,1,1,1,1,1,1,1,1,1,1,1,1,1,1,1,1,1,1,1,1,1,1,1,1,1,1,1,1,1,1,1,1,1,1,1,1,1,1,1,1,1,1,1,1,1,1,1,1,1,1,1,1,1,1,1,2),(0.,1.,2.,3.,4.,5.,6.,7.,8.,9.,10.,11.,12.,13.,14.,15.,16.,17.,18.,19.,20.,21.,22.,23.,24.,25.,26.,27.,28.,29.,30.,31.,32.,33.,34.,35.,36.,37.,38.,39.,40.,41.,42.,43.,44.,45.,46.,47.,48.,49.,50.,51.,52.,53.,54.,55.,56.,57.,58.,59.,60.,61.,62.,63.,64.,65.,66.,67.,68.,69.,70.,71.,72.,73.,74.,75.,76.,77.,78.,79.,80.,81.,82.,83.,84.,85.,86.,87.,88.,89.,90.,91.,92.,93.,94.,95.,96.,97.,98.,99.,100.,101.,102.,103.,104.,105.,106.,107.,108.,109.,110.,111.,112.,113.,114.,115.,116.,117.,118.,119.,120.,121.,122.,123.,124.,125.,126.,127.,128.,129.,130.),.UNIFORM_KNOTS.);
#2310=CARTESIAN_POINT('',(1.64307618886544,2.379449,0.));
#2311=CARTESIAN_POINT('',(1.62148084631487,2.379449,-0.00244454864558528));
#2312=CARTESIAN_POINT('',(1.59986875832146,2.379449,-0.00473657843992508));
#2313=CARTESIAN_POINT('',(1.57824178283094,2.379449,-0.00688354554345107));
#2314=CARTESIAN_POINT('',(1.55660080717075,2.379449,-0.00888444293627578));
#2315=CARTESIAN_POINT('',(1.53494631684256,2.379449,-0.0107335350541774));
#2316=CARTESIAN_POINT('',(1.51327822531505,2.379449,-0.0124152060117711));
#2317=CARTESIAN_POINT('',(1.49159627209494,2.379449,-0.0139081369673077));
#2318=CARTESIAN_POINT('',(1.46990024703625,2.379449,-0.0151787759260675));
#2319=CARTESIAN_POINT('',(1.44819030995033,2.379449,-0.0161839693582684));
#2320=CARTESIAN_POINT('',(1.42646783874723,2.379449,-0.0168642720887454));
#2321=CARTESIAN_POINT('',(1.41560294083725,2.379449,-0.0170583832805098));
#2322=CARTESIAN_POINT('',(1.40473660607676,2.379449,-0.0171393180749656));
#2323=CARTESIAN_POINT('',(1.39387006358818,2.379449,-0.0170917169970562));
#2324=CARTESIAN_POINT('',(1.38300520730375,2.379449,-0.0168965276922909));
#2325=CARTESIAN_POINT('',(1.37214475551836,2.379449,-0.0165303396408183));
#2326=CARTESIAN_POINT('',(1.36129315002961,2.379449,-0.0159619974706391));
#2327=CARTESIAN_POINT('',(1.35587257396903,2.379449,-0.0155896008182154));
#2328=CARTESIAN_POINT('',(1.35045715142915,2.379449,-0.0151491120043914));
#2329=CARTESIAN_POINT('',(1.3450484744103,2.379449,-0.0146322213807863));
#2330=CARTESIAN_POINT('',(1.33964883642008,2.379449,-0.014028183191938));
#2331=CARTESIAN_POINT('',(1.33695345127228,2.379449,-0.0136888462422805));
#2332=CARTESIAN_POINT('',(1.33426160026516,2.379449,-0.0133222299131184));
#2333=CARTESIAN_POINT('',(1.33157415967741,2.379449,-0.0129249339919404));
#2334=CARTESIAN_POINT('',(1.32889177307366,2.379449,-0.0124945825154614));
#2335=CARTESIAN_POINT('',(1.32621565110897,2.379449,-0.0120269347021513));
#2336=CARTESIAN_POINT('',(1.32354725220759,2.379449,-0.0115171751915354));
#2337=CARTESIAN_POINT('',(1.32221643884294,2.379449,-0.0112449498441282));
#2338=CARTESIAN_POINT('',(1.32088836677152,2.379449,-0.0109597445444958));
#2339=CARTESIAN_POINT('',(1.31956338805463,2.379449,-0.0106605832229946));
#2340=CARTESIAN_POINT('',(1.31824185475359,2.379449,-0.010346489809981));
#2341=CARTESIAN_POINT('',(1.31692427275868,2.379449,-0.0100161050790934));
#2342=CARTESIAN_POINT('',(1.31561152410831,2.379449,-0.00966727173275474));
#2343=CARTESIAN_POINT('',(1.31430418717866,2.379449,-0.00929860604627424));
#2344=CARTESIAN_POINT('',(1.31300315871849,2.379449,-0.00890810666429107));
#2345=CARTESIAN_POINT('',(1.31235548145765,2.379449,-0.00870363454880811));
#2346=CARTESIAN_POINT('',(1.3117099867375,2.379449,-0.00849242361460332));
#2347=CARTESIAN_POINT('',(1.31106686573461,2.379449,-0.00827410782420532));
#2348=CARTESIAN_POINT('',(1.3104263096255,2.379449,-0.00804832114014277));
#2349=CARTESIAN_POINT('',(1.30978868419987,2.379449,-0.00781438388023778));
#2350=CARTESIAN_POINT('',(1.30915437869799,2.379449,-0.00757161596395361));
#2351=CARTESIAN_POINT('',(1.30852373189253,2.379449,-0.00731943865163551));
#2352=CARTESIAN_POINT('',(1.30789745792262,2.379449,-0.00705671677055598));
#2353=CARTESIAN_POINT('',(1.30727599823166,2.379449,-0.00678273235721513));
#2354=CARTESIAN_POINT('',(1.30666001578955,2.379449,-0.00649656929199369));
#2355=CARTESIAN_POINT('',(1.30635442906553,2.379449,-0.00634845247780345));
#2356=CARTESIAN_POINT('',(1.30605063228817,2.379449,-0.00619672905609387));
#2357=CARTESIAN_POINT('',(1.30574876566897,2.379449,-0.00604121171201528));
#2358=CARTESIAN_POINT('',(1.30544896941941,2.379449,-0.00588171313071789));
#2359=CARTESIAN_POINT('',(1.30515143082878,2.379449,-0.00571801298640124));
#2360=CARTESIAN_POINT('',(1.30485640516733,2.379449,-0.00554984162960143));
#2361=CARTESIAN_POINT('',(1.30456413461795,2.379449,-0.00537693775997353));
#2362=CARTESIAN_POINT('',(1.30427486136351,2.379449,-0.00519904007717273));
#2363=CARTESIAN_POINT('',(1.30413142997111,2.379449,-0.00510812964644391));
#2364=CARTESIAN_POINT('',(1.30398887186869,2.379449,-0.00501584497267097));
#2365=CARTESIAN_POINT('',(1.30384725034949,2.379449,-0.00492213344922096));
#2366=CARTESIAN_POINT('',(1.30370662870671,2.379449,-0.00482694246946096));
#2367=CARTESIAN_POINT('',(1.30356707023357,2.379449,-0.00473021942675797));
#2368=CARTESIAN_POINT('',(1.30342863822328,2.379449,-0.00463191171447901));
#2369=CARTESIAN_POINT('',(1.30329139596907,2.379449,-0.00453196672599114));
#2370=CARTESIAN_POINT('',(1.30315540676414,2.379449,-0.00443033185466143));
#2371=CARTESIAN_POINT('',(1.30302070486536,2.379449,-0.00432697245997324));
#2372=CARTESIAN_POINT('',(1.30288735659097,2.379449,-0.00422184338109749));
#2373=CARTESIAN_POINT('',(1.30275547332624,2.379449,-0.00411487623093234));
#2374=CARTESIAN_POINT('',(1.30262516645643,2.379449,-0.00400600262237602));
#2375=CARTESIAN_POINT('',(1.30249654736682,2.379449,-0.00389515416832674));
#2376=CARTESIAN_POINT('',(1.30236972744268,2.379449,-0.00378226248168269));
#2377=CARTESIAN_POINT('',(1.30224481806928,2.379449,-0.00366725917534202));
#2378=CARTESIAN_POINT('',(1.30212193063188,2.379449,-0.00355007586220304));
#2379=CARTESIAN_POINT('',(1.30200119294069,2.379449,-0.00343062881864314));
#2380=CARTESIAN_POINT('',(1.30188279283405,2.379449,-0.00330884020422359));
#2381=CARTESIAN_POINT('',(1.30182453232103,2.379449,-0.00324704919471467));
#2382=CARTESIAN_POINT('',(1.30176693173947,2.379449,-0.00318465045661859));
#2383=CARTESIAN_POINT('',(1.30171001626781,2.379449,-0.00312163654464468));
#2384=CARTESIAN_POINT('',(1.30165381108447,2.379449,-0.00305800001350215));
#2385=CARTESIAN_POINT('',(1.3015983413679,2.379449,-0.00299373341790026));
#2386=CARTESIAN_POINT('',(1.30154363229654,2.379449,-0.00292882931254829));
#2387=CARTESIAN_POINT('',(1.30148970904882,2.379449,-0.00286328025215549));
#2388=CARTESIAN_POINT('',(1.30143659680319,2.379449,-0.00279707879143112));
#2389=CARTESIAN_POINT('',(1.30138432073807,2.379449,-0.00273021748508447));
#2390=CARTESIAN_POINT('',(1.30133290603192,2.379449,-0.00266268888782473));
#2391=CARTESIAN_POINT('',(1.30128237786317,2.379449,-0.00259448555436123));
#2392=CARTESIAN_POINT('',(1.30123276141025,2.379449,-0.00252560003940313));
#2393=CARTESIAN_POINT('',(1.30118408971423,2.379449,-0.00245601440231188));
#2394=CARTESIAN_POINT('',(1.3011364057601,2.379449,-0.00238572006416259));
#2395=CARTESIAN_POINT('',(1.30108974964224,2.379449,-0.00231472362223509));
#2396=CARTESIAN_POINT('',(1.30104416145499,2.379449,-0.0022430316738093));
#2397=CARTESIAN_POINT('',(1.30099968129272,2.379449,-0.00217065081616514));
#2398=CARTESIAN_POINT('',(1.30095634924978,2.379449,-0.00209758764658241));
#2399=CARTESIAN_POINT('',(1.30091420542053,2.379449,-0.00202384876234113));
#2400=CARTESIAN_POINT('',(1.30087328989932,2.379449,-0.00194944076072109));
#2401=CARTESIAN_POINT('',(1.30083364278052,2.379449,-0.00187437023900221));
#2402=CARTESIAN_POINT('',(1.30079530415849,2.379449,-0.00179864379446442));
#2403=CARTESIAN_POINT('',(1.30075831412757,2.379449,-0.00172226802438755));
#2404=CARTESIAN_POINT('',(1.30072271278213,2.379449,-0.00164524952605152));
#2405=CARTESIAN_POINT('',(1.30068854021652,2.379449,-0.00156759489673621));
#2406=CARTESIAN_POINT('',(1.30065583652511,2.379449,-0.00148931073372153));
#2407=CARTESIAN_POINT('',(1.30062464180224,2.379449,-0.00141040363428739));
#2408=CARTESIAN_POINT('',(1.30059499614229,2.379449,-0.00133088019571361));
#2409=CARTESIAN_POINT('',(1.30058076705247,2.379449,-0.00129089327077319));
#2410=CARTESIAN_POINT('',(1.3005669402033,2.379449,-0.00125076422785487));
#2411=CARTESIAN_POINT('',(1.30055351957965,2.379449,-0.00121049655123767));
#2412=CARTESIAN_POINT('',(1.3005405091664,2.379449,-0.00117009372520061));
#2413=CARTESIAN_POINT('',(1.30052791294842,2.379449,-0.00112955923402269));
#2414=CARTESIAN_POINT('',(1.30051573491057,2.379449,-0.00108889656198294));
#2415=CARTESIAN_POINT('',(1.30050397903773,2.379449,-0.0010481091933604));
#2416=CARTESIAN_POINT('',(1.30049264931478,2.379449,-0.00100720061243402));
#2417=CARTESIAN_POINT('',(1.30048174972658,2.379449,-0.000966174303482813));
#2418=CARTESIAN_POINT('',(1.300471284258,2.379449,-0.000925033750785905));
#2419=CARTESIAN_POINT('',(1.30046125689391,2.379449,-0.000883782438622198));
#2420=CARTESIAN_POINT('',(1.30045167161919,2.379449,-0.000842423851270745));
#2421=CARTESIAN_POINT('',(1.30044253241871,2.379449,-0.000800961473010562));
#2422=CARTESIAN_POINT('',(1.30043384327734,2.379449,-0.0007593987881207));
#2423=CARTESIAN_POINT('',(1.30042560817995,2.379449,-0.000717739280880062));
#2424=CARTESIAN_POINT('',(1.30041783111141,2.379449,-0.000675986435567775));
#2425=CARTESIAN_POINT('',(1.30041051720607,2.379449,-0.0006341391719982));
#2426=CARTESIAN_POINT('',(1.30040366946599,2.379449,-0.000592199616650637));
#2427=CARTESIAN_POINT('',(1.30039728867761,2.379449,-0.000550176063801836));
#2428=CARTESIAN_POINT('',(1.30039137562738,2.379449,-0.000508076807728284));
#2429=CARTESIAN_POINT('',(1.30038593110174,2.379449,-0.000465910142706578));
#2430=CARTESIAN_POINT('',(1.30038095588713,2.379449,-0.000423684363013432));
#2431=CARTESIAN_POINT('',(1.30037645076999,2.379449,-0.000381407762925331));
#2432=CARTESIAN_POINT('',(1.30037241653678,2.379449,-0.00033908863671895));
#2433=CARTESIAN_POINT('',(1.30036885397393,2.379449,-0.000296735278670773));
#2434=CARTESIAN_POINT('',(1.30036576386789,2.379449,-0.000254355983057551));
#2435=CARTESIAN_POINT('',(1.3003631470051,2.379449,-0.00021195904415577));
#2436=CARTESIAN_POINT('',(1.300361004172,2.379449,-0.000169552756242027));
#2437=CARTESIAN_POINT('',(1.30035933615505,2.379449,-0.000127145413593038));
#2438=CARTESIAN_POINT('',(1.30035814374067,2.379449,-8.4745310485285E-05));
#2439=CARTESIAN_POINT('',(1.30035742771532,2.379449,-4.2360741195406E-05));
#2440=CARTESIAN_POINT('',(1.30035718886544,2.379449,0.));
#2441=EDGE_CURVE('Edge_32',#2306,#2308,#2309,.T.);
#2442=CARTESIAN_POINT('',(1.317681,0.616894,0.));
#2443=VERTEX_POINT('',#2442);
#2444=CARTESIAN_POINT('',(1.64307618886544,2.379449,0.));
#2445=VERTEX_POINT('',#2444);
#2446=B_SPLINE_CURVE_WITH_KNOTS('Curve_33',1,(#2447, #2448, #2449, #2450, #2451, #2452, #2453, #2454, #2455, #2456, #2457, #2458, #2459, #2460, #2461, #2462, #2463),.POLYLINE_FORM.,.F.,.F.,(2,1,1,1,1,1,1,1,1,1,1,1,1,1,1,1,2),(0.,1.,2.,3.,4.,5.,6.,7.,8.,9.,10.,11.,12.,13.,14.,15.,16.),.UNIFORM_KNOTS.);
#2447=CARTESIAN_POINT('',(1.317681,0.616894,0.));
#2448=CARTESIAN_POINT('',(1.33801819930409,0.7270536875,0.));
#2449=CARTESIAN_POINT('',(1.35835539860818,0.837213375,0.));
#2450=CARTESIAN_POINT('',(1.37869259791227,0.9473730625,0.));
#2451=CARTESIAN_POINT('',(1.39902979721636,1.05753275,0.));
#2452=CARTESIAN_POINT('',(1.41936699652045,1.1676924375,0.));
#2453=CARTESIAN_POINT('',(1.43970419582454,1.277852125,0.));
#2454=CARTESIAN_POINT('',(1.46004139512863,1.3880118125,0.));
#2455=CARTESIAN_POINT('',(1.48037859443272,1.4981715,0.));
#2456=CARTESIAN_POINT('',(1.50071579373681,1.6083311875,0.));
#2457=CARTESIAN_POINT('',(1.5210529930409,1.718490875,0.));
#2458=CARTESIAN_POINT('',(1.54139019234499,1.8286505625,0.));
#2459=CARTESIAN_POINT('',(1.56172739164908,1.93881025,0.));
#2460=CARTESIAN_POINT('',(1.58206459095317,2.0489699375,0.));
#2461=CARTESIAN_POINT('',(1.60240179025726,2.159129625,0.));
#2462=CARTESIAN_POINT('',(1.62273898956135,2.2692893125,0.));
#2463=CARTESIAN_POINT('',(1.64307618886544,2.379449,0.));
#2464=EDGE_CURVE('Edge_33',#2443,#2445,#2446,.T.);
#2465=CARTESIAN_POINT('',(1.317681,0.,0.));
#2466=VERTEX_POINT('',#2465);
#2467=CARTESIAN_POINT('',(0.828082,0.,0.));
#2468=VERTEX_POINT('',#2467);
#2469=B_SPLINE_CURVE_WITH_KNOTS('Curve_34',1,(#2470, #2471, #2472, #2473, #2474, #2475, #2476, #2477, #2478, #2479, #2480, #2481, #2482, #2483, #2484, #2485, #2486, #2487, #2488, #2489, #2490, #2491, #2492, #2493, #2494, #2495, #2496, #2497, #2498, #2499, #2500, #2501, #2502, #2503, #2504, #2505, #2506, #2507, #2508, #2509, #2510, #2511, #2512, #2513, #2514, #2515, #2516, #2517, #2518, #2519, #2520, #2521, #2522, #2523, #2524, #2525, #2526, #2527, #2528, #2529, #2530, #2531, #2532, #2533, #2534, #2535, #2536, #2537, #2538, #2539, #2540, #2541, #2542, #2543, #2544, #2545, #2546, #2547, #2548, #2549, #2550, #2551, #2552, #2553, #2554, #2555, #2556, #2557, #2558, #2559, #2560, #2561, #2562, #2563, #2564, #2565, #2566, #2567, #2568, #2569, #2570, #2571, #2572, #2573, #2574, #2575, #2576, #2577, #2578, #2579, #2580, #2581, #2582, #2583, #2584, #2585, #2586, #2587, #2588, #2589, #2590, #2591, #2592, #2593, #2594),.POLYLINE_FORM.,.F.,.F.,(2,1,1,1,1,1,1,1,1,1,1,1,1,1,1,1,1,1,1,1,1,1,1,1,1,1,1,1,1,1,1,1,1,1,1,1,1,1,1,1,1,1,1,1,1,1,1,1,1,1,1,1,1,1,1,1,1,1,1,1,1,1,1,1,1,1,1,1,1,1,1,1,1,1,1,1,1,1,1,1,1,1,1,1,1,1,1,1,1,1,1,1,1,1,1,1,1,1,1,1,1,1,1,1,1,1,1,1,1,1,1,1,1,1,1,1,1,1,1,1,1,1,1,1,2),(0.,1.,2.,3.,4.,5.,6.,7.,8.,9.,10.,11.,12.,13.,14.,15.,16.,17.,18.,19.,20.,21.,22.,23.,24.,25.,26.,27.,28.,29.,30.,31.,32.,33.,34.,35.,36.,37.,38.,39.,40.,41.,42.,43.,44.,45.,46.,47.,48.,49.,50.,51.,52.,53.,54.,55.,56.,57.,58.,59.,60.,61.,62.,63.,64.,65.,66.,67.,68.,69.,70.,71.,72.,73.,74.,75.,76.,77.,78.,79.,80.,81.,82.,83.,84.,85.,86.,87.,88.,89.,90.,91.,92.,93.,94.,95.,96.,97.,98.,99.,100.,101.,102.,103.,104.,105.,106.,107.,108.,109.,110.,111.,112.,113.,114.,115.,116.,117.,118.,119.,120.,121.,122.,123.,124.),.UNIFORM_KNOTS.);
#2470=CARTESIAN_POINT('',(1.317681,0.,0.));
#2471=CARTESIAN_POINT('',(1.28675986970495,0.,0.00419994177053732));
#2472=CARTESIAN_POINT('',(1.25580431301332,0.,0.00813854038532959));
#2473=CARTESIAN_POINT('',(1.22481811397235,0.,0.0118282400863657));
#2474=CARTESIAN_POINT('',(1.19380306377256,0.,0.0152669532244562));
#2475=CARTESIAN_POINT('',(1.16276010417251,0.,0.0184438253278017));
#2476=CARTESIAN_POINT('',(1.13168907937017,0.,0.021333069488545));
#2477=CARTESIAN_POINT('',(1.10058938315076,0.,0.023895085977093));
#2478=CARTESIAN_POINT('',(1.06946047898237,0.,0.0260730262540827));
#2479=CARTESIAN_POINT('',(1.0383028051167,0.,0.0277894862735548));
#2480=CARTESIAN_POINT('',(1.00711928330971,0.,0.0289401891816833));
#2481=CARTESIAN_POINT('',(0.991520045597939,0.,0.0292609626052609));
#2482=CARTESIAN_POINT('',(0.975917972856273,0.,0.0293837789175456));
#2483=CARTESIAN_POINT('',(0.960315745974342,0.,0.0292815790412592));
#2484=CARTESIAN_POINT('',(0.944717493410799,0.,0.0289202585143859));
#2485=CARTESIAN_POINT('',(0.93692155002242,0.,0.0286300653221632));
#2486=CARTESIAN_POINT('',(0.92912901629095,0.,0.0282590334091507));
#2487=CARTESIAN_POINT('',(0.921341324822602,0.,0.0277992055607675));
#2488=CARTESIAN_POINT('',(0.91355990822359,0.,0.0272426245624327));
#2489=CARTESIAN_POINT('',(0.905786900300804,0.,0.0265786722007967));
#2490=CARTESIAN_POINT('',(0.89802510226409,0.,0.0257948678859273));
#2491=CARTESIAN_POINT('',(0.890278082013957,0.,0.0248762884709665));
#2492=CARTESIAN_POINT('',(0.882550979121454,0.,0.0238031721366753));
#2493=CARTESIAN_POINT('',(0.878697138944564,0.,0.0232007044244072));
#2494=CARTESIAN_POINT('',(0.874851281509232,0.,0.0225492549357172));
#2495=CARTESIAN_POINT('',(0.871014703970641,0.,0.0218447261559047));
#2496=CARTESIAN_POINT('',(0.867189602960402,0.,0.0210807033692667));
#2497=CARTESIAN_POINT('',(0.8633782862056,0.,0.020250564801565));
#2498=CARTESIAN_POINT('',(0.859584008331981,0.,0.019345907474628));
#2499=CARTESIAN_POINT('',(0.857694495752116,0.,0.0188625025460823));
#2500=CARTESIAN_POINT('',(0.855810993246299,0.,0.0183562205761081));
#2501=CARTESIAN_POINT('',(0.85393438321086,0.,0.0178251341255887));
#2502=CARTESIAN_POINT('',(0.852065548042132,0.,0.0172673157554075));
#2503=CARTESIAN_POINT('',(0.850205443265308,0.,0.0166806960268749));
#2504=CARTESIAN_POINT('',(0.848355746048285,0.,0.0160621266746807));
#2505=CARTESIAN_POINT('',(0.847435414293569,0.,0.0157397528650083));
#2506=CARTESIAN_POINT('',(0.846518421251449,0.,0.0154080620197779));
#2507=CARTESIAN_POINT('',(0.845605012529472,0.,0.0150666109291085));
#2508=CARTESIAN_POINT('',(0.844695433735188,0.,0.0147149563831194));
#2509=CARTESIAN_POINT('',(0.843790134193818,0.,0.014352371595018));
#2510=CARTESIAN_POINT('',(0.842889689084744,0.,0.013977994333144));
#2511=CARTESIAN_POINT('',(0.841994532796755,0.,0.0135911782203151));
#2512=CARTESIAN_POINT('',(0.84110509971864,0.,0.0131912768793488));
#2513=CARTESIAN_POINT('',(0.840222180095096,0.,0.0127771936504039));
#2514=CARTESIAN_POINT('',(0.839346578804306,0.,0.0123478739488944));
#2515=CARTESIAN_POINT('',(0.838911726092548,0.,0.0121272345056266));
#2516=CARTESIAN_POINT('',(0.83847908666735,0.,0.0119023045871675));
#2517=CARTESIAN_POINT('',(0.838048853576714,0.,0.0116728682716968));
#2518=CARTESIAN_POINT('',(0.837621219868647,0.,0.011438709637394));
#2519=CARTESIAN_POINT('',(0.837196219105615,0.,0.0111997660713613));
#2520=CARTESIAN_POINT('',(0.836773939332344,0.,0.0109559442233052));
#2521=CARTESIAN_POINT('',(0.836354655320223,0.,0.0107069820653116));
#2522=CARTESIAN_POINT('',(0.83593864184064,0.,0.0104526175694664));
#2523=CARTESIAN_POINT('',(0.835526173664986,0.,0.0101925887078553));
#2524=CARTESIAN_POINT('',(0.835117525564649,0.,0.00992663345256427));
#2525=CARTESIAN_POINT('',(0.834712972311018,0.,0.00965448977567932));
#2526=CARTESIAN_POINT('',(0.834312788675482,0.,0.00937589564928618));
#2527=CARTESIAN_POINT('',(0.833917390321514,0.,0.00909050470956507));
#2528=CARTESIAN_POINT('',(0.833527304689927,0.,0.00879794163160706));
#2529=CARTESIAN_POINT('',(0.833334392406716,0.,0.00864887508155541));
#2530=CARTESIAN_POINT('',(0.833142974218126,0.,0.00849790094586404));
#2531=CARTESIAN_POINT('',(0.832953105428832,0.,0.0083449810408395));
#2532=CARTESIAN_POINT('',(0.832764841343511,0.,0.00819007718278811));
#2533=CARTESIAN_POINT('',(0.832578263418511,0.,0.00803313174890807));
#2534=CARTESIAN_POINT('',(0.832393475757792,0.,0.00787408220446421));
#2535=CARTESIAN_POINT('',(0.832210567637438,0.,0.00771288299786378));
#2536=CARTESIAN_POINT('',(0.832029628333537,0.,0.00754948857751405));
#2537=CARTESIAN_POINT('',(0.831850747122176,0.,0.00738385339182204));
#2538=CARTESIAN_POINT('',(0.831674013279442,0.,0.00721593188919501));
#2539=CARTESIAN_POINT('',(0.83149951608142,0.,0.00704567851804015));
#2540=CARTESIAN_POINT('',(0.831327344804198,0.,0.00687304772676464));
#2541=CARTESIAN_POINT('',(0.83115762834951,0.,0.00669797278572321));
#2542=CARTESIAN_POINT('',(0.830990533589432,0.,0.00652039001100888));
#2543=CARTESIAN_POINT('',(0.830826206755559,0.,0.00634025841963596));
#2544=CARTESIAN_POINT('',(0.830664794079486,0.,0.00615753702861898));
#2545=CARTESIAN_POINT('',(0.830506441792809,0.,0.00597218485497241));
#2546=CARTESIAN_POINT('',(0.830351296127124,0.,0.00578416091571081));
#2547=CARTESIAN_POINT('',(0.830199503314026,0.,0.00559342422784846));
#2548=CARTESIAN_POINT('',(0.83005120958511,0.,0.00539993380839991));
#2549=CARTESIAN_POINT('',(0.829906572307998,0.,0.00520363740911287));
#2550=CARTESIAN_POINT('',(0.829765798975892,0.,0.00500451321297402));
#2551=CARTESIAN_POINT('',(0.829696930482957,0.,0.00490389214854546));
#2552=CARTESIAN_POINT('',(0.829629111008763,0.,0.00480256588385637));
#2553=CARTESIAN_POINT('',(0.829562368230805,0.,0.0047005350018907));
#2554=CARTESIAN_POINT('',(0.829496729826581,0.,0.00459780008563265));
#2555=CARTESIAN_POINT('',(0.829432223473585,0.,0.00449436171806632));
#2556=CARTESIAN_POINT('',(0.829368876849316,0.,0.00439022048217585));
#2557=CARTESIAN_POINT('',(0.829306717631268,0.,0.00428537696094533));
#2558=CARTESIAN_POINT('',(0.829245773496939,0.,0.00417983173735888));
#2559=CARTESIAN_POINT('',(0.829186072123824,0.,0.00407358539440062));
#2560=CARTESIAN_POINT('',(0.82912764118942,0.,0.00396663851505477));
#2561=CARTESIAN_POINT('',(0.829070508371222,0.,0.00385899168230522));
#2562=CARTESIAN_POINT('',(0.829014701346728,0.,0.00375064547913621));
#2563=CARTESIAN_POINT('',(0.828960245924254,0.,0.0036415965257444));
#2564=CARTESIAN_POINT('',(0.828907168117471,0.,0.00353185110317897));
#2565=CARTESIAN_POINT('',(0.828855495911907,0.,0.00342142428570283));
#2566=CARTESIAN_POINT('',(0.828805257293092,0.,0.00331033114757885));
#2567=CARTESIAN_POINT('',(0.828756480246552,0.,0.00319858676306992));
#2568=CARTESIAN_POINT('',(0.828709192757817,0.,0.00308620620643894));
#2569=CARTESIAN_POINT('',(0.828663422812416,0.,0.0029732045519488));
#2570=CARTESIAN_POINT('',(0.828619198395877,0.,0.00285959687386237));
#2571=CARTESIAN_POINT('',(0.828576547493727,0.,0.00274539824644267));
#2572=CARTESIAN_POINT('',(0.828535498091497,0.,0.00263062374395235));
#2573=CARTESIAN_POINT('',(0.828496078174713,0.,0.00251528844065443));
#2574=CARTESIAN_POINT('',(0.828458315728906,0.,0.00239940741081179));
#2575=CARTESIAN_POINT('',(0.828422238739602,0.,0.00228299572868731));
#2576=CARTESIAN_POINT('',(0.82838787519233,0.,0.00216606846854389));
#2577=CARTESIAN_POINT('',(0.82835525307262,0.,0.00204864070464441));
#2578=CARTESIAN_POINT('',(0.828324400365999,0.,0.00193072751125188));
#2579=CARTESIAN_POINT('',(0.828295332918951,0.,0.0018123459699296));
#2580=CARTESIAN_POINT('',(0.828268058572087,0.,0.0016935239030435));
#2581=CARTESIAN_POINT('',(0.828242593302124,0.,0.00157429249606041));
#2582=CARTESIAN_POINT('',(0.828218953085779,0.,0.00145468293444648));
#2583=CARTESIAN_POINT('',(0.828197153899768,0.,0.00133472640366833));
#2584=CARTESIAN_POINT('',(0.828177211720811,0.,0.00121445408919245));
#2585=CARTESIAN_POINT('',(0.828159142525623,0.,0.00109389717648532));
#2586=CARTESIAN_POINT('',(0.828142962290922,0.,0.000973086851013444));
#2587=CARTESIAN_POINT('',(0.828128682020369,0.,0.000852000125081279));
#2588=CARTESIAN_POINT('',(0.82811630270047,0.,0.000730634041695815));
#2589=CARTESIAN_POINT('',(0.828105825282211,0.,0.000609049832377452));
#2590=CARTESIAN_POINT('',(0.828097250716576,0.,0.000487308728646254));
#2591=CARTESIAN_POINT('',(0.828090579954552,0.,0.000365471962022622));
#2592=CARTESIAN_POINT('',(0.828085813947125,0.,0.000243600764026844));
#2593=CARTESIAN_POINT('',(0.828082953645279,0.,0.000121756366179207));
#2594=CARTESIAN_POINT('',(0.828082,0.,0.));
#2595=EDGE_CURVE('Edge_34',#2466,#2468,#2469,.T.);
#2596=CARTESIAN_POINT('',(0.828082,0.616894,0.));
#2597=VERTEX_POINT('',#2596);
#2598=CARTESIAN_POINT('',(1.317681,0.616894,0.));
#2599=VERTEX_POINT('',#2598);
#2600=B_SPLINE_CURVE_WITH_KNOTS('Curve_35',1,(#2601, #2602, #2603, #2604, #2605, #2606, #2607, #2608, #2609, #2610, #2611, #2612, #2613, #2614, #2615, #2616, #2617, #2618, #2619, #2620, #2621, #2622, #2623, #2624, #2625, #2626, #2627, #2628, #2629, #2630, #2631, #2632, #2633, #2634, #2635, #2636, #2637, #2638, #2639, #2640, #2641, #2642, #2643, #2644, #2645, #2646, #2647, #2648, #2649, #2650, #2651, #2652, #2653, #2654, #2655, #2656, #2657, #2658, #2659, #2660, #2661, #2662, #2663, #2664, #2665, #2666, #2667, #2668, #2669, #2670, #2671, #2672, #2673, #2674, #2675, #2676, #2677, #2678, #2679, #2680, #2681, #2682, #2683, #2684, #2685, #2686, #2687, #2688, #2689, #2690, #2691, #2692, #2693, #2694, #2695, #2696, #2697, #2698, #2699, #2700, #2701, #2702, #2703, #2704, #2705, #2706, #2707, #2708, #2709, #2710, #2711, #2712, #2713, #2714, #2715, #2716, #2717, #2718, #2719, #2720, #2721, #2722, #2723, #2724, #2725, #2726, #2727, #2728, #2729, #2730, #2731),.POLYLINE_FORM.,.F.,.F.,(2,1,1,1,1,1,1,1,1,1,1,1,1,1,1,1,1,1,1,1,1,1,1,1,1,1,1,1,1,1,1,1,1,1,1,1,1,1,1,1,1,1,1,1,1,1,1,1,1,1,1,1,1,1,1,1,1,1,1,1,1,1,1,1,1,1,1,1,1,1,1,1,1,1,1,1,1,1,1,1,1,1,1,1,1,1,1,1,1,1,1,1,1,1,1,1,1,1,1,1,1,1,1,1,1,1,1,1,1,1,1,1,1,1,1,1,1,1,1,1,1,1,1,1,1,1,1,1,1,1,2),(0.,1.,2.,3.,4.,5.,6.,7.,8.,9.,10.,11.,12.,13.,14.,15.,16.,17.,18.,19.,20.,21.,22.,23.,24.,25.,26.,27.,28.,29.,30.,31.,32.,33.,34.,35.,36.,37.,38.,39.,40.,41.,42.,43.,44.,45.,46.,47.,48.,49.,50.,51.,52.,53.,54.,55.,56.,57.,58.,59.,60.,61.,62.,63.,64.,65.,66.,67.,68.,69.,70.,71.,72.,73.,74.,75.,76.,77.,78.,79.,80.,81.,82.,83.,84.,85.,86.,87.,88.,89.,90.,91.,92.,93.,94.,95.,96.,97.,98.,99.,100.,101.,102.,103.,104.,105.,106.,107.,108.,109.,110.,111.,112.,113.,114.,115.,116.,117.,118.,119.,120.,121.,122.,123.,124.,125.,126.,127.,128.,129.,130.),.UNIFORM_KNOTS.);
#2601=CARTESIAN_POINT('',(0.828082,0.616894,0.));
#2602=CARTESIAN_POINT('',(0.828082341214416,0.616894,6.05153975371912E-05));
#2603=CARTESIAN_POINT('',(0.82808336410867,0.616894,0.000121064835239031));
#2604=CARTESIAN_POINT('',(0.82808506755927,0.616894,0.000181636464128687));
#2605=CARTESIAN_POINT('',(0.828087450442724,0.616894,0.000242218435229329));
#2606=CARTESIAN_POINT('',(0.82809051163554,0.616894,0.000302798899563792));
#2607=CARTESIAN_POINT('',(0.828094250014227,0.616894,0.000363366008155357));
#2608=CARTESIAN_POINT('',(0.828098664455293,0.616894,0.000423907912026859));
#2609=CARTESIAN_POINT('',(0.828103753835247,0.616894,0.000484412762201578));
#2610=CARTESIAN_POINT('',(0.828109517030595,0.616894,0.00054486870970235));
#2611=CARTESIAN_POINT('',(0.828115952917848,0.616894,0.000605263905552454));
#2612=CARTESIAN_POINT('',(0.828123060373512,0.616894,0.000665586500774728));
#2613=CARTESIAN_POINT('',(0.828130838274096,0.616894,0.000725824646392339));
#2614=CARTESIAN_POINT('',(0.828139285496109,0.616894,0.000785966493428455));
#2615=CARTESIAN_POINT('',(0.828148400916058,0.616894,0.000846000192905915));
#2616=CARTESIAN_POINT('',(0.828158183410452,0.616894,0.000905913895847995));
#2617=CARTESIAN_POINT('',(0.828168631855799,0.616894,0.000965695753277535));
#2618=CARTESIAN_POINT('',(0.828179741963437,0.616894,0.00102534272736436));
#2619=CARTESIAN_POINT('',(0.828191506398579,0.616894,0.00108485636123196));
#2620=CARTESIAN_POINT('',(0.828203919468546,0.616894,0.00114423167733462));
#2621=CARTESIAN_POINT('',(0.828216975480661,0.616894,0.00120346369812666));
#2622=CARTESIAN_POINT('',(0.828230668742244,0.616894,0.00126254744606204));
#2623=CARTESIAN_POINT('',(0.828244993560619,0.616894,0.00132147794359518));
#2624=CARTESIAN_POINT('',(0.828259944243105,0.616894,0.00138025021318005));
#2625=CARTESIAN_POINT('',(0.828275515097025,0.616894,0.00143885927727105));
#2626=CARTESIAN_POINT('',(0.8282917004297,0.616894,0.00149730015832217));
#2627=CARTESIAN_POINT('',(0.828308494548452,0.616894,0.00155556787878782));
#2628=CARTESIAN_POINT('',(0.828325891760603,0.616894,0.00161365746112196));
#2629=CARTESIAN_POINT('',(0.828343886373474,0.616894,0.0016715639277789));
#2630=CARTESIAN_POINT('',(0.828362472694388,0.616894,0.00172928230121294));
#2631=CARTESIAN_POINT('',(0.828381645030664,0.616894,0.00178680760387816));
#2632=CARTESIAN_POINT('',(0.828401397689626,0.616894,0.00184413485822866));
#2633=CARTESIAN_POINT('',(0.828421724978594,0.616894,0.00190125908671882));
#2634=CARTESIAN_POINT('',(0.82846407595846,0.616894,0.00201486409841131));
#2635=CARTESIAN_POINT('',(0.828508639887275,0.616894,0.00212758862484803));
#2636=CARTESIAN_POINT('',(0.828555359487333,0.616894,0.00223942324133507));
#2637=CARTESIAN_POINT('',(0.828604177480932,0.616894,0.00235035852317862));
#2638=CARTESIAN_POINT('',(0.828655036590367,0.616894,0.00246038504568487));
#2639=CARTESIAN_POINT('',(0.828707879537935,0.616894,0.00256949338416001));
#2640=CARTESIAN_POINT('',(0.828762649045932,0.616894,0.00267767411391025));
#2641=CARTESIAN_POINT('',(0.828819287836654,0.616894,0.00278491781024166));
#2642=CARTESIAN_POINT('',(0.828877738632397,0.616894,0.00289121504846064));
#2643=CARTESIAN_POINT('',(0.828937944155457,0.616894,0.00299655640387327));
#2644=CARTESIAN_POINT('',(0.82899984712813,0.616894,0.00310093245178577));
#2645=CARTESIAN_POINT('',(0.829063390272714,0.616894,0.0032043337675043));
#2646=CARTESIAN_POINT('',(0.829128516311502,0.616894,0.00330675092633507));
#2647=CARTESIAN_POINT('',(0.829195167966793,0.616894,0.00340817450358426));
#2648=CARTESIAN_POINT('',(0.829263287960882,0.616894,0.00350859507455808));
#2649=CARTESIAN_POINT('',(0.829332819016065,0.616894,0.0036080032145627));
#2650=CARTESIAN_POINT('',(0.829403699725138,0.616894,0.00370641117921585));
#2651=CARTESIAN_POINT('',(0.829475882886545,0.616894,0.00380384459802372));
#2652=CARTESIAN_POINT('',(0.829549332531057,0.616894,0.00390031410712518));
#2653=CARTESIAN_POINT('',(0.829624012689446,0.616894,0.00399583034265934));
#2654=CARTESIAN_POINT('',(0.829699887392483,0.616894,0.00409040394076506));
#2655=CARTESIAN_POINT('',(0.829776920670938,0.616894,0.00418404553758127));
#2656=CARTESIAN_POINT('',(0.829855076555584,0.616894,0.00427676576924693));
#2657=CARTESIAN_POINT('',(0.82993431907719,0.616894,0.00436857527190096));
#2658=CARTESIAN_POINT('',(0.830014612266529,0.616894,0.00445948468168231));
#2659=CARTESIAN_POINT('',(0.83009592015437,0.616894,0.00454950463472993));
#2660=CARTESIAN_POINT('',(0.830178206771486,0.616894,0.00463864576718268));
#2661=CARTESIAN_POINT('',(0.830261436148646,0.616894,0.00472691871517965));
#2662=CARTESIAN_POINT('',(0.830430579306188,0.616894,0.0049009026023618));
#2663=CARTESIAN_POINT('',(0.830603061873163,0.616894,0.00507154138538783));
#2664=CARTESIAN_POINT('',(0.830778615508831,0.616894,0.00523894626498175));
#2665=CARTESIAN_POINT('',(0.830957057627036,0.616894,0.00540323684642335));
#2666=CARTESIAN_POINT('',(0.831138229105826,0.616894,0.00556451082565776));
#2667=CARTESIAN_POINT('',(0.831321970823248,0.616894,0.00572286589863036));
#2668=CARTESIAN_POINT('',(0.831508123657347,0.616894,0.00587839976128629));
#2669=CARTESIAN_POINT('',(0.831696528486171,0.616894,0.00603121010957078));
#2670=CARTESIAN_POINT('',(0.831887026187766,0.616894,0.00618139463942898));
#2671=CARTESIAN_POINT('',(0.832079457640181,0.616894,0.00632905104680625));
#2672=CARTESIAN_POINT('',(0.832273728102993,0.616894,0.00647424384722919));
#2673=CARTESIAN_POINT('',(0.83246978863778,0.616894,0.00661702252719341));
#2674=CARTESIAN_POINT('',(0.832667548825583,0.616894,0.00675746223909749));
#2675=CARTESIAN_POINT('',(0.832866918247445,0.616894,0.00689563813534002));
#2676=CARTESIAN_POINT('',(0.833067806484408,0.616894,0.00703162536831953));
#2677=CARTESIAN_POINT('',(0.833270123117512,0.616894,0.00716549909043473));
#2678=CARTESIAN_POINT('',(0.8334737777278,0.616894,0.00729733445408413));
#2679=CARTESIAN_POINT('',(0.833678679896313,0.616894,0.00742720661166626));
#2680=CARTESIAN_POINT('',(0.834091927764386,0.616894,0.00768134638098632));
#2681=CARTESIAN_POINT('',(0.834509457486139,0.616894,0.00792835212524313));
#2682=CARTESIAN_POINT('',(0.834930923085713,0.616894,0.00816859713097034));
#2683=CARTESIAN_POINT('',(0.835355978587251,0.616894,0.00840245468470181));
#2684=CARTESIAN_POINT('',(0.835784259318666,0.616894,0.00863031000029453));
#2685=CARTESIAN_POINT('',(0.836215497723582,0.616894,0.00885247782916756));
#2686=CARTESIAN_POINT('',(0.836649493499703,0.616894,0.00906922576419768));
#2687=CARTESIAN_POINT('',(0.837086046344731,0.616894,0.00928082139826156));
#2688=CARTESIAN_POINT('',(0.837966022032317,0.616894,0.00968962613499728));
#2689=CARTESIAN_POINT('',(0.838853822367965,0.616894,0.0100810327823885));
#2690=CARTESIAN_POINT('',(0.839748500251001,0.616894,0.0104563500838941));
#2691=CARTESIAN_POINT('',(0.840649425047426,0.616894,0.0108166037025543));
#2692=CARTESIAN_POINT('',(0.84155557655759,0.616894,0.011163415315114));
#2693=CARTESIAN_POINT('',(0.842466470820134,0.616894,0.0114976116932319));
#2694=CARTESIAN_POINT('',(0.843381551777019,0.616894,0.0118201643813827));
#2695=CARTESIAN_POINT('',(0.844300296871098,0.616894,0.012132044354956));
#2696=CARTESIAN_POINT('',(0.845222432992779,0.616894,0.0124337745250829));
#2697=CARTESIAN_POINT('',(0.846147687032475,0.616894,0.0127258778028946));
#2698=CARTESIAN_POINT('',(0.848006300745382,0.616894,0.0132837345511915));
#2699=CARTESIAN_POINT('',(0.849873926565416,0.616894,0.0138104002786101));
#2700=CARTESIAN_POINT('',(0.851749283421835,0.616894,0.0143087340667399));
#2701=CARTESIAN_POINT('',(0.853631545062201,0.616894,0.0147807126668696));
#2702=CARTESIAN_POINT('',(0.855519451430561,0.616894,0.0152294179353783));
#2703=CARTESIAN_POINT('',(0.857412279825866,0.616894,0.015656791625911));
#2704=CARTESIAN_POINT('',(0.859309527302943,0.616894,0.0160642281248933));
#2705=CARTESIAN_POINT('',(0.861210690916618,0.616894,0.016453121818751));
#2706=CARTESIAN_POINT('',(0.865022692684009,0.616894,0.0171813503285156));
#2707=CARTESIAN_POINT('',(0.868845727408635,0.616894,0.0178494192180398));
#2708=CARTESIAN_POINT('',(0.872677711625472,0.616894,0.0184642075797374));
#2709=CARTESIAN_POINT('',(0.876516915825777,0.616894,0.0190317736782403));
#2710=CARTESIAN_POINT('',(0.880362420630688,0.616894,0.0195555117497842));
#2711=CARTESIAN_POINT('',(0.884212974212424,0.616894,0.0200402792450656));
#2712=CARTESIAN_POINT('',(0.891926749522149,0.616894,0.0209031916987724));
#2713=CARTESIAN_POINT('',(0.899653437741219,0.616894,0.0216416075217248));
#2714=CARTESIAN_POINT('',(0.90738976242733,0.616894,0.0222708778065921));
#2715=CARTESIAN_POINT('',(0.915133449292334,0.616894,0.0228028734900236));
#2716=CARTESIAN_POINT('',(0.930635756417657,0.616894,0.023614791586708));
#2717=CARTESIAN_POINT('',(0.946150701120676,0.616894,0.0241379178324456));
#2718=CARTESIAN_POINT('',(0.961671937970704,0.616894,0.024416759940481));
#2719=CARTESIAN_POINT('',(0.977195583685889,0.616894,0.024484761539877));
#2720=CARTESIAN_POINT('',(0.992718932646411,0.616894,0.0243691403037307));
#2721=CARTESIAN_POINT('',(1.00824022896156,0.616894,0.0240918383584735));
#2722=CARTESIAN_POINT('',(1.0392723578443,0.616894,0.0231199764642137));
#2723=CARTESIAN_POINT('',(1.07028658082969,0.616894,0.0216839845897855));
#2724=CARTESIAN_POINT('',(1.10128092947307,0.616894,0.0198687844883327));
#2725=CARTESIAN_POINT('',(1.1322551754723,0.616894,0.0177360241135074));
#2726=CARTESIAN_POINT('',(1.16320961903622,0.616894,0.0153336349282946));
#2727=CARTESIAN_POINT('',(1.19414463229837,0.616894,0.0126920724475669));
#2728=CARTESIAN_POINT('',(1.22506033887504,0.616894,0.0098336450985446));
#2729=CARTESIAN_POINT('',(1.25595604519184,0.616894,0.00676654655157401));
#2730=CARTESIAN_POINT('',(1.28683048363699,0.616894,0.00349221540775382));
#2731=CARTESIAN_POINT('',(1.317681,0.616894,0.));
#2732=EDGE_CURVE('Edge_35',#2597,#2599,#2600,.T.);
#2733=CARTESIAN_POINT('',(0.828082,0.,0.));
#2734=VERTEX_POINT('',#2733);
#2735=CARTESIAN_POINT('',(1.317681,0.,-1.20829361778838E-19));
#2736=VERTEX_POINT('',#2735);
#2737=B_SPLINE_CURVE_WITH_KNOTS('Curve_36',1,(#2738, #2739, #2740, #2741, #2742, #2743, #2744, #2745, #2746, #2747, #2748, #2749, #2750, #2751, #2752, #2753, #2754, #2755, #2756, #2757, #2758, #2759, #2760, #2761, #2762, #2763, #2764, #2765, #2766, #2767, #2768, #2769, #2770, #2771, #2772, #2773, #2774, #2775, #2776, #2777, #2778, #2779, #2780, #2781, #2782, #2783, #2784, #2785, #2786, #2787, #2788, #2789, #2790, #2791, #2792, #2793, #2794, #2795, #2796, #2797, #2798, #2799, #2800, #2801, #2802, #2803, #2804, #2805, #2806, #2807, #2808, #2809, #2810, #2811, #2812, #2813, #2814, #2815, #2816, #2817, #2818, #2819, #2820, #2821, #2822, #2823, #2824, #2825, #2826, #2827, #2828, #2829, #2830, #2831, #2832, #2833, #2834, #2835, #2836, #2837, #2838, #2839, #2840, #2841, #2842, #2843, #2844, #2845, #2846, #2847, #2848, #2849, #2850, #2851, #2852, #2853, #2854, #2855, #2856, #2857, #2858, #2859, #2860, #2861, #2862),.POLYLINE_FORM.,.F.,.F.,(2,1,1,1,1,1,1,1,1,1,1,1,1,1,1,1,1,1,1,1,1,1,1,1,1,1,1,1,1,1,1,1,1,1,1,1,1,1,1,1,1,1,1,1,1,1,1,1,1,1,1,1,1,1,1,1,1,1,1,1,1,1,1,1,1,1,1,1,1,1,1,1,1,1,1,1,1,1,1,1,1,1,1,1,1,1,1,1,1,1,1,1,1,1,1,1,1,1,1,1,1,1,1,1,1,1,1,1,1,1,1,1,1,1,1,1,1,1,1,1,1,1,1,1,2),(0.,1.,2.,3.,4.,5.,6.,7.,8.,9.,10.,11.,12.,13.,14.,15.,16.,17.,18.,19.,20.,21.,22.,23.,24.,25.,26.,27.,28.,29.,30.,31.,32.,33.,34.,35.,36.,37.,38.,39.,40.,41.,42.,43.,44.,45.,46.,47.,48.,49.,50.,51.,52.,53.,54.,55.,56.,57.,58.,59.,60.,61.,62.,63.,64.,65.,66.,67.,68.,69.,70.,71.,72.,73.,74.,75.,76.,77.,78.,79.,80.,81.,82.,83.,84.,85.,86.,87.,88.,89.,90.,91.,92.,93.,94.,95.,96.,97.,98.,99.,100.,101.,102.,103.,104.,105.,106.,107.,108.,109.,110.,111.,112.,113.,114.,115.,116.,117.,118.,119.,120.,121.,122.,123.,124.),.UNIFORM_KNOTS.);
#2738=CARTESIAN_POINT('',(0.828082,0.,0.));
#2739=CARTESIAN_POINT('',(0.828082953645279,0.,-0.000121756366179208));
#2740=CARTESIAN_POINT('',(0.828085813947125,0.,-0.000243600764026793));
#2741=CARTESIAN_POINT('',(0.828090579954552,0.,-0.000365471962022634));
#2742=CARTESIAN_POINT('',(0.828097250716576,0.,-0.000487308728646274));
#2743=CARTESIAN_POINT('',(0.82810582528221,0.,-0.000609049832377425));
#2744=CARTESIAN_POINT('',(0.82811630270047,0.,-0.000730634041695911));
#2745=CARTESIAN_POINT('',(0.828128682020369,0.,-0.000852000125081332));
#2746=CARTESIAN_POINT('',(0.828142962290922,0.,-0.00097308685101351));
#2747=CARTESIAN_POINT('',(0.828159142525623,0.,-0.00109389717648546));
#2748=CARTESIAN_POINT('',(0.828177211720811,0.,-0.00121445408919255));
#2749=CARTESIAN_POINT('',(0.828197153899768,0.,-0.00133472640366845));
#2750=CARTESIAN_POINT('',(0.828218953085779,0.,-0.00145468293444661));
#2751=CARTESIAN_POINT('',(0.828242593302124,0.,-0.00157429249606049));
#2752=CARTESIAN_POINT('',(0.828268058572088,0.,-0.00169352390304369));
#2753=CARTESIAN_POINT('',(0.828295332918952,0.,-0.00181234596992967));
#2754=CARTESIAN_POINT('',(0.828324400365999,0.,-0.00193072751125194));
#2755=CARTESIAN_POINT('',(0.82835525307262,0.,-0.00204864070464455));
#2756=CARTESIAN_POINT('',(0.82838787519233,0.,-0.00216606846854395));
#2757=CARTESIAN_POINT('',(0.828422238739602,0.,-0.00228299572868735));
#2758=CARTESIAN_POINT('',(0.828458315728906,0.,-0.00239940741081181));
#2759=CARTESIAN_POINT('',(0.828496078174713,0.,-0.00251528844065443));
#2760=CARTESIAN_POINT('',(0.828535498091497,0.,-0.00263062374395234));
#2761=CARTESIAN_POINT('',(0.828576547493728,0.,-0.00274539824644258));
#2762=CARTESIAN_POINT('',(0.828619198395877,0.,-0.00285959687386237));
#2763=CARTESIAN_POINT('',(0.828663422812416,0.,-0.00297320455194878));
#2764=CARTESIAN_POINT('',(0.828709192757817,0.,-0.00308620620643886));
#2765=CARTESIAN_POINT('',(0.828756480246552,0.,-0.00319858676306987));
#2766=CARTESIAN_POINT('',(0.828805257293092,0.,-0.00331033114757872));
#2767=CARTESIAN_POINT('',(0.828855495911907,0.,-0.00342142428570269));
#2768=CARTESIAN_POINT('',(0.828907168117471,0.,-0.00353185110317881));
#2769=CARTESIAN_POINT('',(0.828960245924254,0.,-0.00364159652574417));
#2770=CARTESIAN_POINT('',(0.829014701346728,0.,-0.00375064547913596));
#2771=CARTESIAN_POINT('',(0.829070508371222,0.,-0.00385899168230501));
#2772=CARTESIAN_POINT('',(0.82912764118942,0.,-0.00396663851505449));
#2773=CARTESIAN_POINT('',(0.829186072123824,0.,-0.00407358539440044));
#2774=CARTESIAN_POINT('',(0.829245773496939,0.,-0.00417983173735864));
#2775=CARTESIAN_POINT('',(0.829306717631268,0.,-0.00428537696094508));
#2776=CARTESIAN_POINT('',(0.829368876849316,0.,-0.0043902204821756));
#2777=CARTESIAN_POINT('',(0.829432223473585,0.,-0.00449436171806608));
#2778=CARTESIAN_POINT('',(0.829496729826581,0.,-0.00459780008563242));
#2779=CARTESIAN_POINT('',(0.829562368230805,0.,-0.00470053500189048));
#2780=CARTESIAN_POINT('',(0.829629111008763,0.,-0.00480256588385612));
#2781=CARTESIAN_POINT('',(0.829696930482957,0.,-0.00490389214854531));
#2782=CARTESIAN_POINT('',(0.829765798975892,0.,-0.00500451321297385));
#2783=CARTESIAN_POINT('',(0.829906572307997,0.,-0.00520363740911279));
#2784=CARTESIAN_POINT('',(0.83005120958511,0.,-0.00539993380839983));
#2785=CARTESIAN_POINT('',(0.830199503314026,0.,-0.00559342422784839));
#2786=CARTESIAN_POINT('',(0.830351296127124,0.,-0.00578416091571081));
#2787=CARTESIAN_POINT('',(0.830506441792809,0.,-0.00597218485497246));
#2788=CARTESIAN_POINT('',(0.830664794079486,0.,-0.00615753702861897));
#2789=CARTESIAN_POINT('',(0.830826206755559,0.,-0.00634025841963592));
#2790=CARTESIAN_POINT('',(0.830990533589432,0.,-0.0065203900110088));
#2791=CARTESIAN_POINT('',(0.83115762834951,0.,-0.00669797278572313));
#2792=CARTESIAN_POINT('',(0.831327344804197,0.,-0.00687304772676451));
#2793=CARTESIAN_POINT('',(0.831499516081419,0.,-0.00704567851803995));
#2794=CARTESIAN_POINT('',(0.831674013279441,0.,-0.00721593188919481));
#2795=CARTESIAN_POINT('',(0.831850747122176,0.,-0.00738385339182185));
#2796=CARTESIAN_POINT('',(0.832029628333537,0.,-0.00754948857751385));
#2797=CARTESIAN_POINT('',(0.832210567637438,0.,-0.00771288299786366));
#2798=CARTESIAN_POINT('',(0.832393475757792,0.,-0.00787408220446412));
#2799=CARTESIAN_POINT('',(0.832578263418512,0.,-0.00803313174890801));
#2800=CARTESIAN_POINT('',(0.832764841343511,0.,-0.00819007718278811));
#2801=CARTESIAN_POINT('',(0.832953105428832,0.,-0.00834498104083944));
#2802=CARTESIAN_POINT('',(0.833142974218126,0.,-0.008497900945864));
#2803=CARTESIAN_POINT('',(0.833334392406716,0.,-0.00864887508155536));
#2804=CARTESIAN_POINT('',(0.833527304689927,0.,-0.00879794163160699));
#2805=CARTESIAN_POINT('',(0.833917390321513,0.,-0.00909050470956496));
#2806=CARTESIAN_POINT('',(0.834312788675482,0.,-0.00937589564928601));
#2807=CARTESIAN_POINT('',(0.834712972311017,0.,-0.00965448977567913));
#2808=CARTESIAN_POINT('',(0.835117525564648,0.,-0.00992663345256408));
#2809=CARTESIAN_POINT('',(0.835526173664986,0.,-0.0101925887078551));
#2810=CARTESIAN_POINT('',(0.83593864184064,0.,-0.0104526175694662));
#2811=CARTESIAN_POINT('',(0.836354655320223,0.,-0.0107069820653115));
#2812=CARTESIAN_POINT('',(0.836773939332344,0.,-0.0109559442233052));
#2813=CARTESIAN_POINT('',(0.837196219105615,0.,-0.0111997660713613));
#2814=CARTESIAN_POINT('',(0.837621219868647,0.,-0.0114387096373939));
#2815=CARTESIAN_POINT('',(0.838048853576714,0.,-0.0116728682716967));
#2816=CARTESIAN_POINT('',(0.838479086667349,0.,-0.0119023045871674));
#2817=CARTESIAN_POINT('',(0.838911726092548,0.,-0.0121272345056265));
#2818=CARTESIAN_POINT('',(0.839346578804306,0.,-0.0123478739488943));
#2819=CARTESIAN_POINT('',(0.840222180095096,0.,-0.0127771936504037));
#2820=CARTESIAN_POINT('',(0.84110509971864,0.,-0.0131912768793487));
#2821=CARTESIAN_POINT('',(0.841994532796755,0.,-0.013591178220315));
#2822=CARTESIAN_POINT('',(0.842889689084743,0.,-0.0139779943331439));
#2823=CARTESIAN_POINT('',(0.843790134193817,0.,-0.0143523715950179));
#2824=CARTESIAN_POINT('',(0.844695433735188,0.,-0.0147149563831193));
#2825=CARTESIAN_POINT('',(0.845605012529472,0.,-0.0150666109291085));
#2826=CARTESIAN_POINT('',(0.846518421251448,0.,-0.0154080620197778));
#2827=CARTESIAN_POINT('',(0.847435414293569,0.,-0.0157397528650082));
#2828=CARTESIAN_POINT('',(0.848355746048284,0.,-0.0160621266746806));
#2829=CARTESIAN_POINT('',(0.850205443265308,0.,-0.0166806960268748));
#2830=CARTESIAN_POINT('',(0.852065548042132,0.,-0.0172673157554075));
#2831=CARTESIAN_POINT('',(0.85393438321086,0.,-0.0178251341255886));
#2832=CARTESIAN_POINT('',(0.855810993246298,0.,-0.018356220576108));
#2833=CARTESIAN_POINT('',(0.857694495752116,0.,-0.0188625025460823));
#2834=CARTESIAN_POINT('',(0.859584008331981,0.,-0.0193459074746279));
#2835=CARTESIAN_POINT('',(0.8633782862056,0.,-0.020250564801565));
#2836=CARTESIAN_POINT('',(0.867189602960402,0.,-0.0210807033692666));
#2837=CARTESIAN_POINT('',(0.871014703970641,0.,-0.0218447261559046));
#2838=CARTESIAN_POINT('',(0.874851281509232,0.,-0.0225492549357172));
#2839=CARTESIAN_POINT('',(0.878697138944564,0.,-0.0232007044244072));
#2840=CARTESIAN_POINT('',(0.882550979121453,0.,-0.0238031721366753));
#2841=CARTESIAN_POINT('',(0.890278082013957,0.,-0.0248762884709664));
#2842=CARTESIAN_POINT('',(0.898025102264089,0.,-0.0257948678859273));
#2843=CARTESIAN_POINT('',(0.905786900300804,0.,-0.0265786722007967));
#2844=CARTESIAN_POINT('',(0.91355990822359,0.,-0.0272426245624326));
#2845=CARTESIAN_POINT('',(0.921341324822601,0.,-0.0277992055607674));
#2846=CARTESIAN_POINT('',(0.929129016290949,0.,-0.0282590334091507));
#2847=CARTESIAN_POINT('',(0.936921550022419,0.,-0.0286300653221632));
#2848=CARTESIAN_POINT('',(0.944717493410799,0.,-0.0289202585143858));
#2849=CARTESIAN_POINT('',(0.960315745974341,0.,-0.0292815790412592));
#2850=CARTESIAN_POINT('',(0.975917972856272,0.,-0.0293837789175456));
#2851=CARTESIAN_POINT('',(0.991520045597938,0.,-0.0292609626052609));
#2852=CARTESIAN_POINT('',(1.00711928330971,0.,-0.0289401891816833));
#2853=CARTESIAN_POINT('',(1.0383028051167,0.,-0.0277894862735548));
#2854=CARTESIAN_POINT('',(1.06946047898237,0.,-0.0260730262540827));
#2855=CARTESIAN_POINT('',(1.10058938315076,0.,-0.0238950859770931));
#2856=CARTESIAN_POINT('',(1.13168907937017,0.,-0.021333069488545));
#2857=CARTESIAN_POINT('',(1.16276010417251,0.,-0.0184438253278017));
#2858=CARTESIAN_POINT('',(1.19380306377256,0.,-0.0152669532244563));
#2859=CARTESIAN_POINT('',(1.22481811397235,0.,-0.0118282400863657));
#2860=CARTESIAN_POINT('',(1.25580431301332,0.,-0.00813854038532962));
#2861=CARTESIAN_POINT('',(1.28675986970496,0.,-0.00419994177053711));
#2862=CARTESIAN_POINT('',(1.317681,0.,-1.20829361778838E-19));
#2863=EDGE_CURVE('Edge_36',#2734,#2736,#2737,.T.);
#2864=CARTESIAN_POINT('',(0.828082,0.616894,0.));
#2865=VERTEX_POINT('',#2864);
#2866=CARTESIAN_POINT('',(0.828082,0.,0.));
#2867=VERTEX_POINT('',#2866);
#2868=B_SPLINE_CURVE_WITH_KNOTS('Curve_37',1,(#2869, #2870, #2871, #2872, #2873, #2874, #2875, #2876, #2877, #2878, #2879, #2880, #2881, #2882, #2883, #2884, #2885),.POLYLINE_FORM.,.F.,.F.,(2,1,1,1,1,1,1,1,1,1,1,1,1,1,1,1,2),(0.,1.,2.,3.,4.,5.,6.,7.,8.,9.,10.,11.,12.,13.,14.,15.,16.),.UNIFORM_KNOTS.);
#2869=CARTESIAN_POINT('',(0.828082,0.616894,0.));
#2870=CARTESIAN_POINT('',(0.828082,0.578338125,0.));
#2871=CARTESIAN_POINT('',(0.828082,0.53978225,0.));
#2872=CARTESIAN_POINT('',(0.828082,0.501226375,0.));
#2873=CARTESIAN_POINT('',(0.828082,0.4626705,0.));
#2874=CARTESIAN_POINT('',(0.828082,0.424114625,0.));
#2875=CARTESIAN_POINT('',(0.828082,0.38555875,0.));
#2876=CARTESIAN_POINT('',(0.828082,0.347002875,0.));
#2877=CARTESIAN_POINT('',(0.828082,0.308447,0.));
#2878=CARTESIAN_POINT('',(0.828082,0.269891125,0.));
#2879=CARTESIAN_POINT('',(0.828082,0.23133525,0.));
#2880=CARTESIAN_POINT('',(0.828082,0.192779375,0.));
#2881=CARTESIAN_POINT('',(0.828082,0.1542235,0.));
#2882=CARTESIAN_POINT('',(0.828082,0.115667625,0.));
#2883=CARTESIAN_POINT('',(0.828082,0.07711175,0.));
#2884=CARTESIAN_POINT('',(0.828082,0.038555875,0.));
#2885=CARTESIAN_POINT('',(0.828082,0.,0.));
#2886=EDGE_CURVE('Edge_37',#2865,#2867,#2868,.T.);
#2887=CARTESIAN_POINT('',(1.317681,0.616894,0.));
#2888=VERTEX_POINT('',#2887);
#2889=CARTESIAN_POINT('',(0.828082,0.616894,0.));
#2890=VERTEX_POINT('',#2889);
#2891=B_SPLINE_CURVE_WITH_KNOTS('Curve_38',1,(#2892, #2893, #2894, #2895, #2896, #2897, #2898, #2899, #2900, #2901, #2902, #2903, #2904, #2905, #2906, #2907, #2908, #2909, #2910, #2911, #2912, #2913, #2914, #2915, #2916, #2917, #2918, #2919, #2920, #2921, #2922, #2923, #2924, #2925, #2926, #2927, #2928, #2929, #2930, #2931, #2932, #2933, #2934, #2935, #2936, #2937, #2938, #2939, #2940, #2941, #2942, #2943, #2944, #2945, #2946, #2947, #2948, #2949, #2950, #2951, #2952, #2953, #2954, #2955, #2956, #2957, #2958, #2959, #2960, #2961, #2962, #2963, #2964, #2965, #2966, #2967, #2968, #2969, #2970, #2971, #2972, #2973, #2974, #2975, #2976, #2977, #2978, #2979, #2980, #2981, #2982, #2983, #2984, #2985, #2986, #2987, #2988, #2989, #2990, #2991, #2992, #2993, #2994, #2995, #2996, #2997, #2998, #2999, #3000, #3001, #3002, #3003, #3004, #3005, #3006, #3007, #3008, #3009, #3010, #3011, #3012, #3013, #3014, #3015, #3016, #3017, #3018, #3019, #3020, #3021, #3022),.POLYLINE_FORM.,.F.,.F.,(2,1,1,1,1,1,1,1,1,1,1,1,1,1,1,1,1,1,1,1,1,1,1,1,1,1,1,1,1,1,1,1,1,1,1,1,1,1,1,1,1,1,1,1,1,1,1,1,1,1,1,1,1,1,1,1,1,1,1,1,1,1,1,1,1,1,1,1,1,1,1,1,1,1,1,1,1,1,1,1,1,1,1,1,1,1,1,1,1,1,1,1,1,1,1,1,1,1,1,1,1,1,1,1,1,1,1,1,1,1,1,1,1,1,1,1,1,1,1,1,1,1,1,1,1,1,1,1,1,1,2),(0.,1.,2.,3.,4.,5.,6.,7.,8.,9.,10.,11.,12.,13.,14.,15.,16.,17.,18.,19.,20.,21.,22.,23.,24.,25.,26.,27.,28.,29.,30.,31.,32.,33.,34.,35.,36.,37.,38.,39.,40.,41.,42.,43.,44.,45.,46.,47.,48.,49.,50.,51.,52.,53.,54.,55.,56.,57.,58.,59.,60.,61.,62.,63.,64.,65.,66.,67.,68.,69.,70.,71.,72.,73.,74.,75.,76.,77.,78.,79.,80.,81.,82.,83.,84.,85.,86.,87.,88.,89.,90.,91.,92.,93.,94.,95.,96.,97.,98.,99.,100.,101.,102.,103.,104.,105.,106.,107.,108.,109.,110.,111.,112.,113.,114.,115.,116.,117.,118.,119.,120.,121.,122.,123.,124.,125.,126.,127.,128.,129.,130.),.UNIFORM_KNOTS.);
#2892=CARTESIAN_POINT('',(1.317681,0.616894,0.));
#2893=CARTESIAN_POINT('',(1.28683048363699,0.616894,-0.00349221540775361));
#2894=CARTESIAN_POINT('',(1.25595604519184,0.616894,-0.00676654655157397));
#2895=CARTESIAN_POINT('',(1.22506033887504,0.616894,-0.00983364509854459));
#2896=CARTESIAN_POINT('',(1.19414463229837,0.616894,-0.0126920724475669));
#2897=CARTESIAN_POINT('',(1.16320961903622,0.616894,-0.0153336349282946));
#2898=CARTESIAN_POINT('',(1.1322551754723,0.616894,-0.0177360241135074));
#2899=CARTESIAN_POINT('',(1.10128092947307,0.616894,-0.0198687844883327));
#2900=CARTESIAN_POINT('',(1.07028658082969,0.616894,-0.0216839845897855));
#2901=CARTESIAN_POINT('',(1.0392723578443,0.616894,-0.0231199764642137));
#2902=CARTESIAN_POINT('',(1.00824022896156,0.616894,-0.0240918383584735));
#2903=CARTESIAN_POINT('',(0.992718932646411,0.616894,-0.0243691403037307));
#2904=CARTESIAN_POINT('',(0.977195583685889,0.616894,-0.024484761539877));
#2905=CARTESIAN_POINT('',(0.961671937970704,0.616894,-0.024416759940481));
#2906=CARTESIAN_POINT('',(0.946150701120676,0.616894,-0.0241379178324456));
#2907=CARTESIAN_POINT('',(0.930635756417657,0.616894,-0.023614791586708));
#2908=CARTESIAN_POINT('',(0.915133449292335,0.616894,-0.0228028734900237));
#2909=CARTESIAN_POINT('',(0.907389762427331,0.616894,-0.0222708778065921));
#2910=CARTESIAN_POINT('',(0.899653437741219,0.616894,-0.0216416075217249));
#2911=CARTESIAN_POINT('',(0.891926749522149,0.616894,-0.0209031916987724));
#2912=CARTESIAN_POINT('',(0.884212974212424,0.616894,-0.0200402792450656));
#2913=CARTESIAN_POINT('',(0.880362420630688,0.616894,-0.0195555117497842));
#2914=CARTESIAN_POINT('',(0.876516915825777,0.616894,-0.0190317736782404));
#2915=CARTESIAN_POINT('',(0.872677711625473,0.616894,-0.0184642075797374));
#2916=CARTESIAN_POINT('',(0.868845727408635,0.616894,-0.0178494192180398));
#2917=CARTESIAN_POINT('',(0.865022692684009,0.616894,-0.0171813503285156));
#2918=CARTESIAN_POINT('',(0.861210690916618,0.616894,-0.016453121818751));
#2919=CARTESIAN_POINT('',(0.859309527302943,0.616894,-0.0160642281248934));
#2920=CARTESIAN_POINT('',(0.857412279825866,0.616894,-0.015656791625911));
#2921=CARTESIAN_POINT('',(0.855519451430561,0.616894,-0.0152294179353784));
#2922=CARTESIAN_POINT('',(0.853631545062201,0.616894,-0.0147807126668696));
#2923=CARTESIAN_POINT('',(0.851749283421835,0.616894,-0.0143087340667399));
#2924=CARTESIAN_POINT('',(0.849873926565417,0.616894,-0.0138104002786101));
#2925=CARTESIAN_POINT('',(0.848006300745382,0.616894,-0.0132837345511916));
#2926=CARTESIAN_POINT('',(0.846147687032475,0.616894,-0.0127258778028946));
#2927=CARTESIAN_POINT('',(0.845222432992779,0.616894,-0.0124337745250829));
#2928=CARTESIAN_POINT('',(0.844300296871098,0.616894,-0.012132044354956));
#2929=CARTESIAN_POINT('',(0.84338155177702,0.616894,-0.0118201643813827));
#2930=CARTESIAN_POINT('',(0.842466470820134,0.616894,-0.011497611693232));
#2931=CARTESIAN_POINT('',(0.84155557655759,0.616894,-0.0111634153151139));
#2932=CARTESIAN_POINT('',(0.840649425047426,0.616894,-0.0108166037025543));
#2933=CARTESIAN_POINT('',(0.839748500251001,0.616894,-0.0104563500838941));
#2934=CARTESIAN_POINT('',(0.838853822367965,0.616894,-0.0100810327823886));
#2935=CARTESIAN_POINT('',(0.837966022032318,0.616894,-0.00968962613499738));
#2936=CARTESIAN_POINT('',(0.837086046344731,0.616894,-0.00928082139826161));
#2937=CARTESIAN_POINT('',(0.836649493499703,0.616894,-0.00906922576419775));
#2938=CARTESIAN_POINT('',(0.836215497723583,0.616894,-0.00885247782916763));
#2939=CARTESIAN_POINT('',(0.835784259318666,0.616894,-0.00863031000029461));
#2940=CARTESIAN_POINT('',(0.835355978587251,0.616894,-0.00840245468470189));
#2941=CARTESIAN_POINT('',(0.834930923085714,0.616894,-0.00816859713097044));
#2942=CARTESIAN_POINT('',(0.834509457486139,0.616894,-0.00792835212524322));
#2943=CARTESIAN_POINT('',(0.834091927764386,0.616894,-0.00768134638098641));
#2944=CARTESIAN_POINT('',(0.833678679896313,0.616894,-0.00742720661166639));
#2945=CARTESIAN_POINT('',(0.8334737777278,0.616894,-0.00729733445408423));
#2946=CARTESIAN_POINT('',(0.833270123117512,0.616894,-0.00716549909043482));
#2947=CARTESIAN_POINT('',(0.833067806484408,0.616894,-0.00703162536831963));
#2948=CARTESIAN_POINT('',(0.832866918247446,0.616894,-0.00689563813534008));
#2949=CARTESIAN_POINT('',(0.832667548825583,0.616894,-0.00675746223909755));
#2950=CARTESIAN_POINT('',(0.83246978863778,0.616894,-0.00661702252719344));
#2951=CARTESIAN_POINT('',(0.832273728102993,0.616894,-0.00647424384722918));
#2952=CARTESIAN_POINT('',(0.832079457640181,0.616894,-0.00632905104680622));
#2953=CARTESIAN_POINT('',(0.831887026187767,0.616894,-0.00618139463942892));
#2954=CARTESIAN_POINT('',(0.831696528486171,0.616894,-0.00603121010957067));
#2955=CARTESIAN_POINT('',(0.831508123657347,0.616894,-0.0058783997612862));
#2956=CARTESIAN_POINT('',(0.831321970823247,0.616894,-0.00572286589863029));
#2957=CARTESIAN_POINT('',(0.831138229105826,0.616894,-0.00556451082565776));
#2958=CARTESIAN_POINT('',(0.830957057627036,0.616894,-0.00540323684642335));
#2959=CARTESIAN_POINT('',(0.830778615508831,0.616894,-0.00523894626498175));
#2960=CARTESIAN_POINT('',(0.830603061873163,0.616894,-0.00507154138538788));
#2961=CARTESIAN_POINT('',(0.830430579306187,0.616894,-0.00490090260236188));
#2962=CARTESIAN_POINT('',(0.830261436148646,0.616894,-0.00472691871517969));
#2963=CARTESIAN_POINT('',(0.830178206771486,0.616894,-0.00463864576718276));
#2964=CARTESIAN_POINT('',(0.83009592015437,0.616894,-0.00454950463472993));
#2965=CARTESIAN_POINT('',(0.830014612266528,0.616894,-0.00445948468168235));
#2966=CARTESIAN_POINT('',(0.82993431907719,0.616894,-0.00436857527190099));
#2967=CARTESIAN_POINT('',(0.829855076555584,0.616894,-0.00427676576924696));
#2968=CARTESIAN_POINT('',(0.829776920670938,0.616894,-0.00418404553758131));
#2969=CARTESIAN_POINT('',(0.829699887392483,0.616894,-0.0040904039407651));
#2970=CARTESIAN_POINT('',(0.829624012689446,0.616894,-0.00399583034265939));
#2971=CARTESIAN_POINT('',(0.829549332531057,0.616894,-0.00390031410712528));
#2972=CARTESIAN_POINT('',(0.829475882886545,0.616894,-0.00380384459802374));
#2973=CARTESIAN_POINT('',(0.829403699725138,0.616894,-0.00370641117921593));
#2974=CARTESIAN_POINT('',(0.829332819016065,0.616894,-0.00360800321456276));
#2975=CARTESIAN_POINT('',(0.829263287960882,0.616894,-0.00350859507455815));
#2976=CARTESIAN_POINT('',(0.829195167966793,0.616894,-0.0034081745035844));
#2977=CARTESIAN_POINT('',(0.829128516311503,0.616894,-0.00330675092633521));
#2978=CARTESIAN_POINT('',(0.829063390272714,0.616894,-0.00320433376750445));
#2979=CARTESIAN_POINT('',(0.828999847128131,0.616894,-0.00310093245178597));
#2980=CARTESIAN_POINT('',(0.828937944155457,0.616894,-0.00299655640387344));
#2981=CARTESIAN_POINT('',(0.828877738632397,0.616894,-0.00289121504846085));
#2982=CARTESIAN_POINT('',(0.828819287836654,0.616894,-0.00278491781024187));
#2983=CARTESIAN_POINT('',(0.828762649045932,0.616894,-0.00267767411391036));
#2984=CARTESIAN_POINT('',(0.828707879537935,0.616894,-0.00256949338416017));
#2985=CARTESIAN_POINT('',(0.828655036590367,0.616894,-0.00246038504568501));
#2986=CARTESIAN_POINT('',(0.828604177480932,0.616894,-0.00235035852317875));
#2987=CARTESIAN_POINT('',(0.828555359487333,0.616894,-0.00223942324133518));
#2988=CARTESIAN_POINT('',(0.828508639887275,0.616894,-0.00212758862484813));
#2989=CARTESIAN_POINT('',(0.82846407595846,0.616894,-0.00201486409841144));
#2990=CARTESIAN_POINT('',(0.828421724978594,0.616894,-0.00190125908671883));
#2991=CARTESIAN_POINT('',(0.828401397689626,0.616894,-0.0018441348582287));
#2992=CARTESIAN_POINT('',(0.828381645030664,0.616894,-0.00178680760387815));
#2993=CARTESIAN_POINT('',(0.828362472694388,0.616894,-0.00172928230121298));
#2994=CARTESIAN_POINT('',(0.828343886373475,0.616894,-0.001671563927779));
#2995=CARTESIAN_POINT('',(0.828325891760604,0.616894,-0.00161365746112201));
#2996=CARTESIAN_POINT('',(0.828308494548452,0.616894,-0.00155556787878782));
#2997=CARTESIAN_POINT('',(0.8282917004297,0.616894,-0.00149730015832229));
#2998=CARTESIAN_POINT('',(0.828275515097025,0.616894,-0.00143885927727113));
#2999=CARTESIAN_POINT('',(0.828259944243105,0.616894,-0.00138025021318013));
#3000=CARTESIAN_POINT('',(0.828244993560619,0.616894,-0.00132147794359527));
#3001=CARTESIAN_POINT('',(0.828230668742244,0.616894,-0.0012625474460622));
#3002=CARTESIAN_POINT('',(0.828216975480661,0.616894,-0.00120346369812676));
#3003=CARTESIAN_POINT('',(0.828203919468546,0.616894,-0.00114423167733478));
#3004=CARTESIAN_POINT('',(0.828191506398579,0.616894,-0.00108485636123211));
#3005=CARTESIAN_POINT('',(0.828179741963437,0.616894,-0.00102534272736439));
#3006=CARTESIAN_POINT('',(0.828168631855799,0.616894,-0.000965695753277604));
#3007=CARTESIAN_POINT('',(0.828158183410452,0.616894,-0.000905913895848047));
#3008=CARTESIAN_POINT('',(0.828148400916058,0.616894,-0.000846000192905952));
#3009=CARTESIAN_POINT('',(0.828139285496109,0.616894,-0.00078596649342848));
#3010=CARTESIAN_POINT('',(0.828130838274096,0.616894,-0.000725824646392409));
#3011=CARTESIAN_POINT('',(0.828123060373512,0.616894,-0.00066558650077468));
#3012=CARTESIAN_POINT('',(0.828115952917848,0.616894,-0.000605263905552401));
#3013=CARTESIAN_POINT('',(0.828109517030595,0.616894,-0.000544868709702349));
#3014=CARTESIAN_POINT('',(0.828103753835247,0.616894,-0.000484412762201574));
#3015=CARTESIAN_POINT('',(0.828098664455294,0.616894,-0.000423907912026854));
#3016=CARTESIAN_POINT('',(0.828094250014228,0.616894,-0.000363366008155352));
#3017=CARTESIAN_POINT('',(0.82809051163554,0.616894,-0.000302798899563843));
#3018=CARTESIAN_POINT('',(0.828087450442724,0.616894,-0.00024221843522927));
#3019=CARTESIAN_POINT('',(0.82808506755927,0.616894,-0.00018163646412874));
#3020=CARTESIAN_POINT('',(0.82808336410867,0.616894,-0.00012106483523903));
#3021=CARTESIAN_POINT('',(0.828082341214416,0.616894,-6.05153975371356E-05));
#3022=CARTESIAN_POINT('',(0.828082,0.616894,0.));
#3023=EDGE_CURVE('Edge_38',#2888,#2890,#2891,.T.);
#3024=CARTESIAN_POINT('',(1.317681,0.,0.));
#3025=VERTEX_POINT('',#3024);
#3026=CARTESIAN_POINT('',(1.317681,0.616894,0.));
#3027=VERTEX_POINT('',#3026);
#3028=B_SPLINE_CURVE_WITH_KNOTS('Curve_39',1,(#3029, #3030, #3031, #3032, #3033, #3034, #3035, #3036, #3037, #3038, #3039, #3040, #3041, #3042, #3043, #3044, #3045),.POLYLINE_FORM.,.F.,.F.,(2,1,1,1,1,1,1,1,1,1,1,1,1,1,1,1,2),(0.,1.,2.,3.,4.,5.,6.,7.,8.,9.,10.,11.,12.,13.,14.,15.,16.),.UNIFORM_KNOTS.);
#3029=CARTESIAN_POINT('',(1.317681,0.,0.));
#3030=CARTESIAN_POINT('',(1.317681,0.038555875,0.));
#3031=CARTESIAN_POINT('',(1.317681,0.07711175,0.));
#3032=CARTESIAN_POINT('',(1.317681,0.115667625,0.));
#3033=CARTESIAN_POINT('',(1.317681,0.1542235,0.));
#3034=CARTESIAN_POINT('',(1.317681,0.192779375,0.));
#3035=CARTESIAN_POINT('',(1.317681,0.23133525,0.));
#3036=CARTESIAN_POINT('',(1.317681,0.269891125,0.));
#3037=CARTESIAN_POINT('',(1.317681,0.308447,0.));
#3038=CARTESIAN_POINT('',(1.317681,0.347002875,0.));
#3039=CARTESIAN_POINT('',(1.317681,0.38555875,0.));
#3040=CARTESIAN_POINT('',(1.317681,0.424114625,0.));
#3041=CARTESIAN_POINT('',(1.317681,0.4626705,0.));
#3042=CARTESIAN_POINT('',(1.317681,0.501226375,0.));
#3043=CARTESIAN_POINT('',(1.317681,0.53978225,0.));
#3044=CARTESIAN_POINT('',(1.317681,0.578338125,0.));
#3045=CARTESIAN_POINT('',(1.317681,0.616894,0.));
#3046=EDGE_CURVE('Edge_39',#3025,#3027,#3028,.T.);
#3047=CARTESIAN_POINT('',(3.05743,0.00409433428463827,0.));
#3048=VERTEX_POINT('',#3047);
#3049=CARTESIAN_POINT('',(3.05743,0.,0.));
#3050=VERTEX_POINT('',#3049);
#3051=B_SPLINE_CURVE_WITH_KNOTS('Curve_40',1,(#3052, #3053, #3054, #3055, #3056, #3057, #3058, #3059, #3060, #3061, #3062, #3063, #3064, #3065, #3066, #3067, #3068),.POLYLINE_FORM.,.F.,.F.,(2,1,1,1,1,1,1,1,1,1,1,1,1,1,1,1,2),(0.,1.,2.,3.,4.,5.,6.,7.,8.,9.,10.,11.,12.,13.,14.,15.,16.),.UNIFORM_KNOTS.);
#3052=CARTESIAN_POINT('',(3.05743,0.00409433428463827,0.));
#3053=CARTESIAN_POINT('',(3.05743,0.00405890714078212,0.));
#3054=CARTESIAN_POINT('',(3.05743,0.00358254249905845,0.));
#3055=CARTESIAN_POINT('',(3.05743,0.00354711535520242,0.));
#3056=CARTESIAN_POINT('',(3.05743,0.00307075071347864,0.));
#3057=CARTESIAN_POINT('',(3.05743,0.00303532356962261,0.));
#3058=CARTESIAN_POINT('',(3.05743,0.00255895892789895,0.));
#3059=CARTESIAN_POINT('',(3.05743,0.0025235317840428,0.));
#3060=CARTESIAN_POINT('',(3.05743,0.00204716714231913,0.));
#3061=CARTESIAN_POINT('',(3.05743,0.00201173999846298,0.));
#3062=CARTESIAN_POINT('',(3.05743,0.00153537535673932,0.));
#3063=CARTESIAN_POINT('',(3.05743,0.00149994821288317,0.));
#3064=CARTESIAN_POINT('',(3.05743,0.00102358357115951,0.));
#3065=CARTESIAN_POINT('',(3.05743,0.000988156427303358,0.));
#3066=CARTESIAN_POINT('',(3.05743,0.000511791785579693,0.));
#3067=CARTESIAN_POINT('',(3.05743,0.000476364641723545,0.));
#3068=CARTESIAN_POINT('',(3.05743,0.,0.));
#3069=EDGE_CURVE('Edge_40',#3048,#3050,#3051,.T.);
#3070=CARTESIAN_POINT('',(3.05743,0.00409484238956983,0.));
#3071=VERTEX_POINT('',#3070);
#3072=CARTESIAN_POINT('',(2.70005035341401,0.,0.00609050277042631));
#3073=VERTEX_POINT('',#3072);
#3074=B_SPLINE_CURVE_WITH_KNOTS('Curve_41',1,(#3075, #3076, #3077, #3078, #3079, #3080, #3081, #3082, #3083, #3084, #3085, #3086, #3087, #3088, #3089, #3090, #3091, #3092, #3093, #3094, #3095, #3096, #3097, #3098, #3099, #3100, #3101, #3102, #3103, #3104, #3105, #3106, #3107, #3108, #3109, #3110, #3111, #3112, #3113, #3114, #3115, #3116, #3117, #3118, #3119, #3120, #3121, #3122, #3123, #3124, #3125, #3126, #3127, #3128, #3129, #3130, #3131, #3132, #3133, #3134, #3135, #3136, #3137, #3138, #3139, #3140, #3141, #3142, #3143, #3144, #3145, #3146, #3147, #3148, #3149, #3150, #3151, #3152, #3153, #3154, #3155, #3156, #3157, #3158, #3159, #3160, #3161, #3162, #3163, #3164, #3165, #3166, #3167, #3168, #3169, #3170, #3171, #3172, #3173, #3174, #3175, #3176, #3177, #3178, #3179, #3180, #3181, #3182, #3183, #3184, #3185, #3186, #3187, #3188, #3189, #3190, #3191, #3192, #3193, #3194, #3195, #3196, #3197, #3198, #3199, #3200, #3201, #3202, #3203, #3204, #3205, #3206, #3207, #3208, #3209, #3210, #3211, #3212, #3213, #3214, #3215, #3216, #3217, #3218, #3219, #3220, #3221, #3222, #3223, #3224, #3225, #3226, #3227),.POLYLINE_FORM.,.F.,.F.,(2,1,1,1,1,1,1,1,1,1,1,1,1,1,1,1,1,1,1,1,1,1,1,1,1,1,1,1,1,1,1,1,1,1,1,1,1,1,1,1,1,1,1,1,1,1,1,1,1,1,1,1,1,1,1,1,1,1,1,1,1,1,1,1,1,1,1,1,1,1,1,1,1,1,1,1,1,1,1,1,1,1,1,1,1,1,1,1,1,1,1,1,1,1,1,1,1,1,1,1,1,1,1,1,1,1,1,1,1,1,1,1,1,1,1,1,1,1,1,1,1,1,1,1,1,1,1,1,1,1,1,1,1,1,1,1,1,1,1,1,1,1,1,1,1,1,1,1,1,1,1,1,2),(0.,1.,2.,3.,4.,5.,6.,7.,8.,9.,10.,11.,12.,13.,14.,15.,16.,17.,18.,19.,20.,21.,22.,23.,24.,25.,26.,27.,28.,29.,30.,31.,32.,33.,34.,35.,36.,37.,38.,39.,40.,41.,42.,43.,44.,45.,46.,47.,48.,49.,50.,51.,52.,53.,54.,55.,56.,57.,58.,59.,60.,61.,62.,63.,64.,65.,66.,67.,68.,69.,70.,71.,72.,73.,74.,75.,76.,77.,78.,79.,80.,81.,82.,83.,84.,85.,86.,87.,88.,89.,90.,91.,92.,93.,94.,95.,96.,97.,98.,99.,100.,101.,102.,103.,104.,105.,106.,107.,108.,109.,110.,111.,112.,113.,114.,115.,116.,117.,118.,119.,120.,121.,122.,123.,124.,125.,126.,127.,128.,129.,130.,131.,132.,133.,134.,135.,136.,137.,138.,139.,140.,141.,142.,143.,144.,145.,146.,147.,148.,149.,150.,151.,152.),.UNIFORM_KNOTS.);
#3075=CARTESIAN_POINT('',(3.05743,0.00409484238956983,0.));
#3076=CARTESIAN_POINT('',(3.03349530015393,0.00720715538677025,0.00323854936144982));
#3077=CARTESIAN_POINT('',(3.00921148561935,0.0101427127534,0.0062992961363677));
#3078=CARTESIAN_POINT('',(2.98726497678953,0.0126035943187162,0.00888090341708985));
#3079=CARTESIAN_POINT('',(2.9710148727795,0.0143038835724969,0.0106794076609259));
#3080=CARTESIAN_POINT('',(2.94460539916019,0.0168273265267006,0.0133913078759705));
#3081=CARTESIAN_POINT('',(2.92054108976486,0.0188382371700568,0.0156157371852162));
#3082=CARTESIAN_POINT('',(2.90858245821031,0.0197221792764986,0.0166242813557652));
#3083=CARTESIAN_POINT('',(2.89604604098724,0.0205567744688404,0.0176054221641231));
#3084=CARTESIAN_POINT('',(2.88389225261614,0.0212685822709747,0.0184753603991111));
#3085=CARTESIAN_POINT('',(2.87184337973493,0.0218709506365502,0.0192515654637074));
#3086=CARTESIAN_POINT('',(2.85533851264293,0.022507282025966,0.020158819818082));
#3087=CARTESIAN_POINT('',(2.84191665830535,0.0228449823271837,0.0207470270495314));
#3088=CARTESIAN_POINT('',(2.83203257894739,0.0229794114405801,0.0210834722937244));
#3089=CARTESIAN_POINT('',(2.82319745905039,0.0230081279330342,0.0213067676771705));
#3090=CARTESIAN_POINT('',(2.81292422784674,0.0229244345023602,0.0214664992187076));
#3091=CARTESIAN_POINT('',(2.80664722115497,0.0228054468178172,0.0215055293985887));
#3092=CARTESIAN_POINT('',(2.80285897065851,0.0227067560035791,0.0215063516651336));
#3093=CARTESIAN_POINT('',(2.79675247136738,0.022501765880311,0.0214686099416938));
#3094=CARTESIAN_POINT('',(2.79060633866795,0.0222380075048378,0.0213791817122993));
#3095=CARTESIAN_POINT('',(2.78561482074025,0.0219776121895931,0.0212653232070306));
#3096=CARTESIAN_POINT('',(2.78336234695856,0.0218443272888243,0.0212010935452398));
#3097=CARTESIAN_POINT('',(2.77799858930164,0.0214918469715526,0.0210145246959367));
#3098=CARTESIAN_POINT('',(2.77338901710668,0.0211443775189163,0.0208141986983235));
#3099=CARTESIAN_POINT('',(2.76908016364853,0.0207779186001119,0.0205906610112363));
#3100=CARTESIAN_POINT('',(2.76156933583413,0.0200369289507636,0.0201094418382405));
#3101=CARTESIAN_POINT('',(2.75684267725162,0.0194971267356295,0.0197414006300294));
#3102=CARTESIAN_POINT('',(2.7526211166293,0.0189626062588562,0.0193647335074743));
#3103=CARTESIAN_POINT('',(2.74918386621509,0.0184871986633882,0.0190220614407745));
#3104=CARTESIAN_POINT('',(2.74681024567657,0.0181361331439629,0.0187653341467545));
#3105=CARTESIAN_POINT('',(2.74459527876513,0.0177906895209819,0.0185095739280668));
#3106=CARTESIAN_POINT('',(2.74167554805962,0.0173079380147132,0.0181476623238991));
#3107=CARTESIAN_POINT('',(2.73835892130839,0.016718218332289,0.0176991064506137));
#3108=CARTESIAN_POINT('',(2.73573034697158,0.0162164180774093,0.0173128464026209));
#3109=CARTESIAN_POINT('',(2.73359717713315,0.0157846971201613,0.0169776355957429));
#3110=CARTESIAN_POINT('',(2.73160028032946,0.0153598032244679,0.0166448787656461));
#3111=CARTESIAN_POINT('',(2.72858811189534,0.014675623981377,0.0161055576407626));
#3112=CARTESIAN_POINT('',(2.72692714550836,0.0142743527186306,0.0157870321779811));
#3113=CARTESIAN_POINT('',(2.7254491017953,0.0139012577213,0.0154896810414702));
#3114=CARTESIAN_POINT('',(2.72398355282349,0.0135161347331006,0.0151811507242432));
#3115=CARTESIAN_POINT('',(2.7228551843169,0.0132084868226504,0.0149337607379386));
#3116=CARTESIAN_POINT('',(2.72181342445304,0.0129145681090368,0.0146972307446614));
#3117=CARTESIAN_POINT('',(2.72059107278198,0.0125576729085299,0.0144091244097963));
#3118=CARTESIAN_POINT('',(2.71962880898248,0.012266679788711,0.0141738338919542));
#3119=CARTESIAN_POINT('',(2.71842238720362,0.01188815566268,0.0138676341517915));
#3120=CARTESIAN_POINT('',(2.71731802647063,0.0115282312509082,0.0135755558057241));
#3121=CARTESIAN_POINT('',(2.71630583407435,0.0111851957664085,0.0132971820599317));
#3122=CARTESIAN_POINT('',(2.71503304621186,0.0107355217313003,0.012931523183234));
#3123=CARTESIAN_POINT('',(2.71415139571753,0.0104103274475481,0.0126673278788991));
#3124=CARTESIAN_POINT('',(2.71298291972738,0.00996068458190988,0.0123023605303067));
#3125=CARTESIAN_POINT('',(2.71186978270377,0.00951046327518773,0.0119372953789116));
#3126=CARTESIAN_POINT('',(2.71138840246076,0.00930861660617818,0.0117736763007637));
#3127=CARTESIAN_POINT('',(2.71081058614464,0.00905926799130207,0.0115723841424371));
#3128=CARTESIAN_POINT('',(2.7100090108039,0.00870150466893201,0.0112837742899505));
#3129=CARTESIAN_POINT('',(2.70917019029737,0.00831059100613917,0.010969294532603));
#3130=CARTESIAN_POINT('',(2.70848236703551,0.00797551996167943,0.0107011913190538));
#3131=CARTESIAN_POINT('',(2.70776572146327,0.00761179056719689,0.0104108690797236));
#3132=CARTESIAN_POINT('',(2.70709123364856,0.00725300271722747,0.0101264780187185));
#3133=CARTESIAN_POINT('',(2.70651946075278,0.00693551496358896,0.00987628394048438));
#3134=CARTESIAN_POINT('',(2.70599655315431,0.00663202419208822,0.00963963826049957));
#3135=CARTESIAN_POINT('',(2.70566378953095,0.00643230460728863,0.00948473767148725));
#3136=CARTESIAN_POINT('',(2.7053268777031,0.00622456509281968,0.00932427161798534));
#3137=CARTESIAN_POINT('',(2.70490149907621,0.00595258789035254,0.00911624628811593));
#3138=CARTESIAN_POINT('',(2.70453121279336,0.00570645646011981,0.00892995270407986));
#3139=CARTESIAN_POINT('',(2.70415858048753,0.0054489981998651,0.00873708605544629));
#3140=CARTESIAN_POINT('',(2.70395886797322,0.00530673424075907,0.00863132701643181));
#3141=CARTESIAN_POINT('',(2.70376107727621,0.00516243500481241,0.00852484383151096));
#3142=CARTESIAN_POINT('',(2.70358582403459,0.0050314638449918,0.00842898309648721));
#3143=CARTESIAN_POINT('',(2.70336898364007,0.00486599838716405,0.00830839825288498));
#3144=CARTESIAN_POINT('',(2.70314762645241,0.00469071661574851,0.00818302434597581));
#3145=CARTESIAN_POINT('',(2.70290164861883,0.00448902766196321,0.00804083235216042));
#3146=CARTESIAN_POINT('',(2.70273468334905,0.00434838166261944,0.0079424897746432));
#3147=CARTESIAN_POINT('',(2.70264804067336,0.0042735506079153,0.00789085084499233));
#3148=CARTESIAN_POINT('',(2.70252428632841,0.00416495361941327,0.00781634906402927));
#3149=CARTESIAN_POINT('',(2.7023659565401,0.00402183315186358,0.0077197162847639));
#3150=CARTESIAN_POINT('',(2.70231549633498,0.00397543656120645,0.00768859881314262));
#3151=CARTESIAN_POINT('',(2.70214247543312,0.00381363711417242,0.00758068493079854));
#3152=CARTESIAN_POINT('',(2.70204076033362,0.0037137326488587,0.00751634695895868));
#3153=CARTESIAN_POINT('',(2.70197265184711,0.00364738694457906,0.00747287665567702));
#3154=CARTESIAN_POINT('',(2.70191169426178,0.00358612500390232,0.00743370564645012));
#3155=CARTESIAN_POINT('',(2.70180809539268,0.0034808691626659,0.00736654030241431));
#3156=CARTESIAN_POINT('',(2.70177237115973,0.00344298425966691,0.0073432062832564));
#3157=CARTESIAN_POINT('',(2.70173298770502,0.00340055096062371,0.00731737682103472));
#3158=CARTESIAN_POINT('',(2.70168908352093,0.00335435764545907,0.00728844607489663));
#3159=CARTESIAN_POINT('',(2.70164687270614,0.00331007618936919,0.00726049651150349));
#3160=CARTESIAN_POINT('',(2.70155312366617,0.0032068449313786,0.00719795441015392));
#3161=CARTESIAN_POINT('',(2.70149217032685,0.00313901958825208,0.00715693223477984));
#3162=CARTESIAN_POINT('',(2.7014291469512,0.0030647267923828,0.00711422223845087));
#3163=CARTESIAN_POINT('',(2.701341197712,0.00296369860632276,0.00705408626696444));
#3164=CARTESIAN_POINT('',(2.70121964254324,0.00281566197660434,0.00696995435091819));
#3165=CARTESIAN_POINT('',(2.70119763777408,0.00278811738611699,0.00695459450003906));
#3166=CARTESIAN_POINT('',(2.70114190537034,0.00271520959818922,0.00691551569264522));
#3167=CARTESIAN_POINT('',(2.70112524903699,0.00269312698186678,0.00690378558706918));
#3168=CARTESIAN_POINT('',(2.70109699396701,0.0026570906102739,0.00688382763616943));
#3169=CARTESIAN_POINT('',(2.70107477271792,0.00262860629442513,0.00686808171417272));
#3170=CARTESIAN_POINT('',(2.70106714479599,0.00261847299301249,0.00686266713728355));
#3171=CARTESIAN_POINT('',(2.70104752500227,0.00259174565045462,0.00684871756813175));
#3172=CARTESIAN_POINT('',(2.70098820795396,0.0025101280764621,0.00680633077749507));
#3173=CARTESIAN_POINT('',(2.70097257968446,0.00248873657109772,0.00679510863055208));
#3174=CARTESIAN_POINT('',(2.700896076657,0.00238042893178145,0.00673985062645184));
#3175=CARTESIAN_POINT('',(2.70083059604014,0.002284471621081,0.00669211584216367));
#3176=CARTESIAN_POINT('',(2.70074607886877,0.00215377814638082,0.00662989560179519));
#3177=CARTESIAN_POINT('',(2.70069609637519,0.00207417971462787,0.00659276623602752));
#3178=CARTESIAN_POINT('',(2.70069423651553,0.00207091315032162,0.00659138039947184));
#3179=CARTESIAN_POINT('',(2.70061453111129,0.00193633508119123,0.00653164011023441));
#3180=CARTESIAN_POINT('',(2.70059414903313,0.00190140436851348,0.00651625752770484));
#3181=CARTESIAN_POINT('',(2.7005886040132,0.001891361525668,0.00651206619598751));
#3182=CARTESIAN_POINT('',(2.70057392345271,0.00186392234428464,0.00650095557911249));
#3183=CARTESIAN_POINT('',(2.70055649487982,0.00183122429393567,0.00648773544696174));
#3184=CARTESIAN_POINT('',(2.70055037866539,0.00181947897295389,0.00648308893941959));
#3185=CARTESIAN_POINT('',(2.70049737626755,0.00172207136494243,0.00644264288056229));
#3186=CARTESIAN_POINT('',(2.70048155371682,0.0016901086370318,0.00643051532862947));
#3187=CARTESIAN_POINT('',(2.70041048984175,0.00154328178083304,0.0063757096281599));
#3188=CARTESIAN_POINT('',(2.7004058260822,0.00153336736212988,0.00637209355246707));
#3189=CARTESIAN_POINT('',(2.70036297260071,0.0014382819673344,0.00633875904511217));
#3190=CARTESIAN_POINT('',(2.70034615807523,0.00139844809931631,0.0063256271437925));
#3191=CARTESIAN_POINT('',(2.70032290563692,0.00134283878753707,0.00630741421199802));
#3192=CARTESIAN_POINT('',(2.70030420776486,0.00129502210031441,0.00629272940932737));
#3193=CARTESIAN_POINT('',(2.70028563210724,0.00124706308796461,0.00627810065316474));
#3194=CARTESIAN_POINT('',(2.70026697858497,0.00119514392035721,0.00626337731336038));
#3195=CARTESIAN_POINT('',(2.70025052337663,0.00115000319375584,0.00625035309075053));
#3196=CARTESIAN_POINT('',(2.70022618049076,0.00107813528106625,0.00623103673665049));
#3197=CARTESIAN_POINT('',(2.70021805292465,0.00105364192068396,0.00622457245406894));
#3198=CARTESIAN_POINT('',(2.70019339778287,0.000973609874025917,0.0062049256513383));
#3199=CARTESIAN_POINT('',(2.70018847414725,0.00095702356732086,0.0062009945074318));
#3200=CARTESIAN_POINT('',(2.70016433847739,0.00087007464408709,0.00618169254724427));
#3201=CARTESIAN_POINT('',(2.70016049534196,0.000854891434792299,0.00617861522688419));
#3202=CARTESIAN_POINT('',(2.70014026252936,0.000773007261372006,0.00616238775987364));
#3203=CARTESIAN_POINT('',(2.70013643446395,0.00075570338119333,0.00615931553763603));
#3204=CARTESIAN_POINT('',(2.70012383036755,0.000697626164481713,0.00614918930772848));
#3205=CARTESIAN_POINT('',(2.70011116538201,0.000635394557057351,0.00613900197474885));
#3206=CARTESIAN_POINT('',(2.70010233919402,0.000589570113189568,0.00613189549963651));
#3207=CARTESIAN_POINT('',(2.70010006018099,0.000577224094046297,0.00613005999071077));
#3208=CARTESIAN_POINT('',(2.7000992280785,0.000572279767444174,0.00612939056942273));
#3209=CARTESIAN_POINT('',(2.70009232461588,0.000529745602129974,0.00612383651210697));
#3210=CARTESIAN_POINT('',(2.70008498441199,0.000484472145885955,0.00611792442447861));
#3211=CARTESIAN_POINT('',(2.70008430746308,0.000479530957993743,0.0061173804383876));
#3212=CARTESIAN_POINT('',(2.70008301413753,0.000469901644304888,0.00611634137180892));
#3213=CARTESIAN_POINT('',(2.70007694122348,0.000423910769558464,0.00611146105966296));
#3214=CARTESIAN_POINT('',(2.70007205004751,0.000386649014524985,0.00610752737266681));
#3215=CARTESIAN_POINT('',(2.70007152719194,0.00038171168532834,0.0061071086838683));
#3216=CARTESIAN_POINT('',(2.70006970551402,0.0003639905967531,0.00610565073803308));
#3217=CARTESIAN_POINT('',(2.70006500793487,0.000317954435166702,0.00610188980406235));
#3218=CARTESIAN_POINT('',(2.70006208319523,0.000288748910305079,0.00609954788673996));
#3219=CARTESIAN_POINT('',(2.70006171358866,0.000283816140448231,0.00609925445091716));
#3220=CARTESIAN_POINT('',(2.70005984326752,0.000257997128772949,0.00609777108994748));
#3221=CARTESIAN_POINT('',(2.70005651940679,0.000211940990655883,0.00609513411722442));
#3222=CARTESIAN_POINT('',(2.70005507950992,0.000190821700837035,0.00609399376012762));
#3223=CARTESIAN_POINT('',(2.7000548625688,0.000185894177753838,0.00609382557434318));
#3224=CARTESIAN_POINT('',(2.70005342336701,0.000151985631217959,0.00609271220149755));
#3225=CARTESIAN_POINT('',(2.70005147228796,0.000105934837701841,0.00609120254887075));
#3226=CARTESIAN_POINT('',(2.70005097178246,8.79956477650833E-05,0.00609082799832061));
#3227=CARTESIAN_POINT('',(2.70005035341401,0.,0.00609050277042631));
#3228=EDGE_CURVE('Edge_41',#3071,#3073,#3074,.T.);
#3229=CARTESIAN_POINT('',(3.05743,-0.00409433428463814,0.));
#3230=VERTEX_POINT('',#3229);
#3231=CARTESIAN_POINT('',(3.05743,0.,0.));
#3232=VERTEX_POINT('',#3231);
#3233=B_SPLINE_CURVE_WITH_KNOTS('Curve_42',1,(#3234, #3235, #3236, #3237, #3238, #3239, #3240, #3241, #3242, #3243, #3244, #3245, #3246, #3247, #3248, #3249, #3250),.POLYLINE_FORM.,.F.,.F.,(2,1,1,1,1,1,1,1,1,1,1,1,1,1,1,1,2),(0.,1.,2.,3.,4.,5.,6.,7.,8.,9.,10.,11.,12.,13.,14.,15.,16.),.UNIFORM_KNOTS.);
#3234=CARTESIAN_POINT('',(3.05743,-0.00409433428463814,0.));
#3235=CARTESIAN_POINT('',(3.05743,-0.0036179696429146,0.));
#3236=CARTESIAN_POINT('',(3.05743,-0.00358254249905833,0.));
#3237=CARTESIAN_POINT('',(3.05743,-0.00310617785733491,0.));
#3238=CARTESIAN_POINT('',(3.05743,-0.00307075071347864,0.));
#3239=CARTESIAN_POINT('',(3.05743,-0.00259438607175509,0.));
#3240=CARTESIAN_POINT('',(3.05743,-0.00255895892789895,0.));
#3241=CARTESIAN_POINT('',(3.05743,-0.00208259428617528,0.));
#3242=CARTESIAN_POINT('',(3.05743,-0.00204716714231913,0.));
#3243=CARTESIAN_POINT('',(3.05743,-0.00157080250059559,0.));
#3244=CARTESIAN_POINT('',(3.05743,-0.00153537535673944,0.));
#3245=CARTESIAN_POINT('',(3.05743,-0.00105901071501577,0.));
#3246=CARTESIAN_POINT('',(3.05743,-0.00102358357115963,0.));
#3247=CARTESIAN_POINT('',(3.05743,-0.000547218929435961,0.));
#3248=CARTESIAN_POINT('',(3.05743,-0.000511791785579813,0.));
#3249=CARTESIAN_POINT('',(3.05743,-3.54271438561482E-05,0.));
#3250=CARTESIAN_POINT('',(3.05743,0.,0.));
#3251=EDGE_CURVE('Edge_42',#3230,#3232,#3233,.T.);
#3252=CARTESIAN_POINT('',(3.05743,-0.00409484238956959,0.));
#3253=VERTEX_POINT('',#3252);
#3254=CARTESIAN_POINT('',(2.70005035341401,0.,0.00609050277042631));
#3255=VERTEX_POINT('',#3254);
#3256=B_SPLINE_CURVE_WITH_KNOTS('Curve_43',1,(#3257, #3258, #3259, #3260, #3261, #3262, #3263, #3264, #3265, #3266, #3267, #3268, #3269, #3270, #3271, #3272, #3273, #3274, #3275, #3276, #3277, #3278, #3279, #3280, #3281, #3282, #3283, #3284, #3285, #3286, #3287, #3288, #3289, #3290, #3291, #3292, #3293, #3294, #3295, #3296, #3297, #3298, #3299, #3300, #3301, #3302, #3303, #3304, #3305, #3306, #3307, #3308, #3309, #3310, #3311, #3312, #3313, #3314, #3315, #3316, #3317, #3318, #3319, #3320, #3321, #3322, #3323, #3324, #3325, #3326, #3327, #3328, #3329, #3330, #3331, #3332, #3333, #3334, #3335, #3336, #3337, #3338, #3339, #3340, #3341, #3342, #3343, #3344, #3345, #3346, #3347, #3348, #3349, #3350, #3351, #3352, #3353, #3354, #3355, #3356, #3357, #3358, #3359, #3360, #3361, #3362, #3363, #3364, #3365, #3366, #3367, #3368, #3369, #3370, #3371, #3372, #3373, #3374, #3375, #3376, #3377, #3378, #3379, #3380, #3381, #3382, #3383, #3384, #3385, #3386, #3387, #3388, #3389, #3390, #3391, #3392, #3393, #3394, #3395, #3396, #3397, #3398, #3399, #3400, #3401, #3402, #3403, #3404, #3405),.POLYLINE_FORM.,.F.,.F.,(2,1,1,1,1,1,1,1,1,1,1,1,1,1,1,1,1,1,1,1,1,1,1,1,1,1,1,1,1,1,1,1,1,1,1,1,1,1,1,1,1,1,1,1,1,1,1,1,1,1,1,1,1,1,1,1,1,1,1,1,1,1,1,1,1,1,1,1,1,1,1,1,1,1,1,1,1,1,1,1,1,1,1,1,1,1,1,1,1,1,1,1,1,1,1,1,1,1,1,1,1,1,1,1,1,1,1,1,1,1,1,1,1,1,1,1,1,1,1,1,1,1,1,1,1,1,1,1,1,1,1,1,1,1,1,1,1,1,1,1,1,1,1,1,1,1,1,1,2),(0.,1.,2.,3.,4.,5.,6.,7.,8.,9.,10.,11.,12.,13.,14.,15.,16.,17.,18.,19.,20.,21.,22.,23.,24.,25.,26.,27.,28.,29.,30.,31.,32.,33.,34.,35.,36.,37.,38.,39.,40.,41.,42.,43.,44.,45.,46.,47.,48.,49.,50.,51.,52.,53.,54.,55.,56.,57.,58.,59.,60.,61.,62.,63.,64.,65.,66.,67.,68.,69.,70.,71.,72.,73.,74.,75.,76.,77.,78.,79.,80.,81.,82.,83.,84.,85.,86.,87.,88.,89.,90.,91.,92.,93.,94.,95.,96.,97.,98.,99.,100.,101.,102.,103.,104.,105.,106.,107.,108.,109.,110.,111.,112.,113.,114.,115.,116.,117.,118.,119.,120.,121.,122.,123.,124.,125.,126.,127.,128.,129.,130.,131.,132.,133.,134.,135.,136.,137.,138.,139.,140.,141.,142.,143.,144.,145.,146.,147.,148.),.UNIFORM_KNOTS.);
#3257=CARTESIAN_POINT('',(3.05743,-0.00409484238956959,0.));
#3258=CARTESIAN_POINT('',(3.03374578257373,-0.00717599588407084,0.00320582532636281));
#3259=CARTESIAN_POINT('',(3.009800180357,-0.0100752334986291,0.00622764867250875));
#3260=CARTESIAN_POINT('',(2.98768118430101,-0.0125592160353505,0.00883356873827338));
#3261=CARTESIAN_POINT('',(2.97151570354037,-0.0142536269152498,0.0106254232854923));
#3262=CARTESIAN_POINT('',(2.94521490078009,-0.0167729709835438,0.0133318079993498));
#3263=CARTESIAN_POINT('',(2.92096982758054,-0.0188055436233407,0.0155783225307987));
#3264=CARTESIAN_POINT('',(2.90895147953144,-0.0196967362517562,0.016594191054748));
#3265=CARTESIAN_POINT('',(2.89664730273302,-0.0205198294496439,0.0175602291317669));
#3266=CARTESIAN_POINT('',(2.88389604907695,-0.0212690391009818,0.0184750981618231));
#3267=CARTESIAN_POINT('',(2.87227462749836,-0.0218513651761946,0.0192253540053765));
#3268=CARTESIAN_POINT('',(2.85553844047722,-0.0225009136377818,0.020148997554243));
#3269=CARTESIAN_POINT('',(2.8422143185813,-0.0228392935654351,0.0207355777619804));
#3270=CARTESIAN_POINT('',(2.83228824495396,-0.0229771938375984,0.0210758851377673));
#3271=CARTESIAN_POINT('',(2.82344349676442,-0.0230086261851109,0.0213015780924196));
#3272=CARTESIAN_POINT('',(2.8129907135179,-0.0229254247923103,0.0214658331439251));
#3273=CARTESIAN_POINT('',(2.8068917466438,-0.0228111164791754,0.0215048846974551));
#3274=CARTESIAN_POINT('',(2.8030776913187,-0.0227130176925116,0.0215067970332213));
#3275=CARTESIAN_POINT('',(2.79714712709164,-0.0225166391501756,0.0214725526728005));
#3276=CARTESIAN_POINT('',(2.79100029007691,-0.0222567340335317,0.0213865521887903));
#3277=CARTESIAN_POINT('',(2.78605278952794,-0.0220008575757852,0.0212768747464319));
#3278=CARTESIAN_POINT('',(2.7833623402422,-0.0218432396821676,0.0212011004972668));
#3279=CARTESIAN_POINT('',(2.77903560569181,-0.0215656622768252,0.0210543590136594));
#3280=CARTESIAN_POINT('',(2.77366816185316,-0.021166078635335,0.0208274460213872));
#3281=CARTESIAN_POINT('',(2.76916138861077,-0.0207845165690665,0.0205952195574007));
#3282=CARTESIAN_POINT('',(2.76182561764862,-0.0200642059025875,0.0201278964332227));
#3283=CARTESIAN_POINT('',(2.75704934521939,-0.0195217754518903,0.0197586452521558));
#3284=CARTESIAN_POINT('',(2.75269230352852,-0.01897159992555,0.0193714838830619));
#3285=CARTESIAN_POINT('',(2.74930676987052,-0.0185046647513417,0.0190348955157797));
#3286=CARTESIAN_POINT('',(2.74689445522822,-0.0181487420755164,0.0187747456426793));
#3287=CARTESIAN_POINT('',(2.7446457217886,-0.0177984695197164,0.0185155782050479));
#3288=CARTESIAN_POINT('',(2.7417719907099,-0.0173240429654569,0.0181600900434487));
#3289=CARTESIAN_POINT('',(2.73851662449171,-0.0167468224306827,0.0177213961635349));
#3290=CARTESIAN_POINT('',(2.7358765970075,-0.0162448337624371,0.0173350960222737));
#3291=CARTESIAN_POINT('',(2.73367883612445,-0.0158008419465446,0.0169908490062523));
#3292=CARTESIAN_POINT('',(2.73175473683641,-0.0153930410182174,0.0166712999404335));
#3293=CARTESIAN_POINT('',(2.72875596253177,-0.0147141357676305,0.0161368776903865));
#3294=CARTESIAN_POINT('',(2.72702264909904,-0.0142970208101201,0.0158057888938265));
#3295=CARTESIAN_POINT('',(2.72544909583487,-0.013900315753371,0.0154896843957228));
#3296=CARTESIAN_POINT('',(2.72400373575509,-0.0135210979840259,0.0151854977998612));
#3297=CARTESIAN_POINT('',(2.72292259559288,-0.0132267653820708,0.0149487942798597));
#3298=CARTESIAN_POINT('',(2.72188326730392,-0.0129340487864198,0.0147133443302559));
#3299=CARTESIAN_POINT('',(2.72062814181227,-0.0125682487887652,0.0144180379736915));
#3300=CARTESIAN_POINT('',(2.71972219703275,-0.0122949167799217,0.0141970095472978));
#3301=CARTESIAN_POINT('',(2.71850278661802,-0.0119135110504934,0.0138884480077427));
#3302=CARTESIAN_POINT('',(2.71741015599454,-0.0115583133577628,0.0136003771445791));
#3303=CARTESIAN_POINT('',(2.71631443673063,-0.0111881306568146,0.0132995931821759));
#3304=CARTESIAN_POINT('',(2.71509131135192,-0.0107561368861345,0.0129486624027068));
#3305=CARTESIAN_POINT('',(2.71419656594247,-0.0104269629618252,0.0126810912086324));
#3306=CARTESIAN_POINT('',(2.71358174491274,-0.0101935947032574,0.0124916044791849));
#3307=CARTESIAN_POINT('',(2.71302212227386,-0.00997585613941863,0.0123148977458483));
#3308=CARTESIAN_POINT('',(2.71252062177678,-0.00977594396486757,0.0121529183722783));
#3309=CARTESIAN_POINT('',(2.71188617324189,-0.00951699260796481,0.0119428042632925));
#3310=CARTESIAN_POINT('',(2.71142842811874,-0.00932533550494424,0.0117874204958085));
#3311=CARTESIAN_POINT('',(2.71082287656334,-0.00906431333484857,0.0115767243765481));
#3312=CARTESIAN_POINT('',(2.7100587514833,-0.00872328113530625,0.0113020164009824));
#3313=CARTESIAN_POINT('',(2.70917235040371,-0.00831090194268553,0.0109701240780665));
#3314=CARTESIAN_POINT('',(2.70848236359091,-0.00797476294141534,0.0107011925552186));
#3315=CARTESIAN_POINT('',(2.70779921029611,-0.00762867945102669,0.0104247020544764));
#3316=CARTESIAN_POINT('',(2.70710152500146,-0.00725818865286128,0.0101309041312619));
#3317=CARTESIAN_POINT('',(2.70652861193804,-0.00694034771791747,0.0098803583125155));
#3318=CARTESIAN_POINT('',(2.70599862695059,-0.0066328447729459,0.00964059395883548));
#3319=CARTESIAN_POINT('',(2.70566378826694,-0.00643187085452242,0.00948473841396084));
#3320=CARTESIAN_POINT('',(2.7053327893558,-0.00622786383171222,0.00932712071263857));
#3321=CARTESIAN_POINT('',(2.70485670521842,-0.00592256700370621,0.00909398024552176));
#3322=CARTESIAN_POINT('',(2.7045297083429,-0.00570497856873767,0.00892918656289612));
#3323=CARTESIAN_POINT('',(2.70414314617647,-0.0054378695336917,0.00872897467973166));
#3324=CARTESIAN_POINT('',(2.70394200955628,-0.00529418197103294,0.00862232083561344));
#3325=CARTESIAN_POINT('',(2.70375647193872,-0.00515866865915999,0.00852234423776616));
#3326=CARTESIAN_POINT('',(2.70358582399723,-0.00503145450570405,0.00842898310178245));
#3327=CARTESIAN_POINT('',(2.70328167945744,-0.00479639058343793,0.00825923607099313));
#3328=CARTESIAN_POINT('',(2.70304383211697,-0.00460651697886062,0.00812340381898581));
#3329=CARTESIAN_POINT('',(2.70285664507508,-0.00445167676429919,0.00801447365791753));
#3330=CARTESIAN_POINT('',(2.7026455614321,-0.0042708771242374,0.00788936832795765));
#3331=CARTESIAN_POINT('',(2.70233840186913,-0.00399572867005549,0.0077027456474839));
#3332=CARTESIAN_POINT('',(2.70231549631114,-0.00397542128380569,0.0076885988374665));
#3333=CARTESIAN_POINT('',(2.70213715133906,-0.00380835466979003,0.00757733438531853));
#3334=CARTESIAN_POINT('',(2.70202211334996,-0.00369451763774618,0.00750447941965703));
#3335=CARTESIAN_POINT('',(2.7019387265315,-0.00361292198557908,0.00745110905405284));
#3336=CARTESIAN_POINT('',(2.70178687021701,-0.00345793398081862,0.00735268876820863));
#3337=CARTESIAN_POINT('',(2.70170167740088,-0.00336690101342679,0.00729676106863387));
#3338=CARTESIAN_POINT('',(2.70167621161965,-0.00334037609533097,0.00727993824070707));
#3339=CARTESIAN_POINT('',(2.70166627119286,-0.0033303152284324,0.00727335779236947));
#3340=CARTESIAN_POINT('',(2.70164952372897,-0.00331265388335776,0.00726225626593071));
#3341=CARTESIAN_POINT('',(2.70157804931232,-0.00323380549548864,0.0072146491339516));
#3342=CARTESIAN_POINT('',(2.70151967756103,-0.00316932853938974,0.00717548116438486));
#3343=CARTESIAN_POINT('',(2.7015103170399,-0.00315927140492806,0.00716917506758155));
#3344=CARTESIAN_POINT('',(2.7014934797239,-0.00314014575750728,0.00715781729426627));
#3345=CARTESIAN_POINT('',(2.70145981214302,-0.00310058170927827,0.00713504330681617));
#3346=CARTESIAN_POINT('',(2.70138423991306,-0.00301275882183446,0.00708359518681246));
#3347=CARTESIAN_POINT('',(2.70124234665806,-0.00284277433359488,0.00698576281437191));
#3348=CARTESIAN_POINT('',(2.70114262601268,-0.00271556255700435,0.00691602406562708));
#3349=CARTESIAN_POINT('',(2.70109086087079,-0.00264871330723079,0.00687948737754976));
#3350=CARTESIAN_POINT('',(2.70098848630725,-0.00250990218711691,0.00680653184398544));
#3351=CARTESIAN_POINT('',(2.70095667223522,-0.00246681726277865,0.00678366288502037));
#3352=CARTESIAN_POINT('',(2.70084148297694,-0.00229971954817029,0.0067000828379604));
#3353=CARTESIAN_POINT('',(2.70082972050772,-0.00228290908916022,0.00669147539066764));
#3354=CARTESIAN_POINT('',(2.7007113688411,-0.00209905702921818,0.00660413713562842));
#3355=CARTESIAN_POINT('',(2.70069517371265,-0.00207193526143165,0.00659208017381833));
#3356=CARTESIAN_POINT('',(2.70062847619385,-0.00195926958453041,0.0065421414462697));
#3357=CARTESIAN_POINT('',(2.70059987498364,-0.00191142327531298,0.00652058296347457));
#3358=CARTESIAN_POINT('',(2.70055949250956,-0.00183619503238258,0.00649001301621047));
#3359=CARTESIAN_POINT('',(2.70055057739055,-0.00181921148853739,0.00648324140719753));
#3360=CARTESIAN_POINT('',(2.70050911672576,-0.00174305552778454,0.00645162978416493));
#3361=CARTESIAN_POINT('',(2.70049498346965,-0.00171712020027192,0.00644081089870359));
#3362=CARTESIAN_POINT('',(2.70041577974003,-0.00155363557732224,0.0063798101330286));
#3363=CARTESIAN_POINT('',(2.70041048897396,-0.00154302240442485,0.00637570951555206));
#3364=CARTESIAN_POINT('',(2.70039772884177,-0.00151530980515648,0.00636581125541812));
#3365=CARTESIAN_POINT('',(2.7003521177292,-0.00141231296818241,0.00633028584901808));
#3366=CARTESIAN_POINT('',(2.70033336009527,-0.00136760018630297,0.00631561121041951));
#3367=CARTESIAN_POINT('',(2.70032709208204,-0.00135278102410321,0.00631069814566339));
#3368=CARTESIAN_POINT('',(2.7003249371507,-0.00134781568468699,0.00630900770156246));
#3369=CARTESIAN_POINT('',(2.70030973940771,-0.00130889121724184,0.00629707869947717));
#3370=CARTESIAN_POINT('',(2.7002922653861,-0.00126399795109294,0.00628332962103812));
#3371=CARTESIAN_POINT('',(2.70028947690941,-0.0012569978567304,0.00628113186577125));
#3372=CARTESIAN_POINT('',(2.70028847766513,-0.00125451743990542,0.00628034402023443));
#3373=CARTESIAN_POINT('',(2.70028710066942,-0.00125095858849928,0.00627925844747441));
#3374=CARTESIAN_POINT('',(2.70028211307717,-0.00123709117124274,0.00627532662039884));
#3375=CARTESIAN_POINT('',(2.70027712692542,-0.00122322375398633,0.00627139297307024));
#3376=CARTESIAN_POINT('',(2.70025991027317,-0.00117547708542597,0.00625778735570865));
#3377=CARTESIAN_POINT('',(2.7002309859823,-0.00109200651488725,0.00623485631591194));
#3378=CARTESIAN_POINT('',(2.70022300995488,-0.00106851269887051,0.00622851614440146));
#3379=CARTESIAN_POINT('',(2.70022127589559,-0.00106356137336073,0.00622713637644187));
#3380=CARTESIAN_POINT('',(2.70021173497185,-0.00103283743825014,0.00621954563786439));
#3381=CARTESIAN_POINT('',(2.70019777165298,-0.000987482764064958,0.00620841717210916));
#3382=CARTESIAN_POINT('',(2.70019293023033,-0.000971880658730419,0.00620455280262678));
#3383=CARTESIAN_POINT('',(2.7001913531594,-0.000966933950058476,0.00620329309049928));
#3384=CARTESIAN_POINT('',(2.70018054802381,-0.000928151638734899,0.0061946644180469));
#3385=CARTESIAN_POINT('',(2.7001679245566,-0.000882669953360084,0.00618456570033413));
#3386=CARTESIAN_POINT('',(2.70016402219716,-0.000868791539129364,0.00618143943240209));
#3387=CARTESIAN_POINT('',(2.70014276000428,-0.000782886603645357,0.00616439409356802));
#3388=CARTESIAN_POINT('',(2.70013889110734,-0.000766657760633994,0.00616128765229114));
#3389=CARTESIAN_POINT('',(2.70012673068537,-0.000710653955315129,0.00615152193971533));
#3390=CARTESIAN_POINT('',(2.70012463208405,-0.00070087062833103,0.00614983496102262));
#3391=CARTESIAN_POINT('',(2.70012098252939,-0.000684621533464297,0.00614689829152698));
#3392=CARTESIAN_POINT('',(2.70011391248844,-0.000649305240947098,0.00614121253456052));
#3393=CARTESIAN_POINT('',(2.70010190578574,-0.000587104174372462,0.00613154673370271));
#3394=CARTESIAN_POINT('',(2.70009463835716,-0.000543660498164772,0.00612569939259432));
#3395=CARTESIAN_POINT('',(2.70008581197699,-0.000489408400730194,0.0061185916793815));
#3396=CARTESIAN_POINT('',(2.70007882463951,-0.000437826576847924,0.0061129758532356));
#3397=CARTESIAN_POINT('',(2.70007269310044,-0.000391584156019396,0.00610804464534619));
#3398=CARTESIAN_POINT('',(2.70006646343239,-0.000331867902953539,0.00610305613704465));
#3399=CARTESIAN_POINT('',(2.70006254279363,-0.000293681352785089,0.00609991525671546));
#3400=CARTESIAN_POINT('',(2.70005754875237,-0.000225848904966462,0.00609595164601603));
#3401=CARTESIAN_POINT('',(2.70005535638525,-0.000195749878768986,0.00609421124602796));
#3402=CARTESIAN_POINT('',(2.70005207660239,-0.000119834007984711,0.00609167095693648));
#3403=CARTESIAN_POINT('',(2.7000511309358,-9.78396030249152E-05,0.00609093845241182));
#3404=CARTESIAN_POINT('',(2.70005039144704,-5.0137822755062E-06,0.00609052360836992));
#3405=CARTESIAN_POINT('',(2.70005035341401,0.,0.00609050277042631));
#3406=EDGE_CURVE('Edge_43',#3253,#3255,#3256,.T.);
#3407=CARTESIAN_POINT('',(2.70005035341401,3.72935736150032E-19,0.00609050277042628));
#3408=VERTEX_POINT('',#3407);
#3409=CARTESIAN_POINT('',(2.696534,0.,0.));
#3410=VERTEX_POINT('',#3409);
#3411=B_SPLINE_CURVE_WITH_KNOTS('Curve_44',1,(#3412, #3413, #3414, #3415, #3416, #3417, #3418, #3419, #3420, #3421, #3422, #3423, #3424, #3425, #3426, #3427, #3428),.POLYLINE_FORM.,.F.,.F.,(2,1,1,1,1,1,1,1,1,1,1,1,1,1,1,1,2),(0.,1.,2.,3.,4.,5.,6.,7.,8.,9.,10.,11.,12.,13.,14.,15.,16.),.UNIFORM_KNOTS.);
#3412=CARTESIAN_POINT('',(2.70005035341401,3.72935736150032E-19,0.00609050277042628));
#3413=CARTESIAN_POINT('',(2.69983058132563,3.49627252640656E-19,0.00570984634727466));
#3414=CARTESIAN_POINT('',(2.69961080923726,3.26318769131281E-19,0.00532918992412305));
#3415=CARTESIAN_POINT('',(2.69939103714888,3.03010285621899E-19,0.00494853350097132));
#3416=CARTESIAN_POINT('',(2.6991712650605,2.79701802112524E-19,0.00456787707781971));
#3417=CARTESIAN_POINT('',(2.69895149297213,2.56393318603148E-19,0.00418722065466809));
#3418=CARTESIAN_POINT('',(2.69873172088375,2.33084835093766E-19,0.00380656423151637));
#3419=CARTESIAN_POINT('',(2.69851194879538,2.09776351584391E-19,0.00342590780836476));
#3420=CARTESIAN_POINT('',(2.698292176707,1.86467868075016E-19,0.00304525138521314));
#3421=CARTESIAN_POINT('',(2.69807240461863,1.6315938456564E-19,0.00266459496206152));
#3422=CARTESIAN_POINT('',(2.69785263253025,1.39850901056265E-19,0.00228393853890991));
#3423=CARTESIAN_POINT('',(2.69763286044188,1.16542417546883E-19,0.00190328211575819));
#3424=CARTESIAN_POINT('',(2.6974130883535,9.32339340375079E-20,0.00152262569260657));
#3425=CARTESIAN_POINT('',(2.69719331626513,6.99254505281326E-20,0.00114196926945495));
#3426=CARTESIAN_POINT('',(2.69697354417675,4.66169670187506E-20,0.000761312846303231));
#3427=CARTESIAN_POINT('',(2.69675377208838,2.33084835093753E-20,0.000380656423151616));
#3428=CARTESIAN_POINT('',(2.696534,0.,0.));
#3429=EDGE_CURVE('Edge_44',#3408,#3410,#3411,.T.);
#3430=CARTESIAN_POINT('',(3.05743,-0.00409433428463815,2.50705668816069E-19));
#3431=VERTEX_POINT('',#3430);
#3432=CARTESIAN_POINT('',(3.087801,0.,0.));
#3433=VERTEX_POINT('',#3432);
#3434=B_SPLINE_CURVE_WITH_KNOTS('Curve_45',1,(#3435, #3436, #3437, #3438, #3439, #3440, #3441, #3442, #3443, #3444, #3445, #3446, #3447, #3448, #3449, #3450, #3451),.POLYLINE_FORM.,.F.,.F.,(2,1,1,1,1,1,1,1,1,1,1,1,1,1,1,1,2),(0.,1.,2.,3.,4.,5.,6.,7.,8.,9.,10.,11.,12.,13.,14.,15.,16.),.UNIFORM_KNOTS.);
#3435=CARTESIAN_POINT('',(3.05743,-0.00409433428463815,2.50705668816069E-19));
#3436=CARTESIAN_POINT('',(3.059329436356,-0.00384782373836282,2.35611251243462E-19));
#3437=CARTESIAN_POINT('',(3.06122871352225,-0.00360008886198862,2.2044186507402E-19));
#3438=CARTESIAN_POINT('',(3.06312782992926,-0.00335112385978923,2.0519715542186E-19));
#3439=CARTESIAN_POINT('',(3.06502678400749,-0.00310092293585945,1.89876767390145E-19));
#3440=CARTESIAN_POINT('',(3.06692557418745,-0.00284948029411517,1.7448034607108E-19));
#3441=CARTESIAN_POINT('',(3.06882419889962,-0.00259679013829328,1.59007536545914E-19));
#3442=CARTESIAN_POINT('',(3.07072265657448,-0.00234284667195181,1.4345798388494E-19));
#3443=CARTESIAN_POINT('',(3.07262094564253,-0.00208764409846983,1.27831333147497E-19));
#3444=CARTESIAN_POINT('',(3.07451906453425,-0.00183117662104751,1.12127229381965E-19));
#3445=CARTESIAN_POINT('',(3.07641701168013,-0.00157343844270607,9.63453176257694E-20));
#3446=CARTESIAN_POINT('',(3.07831478551065,-0.00131442376628781,8.04852429053791E-20));
#3447=CARTESIAN_POINT('',(3.0802123844563,-0.00105412679445613,6.45466502363079E-20));
#3448=CARTESIAN_POINT('',(3.08210980694758,-0.000792541729695425,4.85291846231105E-20));
#3449=CARTESIAN_POINT('',(3.08400705141496,-0.000529662774311264,3.24324910593898E-20));
#3450=CARTESIAN_POINT('',(3.08590411628894,-0.00026548413043024,1.62562145277906E-20));
#3451=CARTESIAN_POINT('',(3.087801,0.,0.));
#3452=EDGE_CURVE('Edge_45',#3431,#3433,#3434,.T.);
#3453=CARTESIAN_POINT('',(3.05743,2.1570415377137E-32,-1.0263416486754E-48));
#3454=VERTEX_POINT('',#3453);
#3455=CARTESIAN_POINT('',(3.087801,-1.00701626892612E-32,6.16619625214841E-49));
#3456=VERTEX_POINT('',#3455);
#3457=B_SPLINE_CURVE_WITH_KNOTS('Curve_46',1,(#3458, #3459, #3460, #3461, #3462, #3463, #3464, #3465, #3466, #3467, #3468, #3469, #3470, #3471, #3472, #3473, #3474),.POLYLINE_FORM.,.F.,.F.,(2,1,1,1,1,1,1,1,1,1,1,1,1,1,1,1,2),(0.,1.,2.,3.,4.,5.,6.,7.,8.,9.,10.,11.,12.,13.,14.,15.,16.),.UNIFORM_KNOTS.);
#3458=CARTESIAN_POINT('',(3.05743,2.1570415377137E-32,-1.0263416486754E-48));
#3459=CARTESIAN_POINT('',(3.059329436356,-1.66372289601674E-17,1.01873645963753E-33));
#3460=CARTESIAN_POINT('',(3.06122871352226,-3.22234593856555E-17,1.97311781970489E-33));
#3461=CARTESIAN_POINT('',(3.06312782992926,-4.6508627707875E-17,2.84783210275925E-33));
#3462=CARTESIAN_POINT('',(3.0650267840075,-5.92426482479115E-17,3.62756597749087E-33));
#3463=CARTESIAN_POINT('',(3.06692557418745,-7.01754132165261E-17,4.29700475872308E-33));
#3464=CARTESIAN_POINT('',(3.06882419889962,-7.9056792714155E-17,4.84083240741229E-33));
#3465=CARTESIAN_POINT('',(3.07072265657449,-8.56366347309098E-17,5.24373153064799E-33));
#3466=CARTESIAN_POINT('',(3.07262094564253,-8.96647651465771E-17,5.49038338165274E-33));
#3467=CARTESIAN_POINT('',(3.07451906453425,-9.08909877306189E-17,5.56546785978219E-33));
#3468=CARTESIAN_POINT('',(3.07641701168013,-8.90650841421723E-17,5.45366351052505E-33));
#3469=CARTESIAN_POINT('',(3.07831478551065,-8.39368139300499E-17,5.13964752550313E-33));
#3470=CARTESIAN_POINT('',(3.0802123844563,-7.52559145327391E-17,4.60809574247129E-33));
#3471=CARTESIAN_POINT('',(3.08210980694758,-6.2772101278403E-17,3.84368264531749E-33));
#3472=CARTESIAN_POINT('',(3.08400705141496,-4.62350673848797E-17,2.83108136406276E-33));
#3473=CARTESIAN_POINT('',(3.08590411628894,-2.53944839596825E-17,1.5549636748612E-33));
#3474=CARTESIAN_POINT('',(3.087801,-1.00701626892612E-32,6.16619625214841E-49));
#3475=EDGE_CURVE('Edge_46',#3454,#3456,#3457,.T.);
#3476=CARTESIAN_POINT('',(3.05743,0.00409433428463827,-2.50705668816077E-19));
#3477=VERTEX_POINT('',#3476);
#3478=CARTESIAN_POINT('',(2.696534,0.,0.));
#3479=VERTEX_POINT('',#3478);
#3480=B_SPLINE_CURVE_WITH_KNOTS('Curve_47',1,(#3481, #3482, #3483, #3484, #3485, #3486, #3487, #3488, #3489, #3490, #3491, #3492, #3493, #3494, #3495, #3496, #3497, #3498, #3499, #3500, #3501, #3502, #3503, #3504, #3505, #3506, #3507, #3508, #3509, #3510, #3511, #3512, #3513, #3514, #3515, #3516, #3517, #3518, #3519, #3520, #3521, #3522, #3523, #3524, #3525, #3526, #3527, #3528, #3529, #3530, #3531, #3532, #3533, #3534, #3535, #3536, #3537, #3538, #3539, #3540, #3541, #3542, #3543, #3544, #3545, #3546, #3547, #3548, #3549, #3550, #3551, #3552, #3553, #3554, #3555, #3556, #3557, #3558, #3559, #3560, #3561, #3562, #3563, #3564, #3565, #3566, #3567, #3568, #3569, #3570, #3571, #3572, #3573, #3574, #3575, #3576, #3577, #3578, #3579, #3580, #3581, #3582, #3583, #3584, #3585, #3586, #3587, #3588, #3589, #3590, #3591, #3592, #3593, #3594, #3595, #3596, #3597, #3598, #3599, #3600, #3601, #3602, #3603, #3604, #3605),.POLYLINE_FORM.,.F.,.F.,(2,1,1,1,1,1,1,1,1,1,1,1,1,1,1,1,1,1,1,1,1,1,1,1,1,1,1,1,1,1,1,1,1,1,1,1,1,1,1,1,1,1,1,1,1,1,1,1,1,1,1,1,1,1,1,1,1,1,1,1,1,1,1,1,1,1,1,1,1,1,1,1,1,1,1,1,1,1,1,1,1,1,1,1,1,1,1,1,1,1,1,1,1,1,1,1,1,1,1,1,1,1,1,1,1,1,1,1,1,1,1,1,1,1,1,1,1,1,1,1,1,1,1,1,2),(0.,1.,2.,3.,4.,5.,6.,7.,8.,9.,10.,11.,12.,13.,14.,15.,16.,17.,18.,19.,20.,21.,22.,23.,24.,25.,26.,27.,28.,29.,30.,31.,32.,33.,34.,35.,36.,37.,38.,39.,40.,41.,42.,43.,44.,45.,46.,47.,48.,49.,50.,51.,52.,53.,54.,55.,56.,57.,58.,59.,60.,61.,62.,63.,64.,65.,66.,67.,68.,69.,70.,71.,72.,73.,74.,75.,76.,77.,78.,79.,80.,81.,82.,83.,84.,85.,86.,87.,88.,89.,90.,91.,92.,93.,94.,95.,96.,97.,98.,99.,100.,101.,102.,103.,104.,105.,106.,107.,108.,109.,110.,111.,112.,113.,114.,115.,116.,117.,118.,119.,120.,121.,122.,123.,124.),.UNIFORM_KNOTS.);
#3481=CARTESIAN_POINT('',(3.05743,0.00409433428463827,-2.50705668816077E-19));
#3482=CARTESIAN_POINT('',(3.04789275927619,0.0053140235674592,-3.25390097624125E-19));
#3483=CARTESIAN_POINT('',(3.03835174522779,0.00650398036137076,-3.98253936563497E-19));
#3484=CARTESIAN_POINT('',(3.01358887369382,0.00945263371426834,-5.78806881084554E-19));
#3485=CARTESIAN_POINT('',(2.98880294552297,0.0122007091257812,-7.4707796891079E-19));
#3486=CARTESIAN_POINT('',(2.96399471332921,0.0147395321569958,-9.02536043849721E-19));
#3487=CARTESIAN_POINT('',(2.93916405260208,0.0170484949919721,-1.04391924110991E-18));
#3488=CARTESIAN_POINT('',(2.91431047888016,0.0190959511865818,-1.16928977486608E-18));
#3489=CARTESIAN_POINT('',(2.88943356338962,0.0208364697708864,-1.27586580052233E-18));
#3490=CARTESIAN_POINT('',(2.86453365636285,0.0222081926756284,-1.3598596037528E-18));
#3491=CARTESIAN_POINT('',(2.83961309274476,0.0231277862098364,-1.41616846766202E-18));
#3492=CARTESIAN_POINT('',(2.82714683578391,0.0233841348852277,-1.4318652969012E-18));
#3493=CARTESIAN_POINT('',(2.81467831318601,0.0234822845343461,-1.43787522958272E-18));
#3494=CARTESIAN_POINT('',(2.80220966740566,0.0234006106767709,-1.43287414817004E-18));
#3495=CARTESIAN_POINT('',(2.78974419773399,0.023111858455896,-1.41519317401798E-18));
#3496=CARTESIAN_POINT('',(2.78351400653315,0.0228799482196794,-1.40099276759438E-18));
#3497=CARTESIAN_POINT('',(2.7772865401872,0.0225834350660401,-1.3828365733689E-18));
#3498=CARTESIAN_POINT('',(2.77106294357498,0.0222159599225995,-1.36033521045987E-18));
#3499=CARTESIAN_POINT('',(2.76484436157533,0.0217711637169793,-1.33309929798558E-18));
#3500=CARTESIAN_POINT('',(2.75863249943728,0.0212405608181167,-1.30060924090006E-18));
#3501=CARTESIAN_POINT('',(2.75242959577034,0.0206141772616429,-1.26225431002636E-18));
#3502=CARTESIAN_POINT('',(2.74623850189105,0.0198800870940701,-1.21730425132618E-18));
#3503=CARTESIAN_POINT('',(2.74006332512916,0.0190224974977492,-1.16479203362036E-18));
#3504=CARTESIAN_POINT('',(2.73698349758766,0.0185410305536256,-1.13531068601954E-18));
#3505=CARTESIAN_POINT('',(2.73391004951863,0.0180204194267824,-1.10343244851509E-18));
#3506=CARTESIAN_POINT('',(2.73084401755412,0.0174573895552122,-1.06895681201295E-18));
#3507=CARTESIAN_POINT('',(2.72778715715005,0.0168468145669882,-1.03156987676455E-18));
#3508=CARTESIAN_POINT('',(2.72474131254518,0.0161834026176808,-9.90947610752787E-19));
#3509=CARTESIAN_POINT('',(2.72170908469999,0.0154604383993334,-9.46678819957926E-19));
#3510=CARTESIAN_POINT('',(2.72019906544222,0.0150741214416246,-9.23023728672203E-19));
#3511=CARTESIAN_POINT('',(2.71869384918372,0.0146695221112626,-8.98249164928953E-19));
#3512=CARTESIAN_POINT('',(2.71719414109866,0.0142451000796911,-8.72260810806372E-19));
#3513=CARTESIAN_POINT('',(2.71570064636121,0.0137993150183538,-8.44964348382651E-19));
#3514=CARTESIAN_POINT('',(2.71421412858704,0.0133305131185873,-8.16258511083488E-19));
#3515=CARTESIAN_POINT('',(2.71273592809845,0.0128361784187106,-7.8598924068791E-19));
#3516=CARTESIAN_POINT('',(2.71200043753439,0.01257855078183,-7.70214097644026E-19));
#3517=CARTESIAN_POINT('',(2.7112676151295,0.0123134773606409,-7.53983031804111E-19));
#3518=CARTESIAN_POINT('',(2.71053765716304,0.0120406039603829,-7.37274354994191E-19));
#3519=CARTESIAN_POINT('',(2.70981075991427,0.0117595763862956,-7.20066379040286E-19));
#3520=CARTESIAN_POINT('',(2.70908728246506,0.0114698138208368,-7.02323539125191E-19));
#3521=CARTESIAN_POINT('',(2.70836768447468,0.0111706272046026,-6.84003642529245E-19));
#3522=CARTESIAN_POINT('',(2.70765231308844,0.0108614999800408,-6.65075059224799E-19));
#3523=CARTESIAN_POINT('',(2.70694151545165,0.0105419155895991,-6.45506159184205E-19));
#3524=CARTESIAN_POINT('',(2.70623592309475,0.0102109976286972,-6.25243278104262E-19));
#3525=CARTESIAN_POINT('',(2.70553617924265,0.00986790331753542,-6.04234810605765E-19));
#3526=CARTESIAN_POINT('',(2.70518866318161,0.00969157752224362,-5.93437969565204E-19));
#3527=CARTESIAN_POINT('',(2.70484291588642,0.00951182295900773,-5.82431177040256E-19));
#3528=CARTESIAN_POINT('',(2.70449909163295,0.00932846707215894,-5.71203867043546E-19));
#3529=CARTESIAN_POINT('',(2.70415734469708,0.00914133730602843,-5.597454735877E-19));
#3530=CARTESIAN_POINT('',(2.70381770190053,0.00895038362301252,-5.48052932753158E-19));
#3531=CARTESIAN_POINT('',(2.70348023360495,0.00875553142146928,-5.36121676506822E-19));
#3532=CARTESIAN_POINT('',(2.70314515939611,0.00855657129967225,-5.23938882690987E-19));
#3533=CARTESIAN_POINT('',(2.70281269885981,0.00835329385589498,-5.11491729147952E-19));
#3534=CARTESIAN_POINT('',(2.7024830715818,0.008145489688411,-4.98767393720015E-19));
#3535=CARTESIAN_POINT('',(2.70215649714788,0.00793294939549384,-4.85753054249473E-19));
#3536=CARTESIAN_POINT('',(2.70183319514381,0.00771546357541712,-4.72435888578628E-19));
#3537=CARTESIAN_POINT('',(2.70151338515538,0.00749282282645428,-4.58803074549773E-19));
#3538=CARTESIAN_POINT('',(2.70119739936341,0.00726475034915789,-4.44837663085041E-19));
#3539=CARTESIAN_POINT('',(2.7008856592765,0.00703094619959185,-4.30521287915371E-19));
#3540=CARTESIAN_POINT('',(2.70073149186538,0.0069118184606891,-4.23226817708524E-19));
#3541=CARTESIAN_POINT('',(2.70057851847206,0.00679116625929662,-4.15839001096256E-19));
#3542=CARTESIAN_POINT('',(2.70042678329372,0.00666895908060703,-4.08355969585504E-19));
#3543=CARTESIAN_POINT('',(2.70027633052754,0.00654516640981283,-4.00775854683203E-19));
#3544=CARTESIAN_POINT('',(2.70012722527001,0.00641974219718584,-3.93095836656742E-19));
#3545=CARTESIAN_POINT('',(2.69997955071666,0.00629263646758687,-3.85312855411408E-19));
#3546=CARTESIAN_POINT('',(2.69983337821319,0.00616381281809219,-3.77424681911002E-19));
#3547=CARTESIAN_POINT('',(2.6996887791053,0.0060332348457781,-3.69429087119321E-19));
#3548=CARTESIAN_POINT('',(2.69954582473872,0.00590086614772081,-3.61323842000163E-19));
#3549=CARTESIAN_POINT('',(2.69940458645914,0.00576667032099654,-3.53106717517323E-19));
#3550=CARTESIAN_POINT('',(2.69926513561226,0.00563061096268158,-3.447754846346E-19));
#3551=CARTESIAN_POINT('',(2.69912754354381,0.0054926516698522,-3.36327914315793E-19));
#3552=CARTESIAN_POINT('',(2.69899191326663,0.00535273911497273,-3.27760741191109E-19));
#3553=CARTESIAN_POINT('',(2.6988583781379,0.00521082240453388,-3.19070848931886E-19));
#3554=CARTESIAN_POINT('',(2.69872705501978,0.00506686878665129,-3.10256232063607E-19));
#3555=CARTESIAN_POINT('',(2.69859806077443,0.0049208455094407,-3.01314885111759E-19));
#3556=CARTESIAN_POINT('',(2.69847151226401,0.00477271982101783,-2.92244802601831E-19));
#3557=CARTESIAN_POINT('',(2.69834752635069,0.00462245896949835,-2.83043979059306E-19));
#3558=CARTESIAN_POINT('',(2.69822621989663,0.00447003020299787,-2.73710409009667E-19));
#3559=CARTESIAN_POINT('',(2.69810770976399,0.00431540076963225,-2.64242086978408E-19));
#3560=CARTESIAN_POINT('',(2.69799212171437,0.00415852891478809,-2.54636456232847E-19));
#3561=CARTESIAN_POINT('',(2.69787962156765,0.00399939720322272,-2.44892449172279E-19));
#3562=CARTESIAN_POINT('',(2.69782458475462,0.00391898506591083,-2.39968625843699E-19));
#3563=CARTESIAN_POINT('',(2.69777038627339,0.00383800936210804,-2.35010294020159E-19));
#3564=CARTESIAN_POINT('',(2.69771704824267,0.00375647055771086,-2.30017482229594E-19));
#3565=CARTESIAN_POINT('',(2.69766459278115,0.00367436911861572,-2.24990218999931E-19));
#3566=CARTESIAN_POINT('',(2.69761304200752,0.0035917055107191,-2.19928532859103E-19));
#3567=CARTESIAN_POINT('',(2.69756241804048,0.00350848019991748,-2.14832452335041E-19));
#3568=CARTESIAN_POINT('',(2.69751274299873,0.00342469365210733,-2.09702005955675E-19));
#3569=CARTESIAN_POINT('',(2.69746403900095,0.00334034633318512,-2.04537222248938E-19));
#3570=CARTESIAN_POINT('',(2.69741632816585,0.00325543870904735,-1.99338129742762E-19));
#3571=CARTESIAN_POINT('',(2.69736963261212,0.00316997124559042,-1.94104756965073E-19));
#3572=CARTESIAN_POINT('',(2.69732397445845,0.00308394440871087,-1.88837132443807E-19));
#3573=CARTESIAN_POINT('',(2.69727937582354,0.00299735866430506,-1.83535284706889E-19));
#3574=CARTESIAN_POINT('',(2.69723585733232,0.00291021131137593,-1.78199048365948E-19));
#3575=CARTESIAN_POINT('',(2.69719343977381,0.00282250736947474,-1.72828730779853E-19));
#3576=CARTESIAN_POINT('',(2.69715214551289,0.0027342588853205,-1.67425069597398E-19));
#3577=CARTESIAN_POINT('',(2.69711199691441,0.00264547790563233,-1.61988802467384E-19));
#3578=CARTESIAN_POINT('',(2.69707301634323,0.00255617647712936,-1.56520667038612E-19));
#3579=CARTESIAN_POINT('',(2.69703522616421,0.00246636664653055,-1.51021400959872E-19));
#3580=CARTESIAN_POINT('',(2.69699864874223,0.00237606046055516,-1.45491741879973E-19));
#3581=CARTESIAN_POINT('',(2.69696330644213,0.00228526996592213,-1.39932427447706E-19));
#3582=CARTESIAN_POINT('',(2.69692922162878,0.00219400720935061,-1.34344195311872E-19));
#3583=CARTESIAN_POINT('',(2.69689641666704,0.00210228423755972,-1.28727783121272E-19));
#3584=CARTESIAN_POINT('',(2.69686491392177,0.00201011309726846,-1.23083928524699E-19));
#3585=CARTESIAN_POINT('',(2.69683473575784,0.00191750583519596,-1.17413369170955E-19));
#3586=CARTESIAN_POINT('',(2.6968059045401,0.0018244744980613,-1.11716842708837E-19));
#3587=CARTESIAN_POINT('',(2.69677844263342,0.00173103113258358,-1.05995086787145E-19));
#3588=CARTESIAN_POINT('',(2.69675237240265,0.00163718778548192,-1.00248839054679E-19));
#3589=CARTESIAN_POINT('',(2.69672771621266,0.00154295650347532,-9.44788371602319E-20));
#3590=CARTESIAN_POINT('',(2.6967044867273,0.00144835093743344,-8.86859169784964E-20));
#3591=CARTESIAN_POINT('',(2.69668269021245,0.001353393321825,-8.28714399780193E-20));
#3592=CARTESIAN_POINT('',(2.69666233943603,0.00125810857876772,-7.7036932198386E-20));
#3593=CARTESIAN_POINT('',(2.69664344716597,0.0011625216303794,-7.11839196791846E-20));
#3594=CARTESIAN_POINT('',(2.69662602617019,0.00106665739877766,-6.5313928459995E-20));
#3595=CARTESIAN_POINT('',(2.69661008921662,0.000970540806080281,-5.94284845804054E-20));
#3596=CARTESIAN_POINT('',(2.69659564907317,0.000874196774405044,-5.35291140800039E-20));
#3597=CARTESIAN_POINT('',(2.69658271850776,0.000777650225869545,-4.76173429983677E-20));
#3598=CARTESIAN_POINT('',(2.69657130631407,0.000680882789671135,-4.16920464482638E-20));
#3599=CARTESIAN_POINT('',(2.69656141328047,0.000583892102704936,-3.57530797312509E-20));
#3600=CARTESIAN_POINT('',(2.69655304016694,0.000486727098635451,-2.98034391701091E-20));
#3601=CARTESIAN_POINT('',(2.69654618773348,0.000389436711127354,-2.38461210876294E-20));
#3602=CARTESIAN_POINT('',(2.69654085674006,0.000292069873845146,-1.78841218065915E-20));
#3603=CARTESIAN_POINT('',(2.69653704794669,0.000194675520453415,-1.1920437649781E-20));
#3604=CARTESIAN_POINT('',(2.69653476211334,9.7302584616881E-05,-5.95806493999139E-21));
#3605=CARTESIAN_POINT('',(2.696534,0.,0.));
#3606=EDGE_CURVE('Edge_47',#3477,#3479,#3480,.T.);
#3607=CARTESIAN_POINT('',(3.05743,-0.00409433428463814,0.));
#3608=VERTEX_POINT('',#3607);
#3609=CARTESIAN_POINT('',(3.05743,-0.541344,0.));
#3610=VERTEX_POINT('',#3609);
#3611=B_SPLINE_CURVE_WITH_KNOTS('Curve_48',1,(#3612, #3613, #3614, #3615, #3616, #3617, #3618, #3619, #3620, #3621, #3622, #3623, #3624, #3625, #3626, #3627, #3628),.POLYLINE_FORM.,.F.,.F.,(2,1,1,1,1,1,1,1,1,1,1,1,1,1,1,1,2),(0.,1.,2.,3.,4.,5.,6.,7.,8.,9.,10.,11.,12.,13.,14.,15.,16.),.UNIFORM_KNOTS.);
#3612=CARTESIAN_POINT('',(3.05743,-0.00409433428463814,0.));
#3613=CARTESIAN_POINT('',(3.05743,-0.0369047507134786,0.));
#3614=CARTESIAN_POINT('',(3.05743,-0.069715167142319,0.));
#3615=CARTESIAN_POINT('',(3.05743,-0.10252558357116,0.));
#3616=CARTESIAN_POINT('',(3.05743,-0.135336,0.));
#3617=CARTESIAN_POINT('',(3.05743,-0.16917,0.));
#3618=CARTESIAN_POINT('',(3.05743,-0.203004,0.));
#3619=CARTESIAN_POINT('',(3.05743,-0.236838,0.));
#3620=CARTESIAN_POINT('',(3.05743,-0.270672,0.));
#3621=CARTESIAN_POINT('',(3.05743,-0.304506,0.));
#3622=CARTESIAN_POINT('',(3.05743,-0.33834,0.));
#3623=CARTESIAN_POINT('',(3.05743,-0.372174,0.));
#3624=CARTESIAN_POINT('',(3.05743,-0.406008,0.));
#3625=CARTESIAN_POINT('',(3.05743,-0.439842,0.));
#3626=CARTESIAN_POINT('',(3.05743,-0.473676,0.));
#3627=CARTESIAN_POINT('',(3.05743,-0.50751,0.));
#3628=CARTESIAN_POINT('',(3.05743,-0.541344,0.));
#3629=EDGE_CURVE('Edge_48',#3608,#3610,#3611,.T.);
#3630=CARTESIAN_POINT('',(2.70005035341401,0.,0.00609050277042631));
#3631=VERTEX_POINT('',#3630);
#3632=CARTESIAN_POINT('',(2.696534,0.,0.));
#3633=VERTEX_POINT('',#3632);
#3634=B_SPLINE_CURVE_WITH_KNOTS('Curve_49',1,(#3635, #3636, #3637, #3638, #3639, #3640, #3641, #3642, #3643, #3644, #3645, #3646, #3647, #3648, #3649, #3650, #3651, #3652, #3653, #3654, #3655, #3656, #3657, #3658, #3659, #3660, #3661, #3662, #3663, #3664, #3665, #3666, #3667, #3668, #3669, #3670, #3671, #3672, #3673, #3674, #3675, #3676, #3677, #3678, #3679, #3680, #3681, #3682, #3683, #3684, #3685, #3686, #3687, #3688, #3689, #3690, #3691),.POLYLINE_FORM.,.F.,.F.,(2,1,1,1,1,1,1,1,1,1,1,1,1,1,1,1,1,1,1,1,1,1,1,1,1,1,1,1,1,1,1,1,1,1,1,1,1,1,1,1,1,1,1,1,1,1,1,1,1,1,1,1,1,1,1,1,2),(0.,1.,2.,3.,4.,5.,6.,7.,8.,9.,10.,11.,12.,13.,14.,15.,16.,17.,18.,19.,20.,21.,22.,23.,24.,25.,26.,27.,28.,29.,30.,31.,32.,33.,34.,35.,36.,37.,38.,39.,40.,41.,42.,43.,44.,45.,46.,47.,48.,49.,50.,51.,52.,53.,54.,55.,56.),.UNIFORM_KNOTS.);
#3635=CARTESIAN_POINT('',(2.70005035341401,0.,0.00609050277042631));
#3636=CARTESIAN_POINT('',(2.69987590328881,0.,0.00594484871964677));
#3637=CARTESIAN_POINT('',(2.69970353938474,0.,0.00579672808897037));
#3638=CARTESIAN_POINT('',(2.69953339763337,0.,0.00564607015651979));
#3639=CARTESIAN_POINT('',(2.69936561110944,0.,0.00549280702318411));
#3640=CARTESIAN_POINT('',(2.6992003128877,0.,0.00533687078985246));
#3641=CARTESIAN_POINT('',(2.69903763604291,0.,0.00517819355741396));
#3642=CARTESIAN_POINT('',(2.69887771736141,0.,0.00501670504964449));
#3643=CARTESIAN_POINT('',(2.69872077075847,0.,0.00485230296479535));
#3644=CARTESIAN_POINT('',(2.69864348475285,0.,0.00476898541665275));
#3645=CARTESIAN_POINT('',(2.69856702660655,0.,0.00468491334983898));
#3646=CARTESIAN_POINT('',(2.69849142356614,0.,0.00460007912820985));
#3647=CARTESIAN_POINT('',(2.69841670287818,0.,0.00451447511562112));
#3648=CARTESIAN_POINT('',(2.69834289178924,0.,0.00442809367592846));
#3649=CARTESIAN_POINT('',(2.69827001754587,0.,0.00434092717298753));
#3650=CARTESIAN_POINT('',(2.69819810739465,0.,0.0042529679706541));
#3651=CARTESIAN_POINT('',(2.69812718858214,0.,0.00416420843278398));
#3652=CARTESIAN_POINT('',(2.6980572883549,0.,0.00407464092323274));
#3653=CARTESIAN_POINT('',(2.6979884339595,0.,0.00398425780585618));
#3654=CARTESIAN_POINT('',(2.69792065431716,0.,0.0038930475875687));
#3655=CARTESIAN_POINT('',(2.69785398759722,0.,0.00380100352248629));
#3656=CARTESIAN_POINT('',(2.69778847505479,0.,0.00370812646961559));
#3657=CARTESIAN_POINT('',(2.6977241579459,0.,0.00361441729795165));
#3658=CARTESIAN_POINT('',(2.69766107752656,0.,0.00351987687648926));
#3659=CARTESIAN_POINT('',(2.6975992750528,0.,0.00342450607422342));
#3660=CARTESIAN_POINT('',(2.69753879178063,0.,0.00332830576014912));
#3661=CARTESIAN_POINT('',(2.69747966896607,0.,0.00323127680326114));
#3662=CARTESIAN_POINT('',(2.69742194786514,0.,0.00313342007255456));
#3663=CARTESIAN_POINT('',(2.69736566973387,0.,0.00303473643702414));
#3664=CARTESIAN_POINT('',(2.69731087582826,0.,0.0029352267656649));
#3665=CARTESIAN_POINT('',(2.69725760740434,0.,0.00283489192747183));
#3666=CARTESIAN_POINT('',(2.6972059055094,0.,0.00273373219338687));
#3667=CARTESIAN_POINT('',(2.69715580833912,0.,0.00263174542390566));
#3668=CARTESIAN_POINT('',(2.69710735649029,0.,0.002528949252351));
#3669=CARTESIAN_POINT('',(2.69706059167805,0.,0.00242536614838831));
#3670=CARTESIAN_POINT('',(2.69701555561759,0.,0.00232101858168303));
#3671=CARTESIAN_POINT('',(2.69697229002408,0.,0.00221592902190038));
#3672=CARTESIAN_POINT('',(2.69693083661268,0.,0.00211011993870586));
#3673=CARTESIAN_POINT('',(2.69689123709858,0.,0.00200361380176468));
#3674=CARTESIAN_POINT('',(2.69685353319693,0.,0.00189643308074236));
#3675=CARTESIAN_POINT('',(2.69681776662292,0.,0.0017886002453041));
#3676=CARTESIAN_POINT('',(2.69678397909172,0.,0.00168013776511534));
#3677=CARTESIAN_POINT('',(2.69675221231848,0.,0.00157106810984151));
#3678=CARTESIAN_POINT('',(2.6967225080184,0.,0.00146141374914783));
#3679=CARTESIAN_POINT('',(2.69669490198794,0.,0.0013511979248947));
#3680=CARTESIAN_POINT('',(2.69666940759663,0.,0.00124045667341039));
#3681=CARTESIAN_POINT('',(2.69664604734235,0.,0.00112923621546811));
#3682=CARTESIAN_POINT('',(2.69662484503996,0.,0.00101758303606036));
#3683=CARTESIAN_POINT('',(2.69660582450434,0.,0.000905543620179653));
#3684=CARTESIAN_POINT('',(2.69658900955034,0.,0.000793164452818252));
#3685=CARTESIAN_POINT('',(2.69657442355327,0.,0.000680484850564326));
#3686=CARTESIAN_POINT('',(2.6965620778184,0.,0.000567467505836309));
#3687=CARTESIAN_POINT('',(2.69655197358387,0.,0.000454169746857042));
#3688=CARTESIAN_POINT('',(2.69654411226724,0.,0.000340682845205225));
#3689=CARTESIAN_POINT('',(2.69653849528602,0.,0.000227098072459313));
#3690=CARTESIAN_POINT('',(2.69653512405776,0.,0.000113506700198004));
#3691=CARTESIAN_POINT('',(2.696534,0.,0.));
#3692=EDGE_CURVE('Edge_49',#3631,#3633,#3634,.T.);
#3693=CARTESIAN_POINT('',(3.05743,0.00409433428463827,0.));
#3694=VERTEX_POINT('',#3693);
#3695=CARTESIAN_POINT('',(3.05743,0.541344,0.));
#3696=VERTEX_POINT('',#3695);
#3697=B_SPLINE_CURVE_WITH_KNOTS('Curve_50',1,(#3698, #3699, #3700, #3701, #3702, #3703, #3704, #3705, #3706, #3707, #3708, #3709, #3710, #3711, #3712, #3713, #3714),.POLYLINE_FORM.,.F.,.F.,(2,1,1,1,1,1,1,1,1,1,1,1,1,1,1,1,2),(0.,1.,2.,3.,4.,5.,6.,7.,8.,9.,10.,11.,12.,13.,14.,15.,16.),.UNIFORM_KNOTS.);
#3698=CARTESIAN_POINT('',(3.05743,0.00409433428463827,0.));
#3699=CARTESIAN_POINT('',(3.05743,0.0369047507134786,0.));
#3700=CARTESIAN_POINT('',(3.05743,0.0697151671423191,0.));
#3701=CARTESIAN_POINT('',(3.05743,0.10252558357116,0.));
#3702=CARTESIAN_POINT('',(3.05743,0.135336,0.));
#3703=CARTESIAN_POINT('',(3.05743,0.16917,0.));
#3704=CARTESIAN_POINT('',(3.05743,0.203004,0.));
#3705=CARTESIAN_POINT('',(3.05743,0.236838,0.));
#3706=CARTESIAN_POINT('',(3.05743,0.270672,0.));
#3707=CARTESIAN_POINT('',(3.05743,0.304506,0.));
#3708=CARTESIAN_POINT('',(3.05743,0.33834,0.));
#3709=CARTESIAN_POINT('',(3.05743,0.372174,0.));
#3710=CARTESIAN_POINT('',(3.05743,0.406008,0.));
#3711=CARTESIAN_POINT('',(3.05743,0.439842,0.));
#3712=CARTESIAN_POINT('',(3.05743,0.473676,0.));
#3713=CARTESIAN_POINT('',(3.05743,0.50751,0.));
#3714=CARTESIAN_POINT('',(3.05743,0.541344,0.));
#3715=EDGE_CURVE('Edge_50',#3694,#3696,#3697,.T.);
#3716=B_SPLINE_SURFACE_WITH_KNOTS('Surf_UVXOMYLYKZ, WING, 0, 2',1,3,((#3717, #3718, #3719, #3723, #3724, #3725, #3729, #3730, #3731, #3735, #3736, #3737, #3741, #3742, #3743, #3747, #3748, #3749, #3753, #3754, #3755, #3759, #3760, #3761, #3765, #3766, #3767, #3771, #3772, #3773, #3777, #3778, #3779, #3783, #3784, #3785, #3789, #3790, #3791, #3795, #3796, #3797, #3801, #3802, #3803, #3807, #3808, #3809, #3813, #3814, #3815, #3819, #3820, #3821, #3825, #3826, #3827, #3831, #3832, #3833, #3837, #3838, #3839, #3843, #3844, #3845, #3849, #3850, #3851, #3855, #3856, #3857, #3861, #3862, #3863, #3867, #3868, #3869, #3873, #3874, #3875, #3879, #3880, #3881, #3885, #3886, #3887, #3891, #3892, #3893, #3897, #3898, #3899, #3903, #3904, #3905, #3909, #3910, #3911, #3915, #3916, #3917, #3921, #3922, #3923, #3927, #3928, #3929, #3933, #3934, #3935, #3936),(#3720, #3721, #3722, #3726, #3727, #3728, #3732, #3733, #3734, #3738, #3739, #3740, #3744, #3745, #3746, #3750, #3751, #3752, #3756, #3757, #3758, #3762, #3763, #3764, #3768, #3769, #3770, #3774, #3775, #3776, #3780, #3781, #3782, #3786, #3787, #3788, #3792, #3793, #3794, #3798, #3799, #3800, #3804, #3805, #3806, #3810, #3811, #3812, #3816, #3817, #3818, #3822, #3823, #3824, #3828, #3829, #3830, #3834, #3835, #3836, #3840, #3841, #3842, #3846, #3847, #3848, #3852, #3853, #3854, #3858, #3859, #3860, #3864, #3865, #3866, #3870, #3871, #3872, #3876, #3877, #3878, #3882, #3883, #3884, #3888, #3889, #3890, #3894, #3895, #3896, #3900, #3901, #3902, #3906, #3907, #3908, #3912, #3913, #3914, #3918, #3919, #3920, #3924, #3925, #3926, #3930, #3931, #3932, #3937, #3938, #3939, #3940)),.UNSPECIFIED.,.F.,.F.,.F.,(2,2),(4,3,3,3,3,3,3,3,3,3,3,3,3,3,3,3,3,3,3,3,3,3,3,3,3,3,3,3,3,3,3,3,3,3,3,3,3,4),(0.,1.),(0.,1.,2.,3.,4.,5.,6.,7.,8.,9.,10.,11.,12.,13.,14.,15.,16.,17.,18.,19.,20.,21.,22.,23.,24.,25.,26.,27.,28.,29.,30.,31.,32.,33.,34.,35.,36.,37.),.PIECEWISE_BEZIER_KNOTS.);
#3717=CARTESIAN_POINT('',(1.317681,0.,0.));
#3718=CARTESIAN_POINT('',(1.29707935184952,0.,-0.00289061546884193));
#3719=CARTESIAN_POINT('',(1.27645186302592,0.,-0.00559638245748048));
#3720=CARTESIAN_POINT('',(1.317681,0.616894,0.));
#3721=CARTESIAN_POINT('',(1.29712263843714,0.616894,-0.00240378492470988));
#3722=CARTESIAN_POINT('',(1.27654630286422,0.616894,-0.00465327397877509));
#3723=CARTESIAN_POINT('',(1.25580431301332,0.,-0.00813854038532961));
#3724=CARTESIAN_POINT('',(1.23515676300072,0.,-0.0106806983131787));
#3725=CARTESIAN_POINT('',(1.21448908199693,0.,-0.0130594440472013));
#3726=CARTESIAN_POINT('',(1.25595604519184,0.616894,-0.00676654655157397));
#3727=CARTESIAN_POINT('',(1.23536578751945,0.616894,-0.00887981912437285));
#3728=CARTESIAN_POINT('',(1.21476155698394,0.616894,-0.0108570281386991));
#3729=CARTESIAN_POINT('',(1.19380306377256,0.,-0.0152669532244563));
#3730=CARTESIAN_POINT('',(1.18346005466038,0.,-0.0163707078130838));
#3731=CARTESIAN_POINT('',(1.17311241290045,0.,-0.0174312190860965));
#3732=CARTESIAN_POINT('',(1.19414463229837,0.616894,-0.0126920724475669));
#3733=CARTESIAN_POINT('',(1.18383616995558,0.616894,-0.0136095946020008));
#3734=CARTESIAN_POINT('',(1.17352451368771,0.616894,-0.0144915458731073));
#3735=CARTESIAN_POINT('',(1.16276010417251,0.,-0.0184438253278017));
#3736=CARTESIAN_POINT('',(1.15240779544457,0.,-0.0194564315695069));
#3737=CARTESIAN_POINT('',(1.1420508253097,0.,-0.0204217529033345));
#3738=CARTESIAN_POINT('',(1.16320961903622,0.616894,-0.0153336349282946));
#3739=CARTESIAN_POINT('',(1.15289472438472,0.616894,-0.0161757239834819));
#3740=CARTESIAN_POINT('',(1.14257659134959,0.616894,-0.01697795082275));
#3741=CARTESIAN_POINT('',(1.13168907937017,0.,-0.021333069488545));
#3742=CARTESIAN_POINT('',(1.12132733343064,0.,-0.0222443860737555));
#3743=CARTESIAN_POINT('',(1.11096080000483,0.,-0.0231010450178014));
#3744=CARTESIAN_POINT('',(1.1322551754723,0.616894,-0.0177360241135074));
#3745=CARTESIAN_POINT('',(1.12193375959502,0.616894,-0.0184940974042647));
#3746=CARTESIAN_POINT('',(1.11160901975439,0.616894,-0.0192079043024131));
#3747=CARTESIAN_POINT('',(1.10058938315076,0.,-0.0238950859770931));
#3748=CARTESIAN_POINT('',(1.09021796629669,0.,-0.0246891269363847));
#3749=CARTESIAN_POINT('',(1.07984165093295,0.,-0.0254185616901437));
#3750=CARTESIAN_POINT('',(1.10128092947307,0.616894,-0.0198687844883327));
#3751=CARTESIAN_POINT('',(1.09095283919175,0.616894,-0.0205296646742523));
#3752=CARTESIAN_POINT('',(1.08062139846974,0.616894,-0.0211376181479431));
#3753=CARTESIAN_POINT('',(1.06946047898237,0.,-0.0260730262540827));
#3754=CARTESIAN_POINT('',(1.05907930703179,0.,-0.0267274908180218));
#3755=CARTESIAN_POINT('',(1.04869327164392,0.,-0.0273047607395037));
#3756=CARTESIAN_POINT('',(1.07028658082969,0.616894,-0.0216839845897855));
#3757=CARTESIAN_POINT('',(1.05995176318964,0.616894,-0.0222303510316279));
#3758=CARTESIAN_POINT('',(1.04961360062295,0.616894,-0.0227129310965225));
#3759=CARTESIAN_POINT('',(1.0383028051167,0.,-0.0277894862735548));
#3760=CARTESIAN_POINT('',(1.03310757185309,0.,-0.0280318490405804));
#3761=CARTESIAN_POINT('',(1.02791122798655,0.,-0.0282507689079623));
#3762=CARTESIAN_POINT('',(1.0392723578443,0.616894,-0.0231199764642137));
#3763=CARTESIAN_POINT('',(1.03410173645497,0.616894,-0.0233234991480593));
#3764=CARTESIAN_POINT('',(1.02893035956885,0.616894,-0.0235074580187747));
#3765=CARTESIAN_POINT('',(1.02271393288689,0.,-0.0284433894333466));
#3766=CARTESIAN_POINT('',(1.01751663778723,0.,-0.0286360099587308));
#3767=CARTESIAN_POINT('',(1.01231830028234,0.,-0.0288034029009171));
#3768=CARTESIAN_POINT('',(1.02375830425422,0.616894,-0.0236702585964605));
#3769=CARTESIAN_POINT('',(1.01858624893959,0.616894,-0.0238330591741463));
#3770=CARTESIAN_POINT('',(1.01341349514329,0.616894,-0.0239746535262807));
#3771=CARTESIAN_POINT('',(1.00711928330971,0.,-0.0289401891816833));
#3772=CARTESIAN_POINT('',(1.00192026633709,0.,-0.0290769754624495));
#3773=CARTESIAN_POINT('',(0.996720370844372,0.,-0.0291858768354436));
#3774=CARTESIAN_POINT('',(1.00824022896156,0.616894,-0.0240918383584735));
#3775=CARTESIAN_POINT('',(1.00306696277983,0.616894,-0.0242090231906663));
#3776=CARTESIAN_POINT('',(0.9978931187669,0.616894,-0.0243025551396244));
#3777=CARTESIAN_POINT('',(0.991520045597938,0.,-0.0292609626052609));
#3778=CARTESIAN_POINT('',(0.988919882974721,0.,-0.0292985054901695));
#3779=CARTESIAN_POINT('',(0.986319543182042,0.,-0.0293284266950033));
#3780=CARTESIAN_POINT('',(0.992718932646411,0.616894,-0.0243691403037307));
#3781=CARTESIAN_POINT('',(0.990131839586167,0.616894,-0.0244024328857839));
#3782=CARTESIAN_POINT('',(0.987544660999032,0.616894,-0.0244289887716241));
#3783=CARTESIAN_POINT('',(0.98371917854925,0.,-0.029349117073821));
#3784=CARTESIAN_POINT('',(0.981118813916459,0.,-0.0293698074526388));
#3785=CARTESIAN_POINT('',(0.978518442315311,0.,-0.0293810547392115));
#3786=CARTESIAN_POINT('',(0.98495742635046,0.616894,-0.0244483962235492));
#3787=CARTESIAN_POINT('',(0.982370191701889,0.616894,-0.0244678036754743));
#3788=CARTESIAN_POINT('',(0.97978290099188,0.616894,-0.0244800626934843));
#3789=CARTESIAN_POINT('',(0.975917972856272,0.,-0.0293837789175456));
#3790=CARTESIAN_POINT('',(0.970717033938194,0.,-0.0293892272742138));
#3791=CARTESIAN_POINT('',(0.965516130798787,0.,-0.0293564802357777));
#3792=CARTESIAN_POINT('',(0.977195583685889,0.616894,-0.024484761539877));
#3793=CARTESIAN_POINT('',(0.972020949073907,0.616894,-0.0244941592326624));
#3794=CARTESIAN_POINT('',(0.966846302270962,0.616894,-0.0244725360250004));
#3795=CARTESIAN_POINT('',(0.960315745974341,0.,-0.0292815790412592));
#3796=CARTESIAN_POINT('',(0.957715553562119,0.,-0.029244128444));
#3797=CARTESIAN_POINT('',(0.955115518868138,0.,-0.0291958693517296));
#3798=CARTESIAN_POINT('',(0.961671937970704,0.616894,-0.024416759940481));
#3799=CARTESIAN_POINT('',(0.959084755820575,0.616894,-0.0243888718982213));
#3800=CARTESIAN_POINT('',(0.956497753749715,0.616894,-0.0243514754381375));
#3801=CARTESIAN_POINT('',(0.952515768053761,0.,-0.0291359373890501));
#3802=CARTESIAN_POINT('',(0.949916017239383,0.,-0.0290760054263706));
#3803=CARTESIAN_POINT('',(0.947316550304609,0.,-0.0290044005932818));
#3804=CARTESIAN_POINT('',(0.953910842183613,0.616894,-0.0243053119993336));
#3805=CARTESIAN_POINT('',(0.95132393061751,0.616894,-0.0242591485605297));
#3806=CARTESIAN_POINT('',(0.948737129775873,0.616894,-0.0242040760928449));
#3807=CARTESIAN_POINT('',(0.944717493410799,0.,-0.0289202585143858));
#3808=CARTESIAN_POINT('',(0.934321265835559,0.,-0.0285836901988019));
#3809=CARTESIAN_POINT('',(0.923930310395509,0.,-0.0280527711999938));
#3810=CARTESIAN_POINT('',(0.946150701120676,0.616894,-0.0241379178324456));
#3811=CARTESIAN_POINT('',(0.935804986499888,0.616894,-0.0238732847908485));
#3812=CARTESIAN_POINT('',(0.925462313809527,0.616894,-0.0234525623328831));
#3813=CARTESIAN_POINT('',(0.91355990822359,0.,-0.0272426245624326));
#3814=CARTESIAN_POINT('',(0.90837470713763,0.,-0.026837551243652));
#3815=CARTESIAN_POINT('',(0.903195356835286,0.,-0.0263597438090191));
#3816=CARTESIAN_POINT('',(0.915133449292335,0.616894,-0.0228028734900237));
#3817=CARTESIAN_POINT('',(0.909969017033738,0.616894,-0.0224780290685939));
#3818=CARTESIAN_POINT('',(0.904808053761292,0.616894,-0.0220961514117355));
#3819=CARTESIAN_POINT('',(0.898025102264089,0.,-0.0257948678859273));
#3820=CARTESIAN_POINT('',(0.895439974978491,0.,-0.0255124299243814));
#3821=CARTESIAN_POINT('',(0.892857535138432,0.,-0.0252066368122724));
#3822=CARTESIAN_POINT('',(0.899653437741219,0.616894,-0.0216416075217249));
#3823=CARTESIAN_POINT('',(0.897076129731182,0.616894,-0.0214143355767195));
#3824=CARTESIAN_POINT('',(0.894500363550887,0.616894,-0.0211691383569755));
#3825=CARTESIAN_POINT('',(0.890278082013957,0.,-0.0248762884709664));
#3826=CARTESIAN_POINT('',(0.887698628889482,0.,-0.0245459401296605));
#3827=CARTESIAN_POINT('',(0.88512260796928,0.,-0.0241893245967475));
#3828=CARTESIAN_POINT('',(0.891926749522149,0.616894,-0.0209031916987724));
#3829=CARTESIAN_POINT('',(0.889353135493411,0.616894,-0.0206372450405693));
#3830=CARTESIAN_POINT('',(0.88678167361623,0.616894,-0.0203505489439072));
#3831=CARTESIAN_POINT('',(0.882550979121453,0.,-0.0238031721366753));
#3832=CARTESIAN_POINT('',(0.88126516469754,0.,-0.0236100959066392));
#3833=CARTESIAN_POINT('',(0.879980486592589,0.,-0.023409481980225));
#3834=CARTESIAN_POINT('',(0.884212974212424,0.616894,-0.0200402792450656));
#3835=CARTESIAN_POINT('',(0.882928624510521,0.616894,-0.0198851443956449));
#3836=CARTESIAN_POINT('',(0.881645126228273,0.616894,-0.0197234896879439));
#3837=CARTESIAN_POINT('',(0.878697138944564,0.,-0.0232007044244072));
#3838=CARTESIAN_POINT('',(0.877413791296539,0.,-0.0229919268685894));
#3839=CARTESIAN_POINT('',(0.876131774105441,0.,-0.0227749856833679));
#3840=CARTESIAN_POINT('',(0.880362420630688,0.616894,-0.0195555117497842));
#3841=CARTESIAN_POINT('',(0.879079715033104,0.616894,-0.0193875338116245));
#3842=CARTESIAN_POINT('',(0.877797720475301,0.616894,-0.0192135771471307));
#3843=CARTESIAN_POINT('',(0.874851281509232,0.,-0.0225492549357172));
#3844=CARTESIAN_POINT('',(0.872290296316814,0.,-0.0220977934404157));
#3845=CARTESIAN_POINT('',(0.869735286115016,0.,-0.0216114902070021));
#3846=CARTESIAN_POINT('',(0.876516915825777,0.616894,-0.0190317736782404));
#3847=CARTESIAN_POINT('',(0.87395530652673,0.616894,-0.0186681667404597));
#3848=CARTESIAN_POINT('',(0.87139771006306,0.616894,-0.0182759891734134));
#3849=CARTESIAN_POINT('',(0.867189602960402,0.,-0.0210807033692666));
#3850=CARTESIAN_POINT('',(0.864643919805788,0.,-0.0205499165315312));
#3851=CARTESIAN_POINT('',(0.86210697297835,0.,-0.0199760526580105));
#3852=CARTESIAN_POINT('',(0.868845727408635,0.616894,-0.0178494192180398));
#3853=CARTESIAN_POINT('',(0.866293744754211,0.616894,-0.0174228492626663));
#3854=CARTESIAN_POINT('',(0.863747962961395,0.616894,-0.0169599046011118));
#3855=CARTESIAN_POINT('',(0.859584008331981,0.,-0.0193459074746279));
#3856=CARTESIAN_POINT('',(0.857061043685611,0.,-0.0187157622912453));
#3857=CARTESIAN_POINT('',(0.85455175284648,0.,-0.0180297515016976));
#3858=CARTESIAN_POINT('',(0.861210690916618,0.616894,-0.016453121818751));
#3859=CARTESIAN_POINT('',(0.858673418871841,0.616894,-0.0159463390363903));
#3860=CARTESIAN_POINT('',(0.856145248670862,0.616894,-0.0153938271374989));
#3861=CARTESIAN_POINT('',(0.852065548042132,0.,-0.0172673157554075));
#3862=CARTESIAN_POINT('',(0.850822445639958,0.,-0.0168860978822624));
#3863=CARTESIAN_POINT('',(0.849584971704058,0.,-0.0164859440460411));
#3864=CARTESIAN_POINT('',(0.853631545062201,0.616894,-0.0147807126668696));
#3865=CARTESIAN_POINT('',(0.852374693257871,0.616894,-0.014474155431555));
#3866=CARTESIAN_POINT('',(0.851121571991149,0.616894,-0.0141520977645916));
#3867=CARTESIAN_POINT('',(0.848355746048284,0.,-0.0160621266746806));
#3868=CARTESIAN_POINT('',(0.84712652039251,0.,-0.0156383093033202));
#3869=CARTESIAN_POINT('',(0.845905543016861,0.,-0.0151908283968207));
#3870=CARTESIAN_POINT('',(0.849873926565417,0.616894,-0.0138104002786101));
#3871=CARTESIAN_POINT('',(0.848626281139684,0.616894,-0.0134687027926287));
#3872=CARTESIAN_POINT('',(0.847383316315372,0.616894,-0.0131091633167139));
#3873=CARTESIAN_POINT('',(0.844695433735188,0.,-0.0147149563831193));
#3874=CARTESIAN_POINT('',(0.843485324453514,0.,-0.014239084369418));
#3875=CARTESIAN_POINT('',(0.842287001954527,0.,-0.0137334894314764));
#3876=CARTESIAN_POINT('',(0.846147687032475,0.616894,-0.0127258778028946));
#3877=CARTESIAN_POINT('',(0.844912057749578,0.616894,-0.0123425922890754));
#3878=CARTESIAN_POINT('',(0.84368401462248,0.616894,-0.0119350294920984));
#3879=CARTESIAN_POINT('',(0.84110509971864,0.,-0.0131912768793487));
#3880=CARTESIAN_POINT('',(0.840514148600697,0.,-0.0129201706032848));
#3881=CARTESIAN_POINT('',(0.839927772145243,0.,-0.0126392955217108));
#3882=CARTESIAN_POINT('',(0.842466470820134,0.616894,-0.011497611693232));
#3883=CARTESIAN_POINT('',(0.841857698918961,0.616894,-0.0112789027937987));
#3884=CARTESIAN_POINT('',(0.841251873278758,0.616894,-0.0110521329145764));
#3885=CARTESIAN_POINT('',(0.839346578804306,0.,-0.0123478739488943));
#3886=CARTESIAN_POINT('',(0.838765385463369,0.,-0.0120564523760778));
#3887=CARTESIAN_POINT('',(0.838189579425245,0.,-0.0117541653276059));
#3888=CARTESIAN_POINT('',(0.840649425047426,0.616894,-0.0108166037025543));
#3889=CARTESIAN_POINT('',(0.840046976816095,0.616894,-0.0105810744905323));
#3890=CARTESIAN_POINT('',(0.839447941381444,0.616894,-0.0103366469048709));
#3891=CARTESIAN_POINT('',(0.837621219868647,0.,-0.0114387096373939));
#3892=CARTESIAN_POINT('',(0.836484500755449,0.,-0.01080779825697));
#3893=CARTESIAN_POINT('',(0.835373874638215,0.,-0.0101276468327132));
#3894=CARTESIAN_POINT('',(0.838853822367965,0.616894,-0.0100810327823886));
#3895=CARTESIAN_POINT('',(0.837665584341007,0.616894,-0.00956980453742401));
#3896=CARTESIAN_POINT('',(0.836493938926537,0.616894,-0.00901789003557678));
#3897=CARTESIAN_POINT('',(0.834312788675482,0.,-0.00937589564928601));
#3898=CARTESIAN_POINT('',(0.833782245694115,0.,-0.00900002005757244));
#3899=CARTESIAN_POINT('',(0.833264690139361,0.,-0.00860583334935482));
#3900=CARTESIAN_POINT('',(0.835355978587251,0.616894,-0.00840245468470189));
#3901=CARTESIAN_POINT('',(0.834786998417608,0.616894,-0.00809473700926446));
#3902=CARTESIAN_POINT('',(0.834226668717576,0.616894,-0.00777098155926136));
#3903=CARTESIAN_POINT('',(0.832764841343511,0.,-0.00819007718278814));
#3904=CARTESIAN_POINT('',(0.832264992547661,0.,-0.00777432101622145));
#3905=CARTESIAN_POINT('',(0.831783287625868,0.,-0.00733660688729799));
#3906=CARTESIAN_POINT('',(0.833678679896313,0.616894,-0.00742720661166642));
#3907=CARTESIAN_POINT('',(0.83313069107505,0.616894,-0.00708343166407147));
#3908=CARTESIAN_POINT('',(0.83259504507264,0.616894,-0.00671951747734456));
#3909=CARTESIAN_POINT('',(0.831327344804197,0.,-0.00687304772676451));
#3910=CARTESIAN_POINT('',(0.830871401982527,0.,-0.00640948856623103));
#3911=CARTESIAN_POINT('',(0.830441864099667,0.,-0.00591961633169816));
#3912=CARTESIAN_POINT('',(0.832079457640181,0.616894,-0.00632905104680622));
#3913=CARTESIAN_POINT('',(0.831563870207721,0.616894,-0.00593858461626788));
#3914=CARTESIAN_POINT('',(0.831067212149824,0.616894,-0.00552219363601492));
#3915=CARTESIAN_POINT('',(0.83005120958511,0.,-0.00539993380839983));
#3916=CARTESIAN_POINT('',(0.829660555070553,0.,-0.00488025128510152));
#3917=CARTESIAN_POINT('',(0.829308754156383,0.,-0.0043303558474063));
#3918=CARTESIAN_POINT('',(0.830603061873163,0.616894,-0.00507154138538788));
#3919=CARTESIAN_POINT('',(0.830138911596501,0.616894,-0.00462088913476085));
#3920=CARTESIAN_POINT('',(0.82970731231293,0.616894,-0.00413546339032491));
#3921=CARTESIAN_POINT('',(0.829014701346728,0.,-0.00375064547913601));
#3922=CARTESIAN_POINT('',(0.828720648537074,0.,-0.00317093511086571));
#3923=CARTESIAN_POINT('',(0.828484179947689,0.,-0.00256086555597137));
#3924=CARTESIAN_POINT('',(0.829332819016065,0.616894,-0.0036080032145628));
#3925=CARTESIAN_POINT('',(0.8289583257192,0.616894,-0.00308054303880068));
#3926=CARTESIAN_POINT('',(0.82864159384699,0.616894,-0.00250948368808383));
#3927=CARTESIAN_POINT('',(0.828324400365999,0.,-0.00193072751125194));
#3928=CARTESIAN_POINT('',(0.828244510575154,0.,-0.00161565848889221));
#3929=CARTESIAN_POINT('',(0.828183576767948,0.,-0.0012955578822102));
#3930=CARTESIAN_POINT('',(0.828421724978594,0.616894,-0.00190125908671883));
#3931=CARTESIAN_POINT('',(0.828311790544396,0.616894,-0.00159714678603632));
#3932=CARTESIAN_POINT('',(0.828226130769539,0.616894,-0.00128415967335448));
#3933=CARTESIAN_POINT('',(0.828142962290922,0.,-0.00097308685101351));
#3934=CARTESIAN_POINT('',(0.828102347813896,0.,-0.000650615819816837));
#3935=CARTESIAN_POINT('',(0.828082,0.,-0.000324511839568574));
#3936=CARTESIAN_POINT('',(0.828082,0.,0.));
#3937=CARTESIAN_POINT('',(0.828168631855799,0.616894,-0.000965695753277604));
#3938=CARTESIAN_POINT('',(0.828111132942059,0.616894,-0.000647231833200749));
#3939=CARTESIAN_POINT('',(0.828082,0.616894,-0.000322636948244101));
#3940=CARTESIAN_POINT('',(0.828082,0.616894,0.));
#3941=ORIENTED_EDGE('',*,*,#3046,.T.);
#3942=ORIENTED_EDGE('',*,*,#3023,.T.);
#3943=ORIENTED_EDGE('',*,*,#2886,.T.);
#3944=ORIENTED_EDGE('',*,*,#2863,.T.);
#3945=EDGE_LOOP('',(#3941, #3942, #3943, #3944));
#3946=FACE_OUTER_BOUND('',#3945,.T.);
#3947=ADVANCED_FACE('',(#3946),#3716,.T.);
#3948=B_SPLINE_SURFACE_WITH_KNOTS('Surf_UVXOMYLYKZ, WING, 0, 3',1,3,((#3949, #3950, #3951, #3955, #3956, #3957, #3961, #3962, #3963, #3967, #3968, #3969, #3973, #3974, #3975, #3979, #3980, #3981, #3985, #3986, #3987, #3991, #3992, #3993, #3997, #3998, #3999, #4003, #4004, #4005, #4009, #4010, #4011, #4015, #4016, #4017, #4021, #4022, #4023, #4027, #4028, #4029, #4033, #4034, #4035, #4039, #4040, #4041, #4045, #4046, #4047, #4051, #4052, #4053, #4057, #4058, #4059, #4063, #4064, #4065, #4069, #4070, #4071, #4075, #4076, #4077, #4081, #4082, #4083, #4087, #4088, #4089, #4093, #4094, #4095, #4099, #4100, #4101, #4105, #4106, #4107, #4111, #4112, #4113, #4117, #4118, #4119, #4123, #4124, #4125, #4129, #4130, #4131, #4135, #4136, #4137, #4141, #4142, #4143, #4147, #4148, #4149, #4153, #4154, #4155, #4159, #4160, #4161, #4165, #4166, #4167, #4168),(#3952, #3953, #3954, #3958, #3959, #3960, #3964, #3965, #3966, #3970, #3971, #3972, #3976, #3977, #3978, #3982, #3983, #3984, #3988, #3989, #3990, #3994, #3995, #3996, #4000, #4001, #4002, #4006, #4007, #4008, #4012, #4013, #4014, #4018, #4019, #4020, #4024, #4025, #4026, #4030, #4031, #4032, #4036, #4037, #4038, #4042, #4043, #4044, #4048, #4049, #4050, #4054, #4055, #4056, #4060, #4061, #4062, #4066, #4067, #4068, #4072, #4073, #4074, #4078, #4079, #4080, #4084, #4085, #4086, #4090, #4091, #4092, #4096, #4097, #4098, #4102, #4103, #4104, #4108, #4109, #4110, #4114, #4115, #4116, #4120, #4121, #4122, #4126, #4127, #4128, #4132, #4133, #4134, #4138, #4139, #4140, #4144, #4145, #4146, #4150, #4151, #4152, #4156, #4157, #4158, #4162, #4163, #4164, #4169, #4170, #4171, #4172)),.UNSPECIFIED.,.F.,.F.,.F.,(2,2),(4,3,3,3,3,3,3,3,3,3,3,3,3,3,3,3,3,3,3,3,3,3,3,3,3,3,3,3,3,3,3,3,3,3,3,3,3,4),(0.,1.),(0.,1.,2.,3.,4.,5.,6.,7.,8.,9.,10.,11.,12.,13.,14.,15.,16.,17.,18.,19.,20.,21.,22.,23.,24.,25.,26.,27.,28.,29.,30.,31.,32.,33.,34.,35.,36.,37.),.PIECEWISE_BEZIER_KNOTS.);
#3949=CARTESIAN_POINT('',(0.828082,0.,0.));
#3950=CARTESIAN_POINT('',(0.828082,0.,0.000324511839568574));
#3951=CARTESIAN_POINT('',(0.828102347813896,0.,0.000650615819816808));
#3952=CARTESIAN_POINT('',(0.828082,0.616894,0.));
#3953=CARTESIAN_POINT('',(0.828082,0.616894,0.000322636948244101));
#3954=CARTESIAN_POINT('',(0.828111132942059,0.616894,0.000647231833200781));
#3955=CARTESIAN_POINT('',(0.828142962290922,0.,0.000973086851013444));
#3956=CARTESIAN_POINT('',(0.828183576767948,0.,0.00129555788221012));
#3957=CARTESIAN_POINT('',(0.828244510575154,0.,0.00161565848889207));
#3958=CARTESIAN_POINT('',(0.828168631855799,0.616894,0.000965695753277535));
#3959=CARTESIAN_POINT('',(0.828226130769539,0.616894,0.00128415967335432));
#3960=CARTESIAN_POINT('',(0.828311790544396,0.616894,0.00159714678603636));
#3961=CARTESIAN_POINT('',(0.828324400365999,0.,0.00193072751125188));
#3962=CARTESIAN_POINT('',(0.828484179947689,0.,0.00256086555597142));
#3963=CARTESIAN_POINT('',(0.828720648537074,0.,0.00317093511086582));
#3964=CARTESIAN_POINT('',(0.828421724978594,0.616894,0.00190125908671882));
#3965=CARTESIAN_POINT('',(0.82864159384699,0.616894,0.00250948368808368));
#3966=CARTESIAN_POINT('',(0.8289583257192,0.616894,0.00308054303880049));
#3967=CARTESIAN_POINT('',(0.829014701346728,0.,0.00375064547913621));
#3968=CARTESIAN_POINT('',(0.829308754156383,0.,0.0043303558474066));
#3969=CARTESIAN_POINT('',(0.829660555070553,0.,0.00488025128510176));
#3970=CARTESIAN_POINT('',(0.829332819016065,0.616894,0.0036080032145627));
#3971=CARTESIAN_POINT('',(0.82970731231293,0.616894,0.00413546339032492));
#3972=CARTESIAN_POINT('',(0.830138911596501,0.616894,0.0046208891347608));
#3973=CARTESIAN_POINT('',(0.83005120958511,0.,0.00539993380839991));
#3974=CARTESIAN_POINT('',(0.830441864099667,0.,0.00591961633169806));
#3975=CARTESIAN_POINT('',(0.830871401982527,0.,0.00640948856623104));
#3976=CARTESIAN_POINT('',(0.830603061873163,0.616894,0.00507154138538783));
#3977=CARTESIAN_POINT('',(0.831067212149824,0.616894,0.00552219363601487));
#3978=CARTESIAN_POINT('',(0.831563870207721,0.616894,0.00593858461626806));
#3979=CARTESIAN_POINT('',(0.831327344804198,0.,0.00687304772676464));
#3980=CARTESIAN_POINT('',(0.831783287625869,0.,0.00733660688729823));
#3981=CARTESIAN_POINT('',(0.832264992547661,0.,0.00777432101622152));
#3982=CARTESIAN_POINT('',(0.832079457640181,0.616894,0.00632905104680625));
#3983=CARTESIAN_POINT('',(0.83259504507264,0.616894,0.00671951747734443));
#3984=CARTESIAN_POINT('',(0.83313069107505,0.616894,0.00708343166407136));
#3985=CARTESIAN_POINT('',(0.832764841343511,0.,0.00819007718278817));
#3986=CARTESIAN_POINT('',(0.833264690139361,0.,0.00860583334935485));
#3987=CARTESIAN_POINT('',(0.833782245694115,0.,0.00900002005757253));
#3988=CARTESIAN_POINT('',(0.833678679896313,0.616894,0.00742720661166632));
#3989=CARTESIAN_POINT('',(0.834226668717576,0.616894,0.0077709815592613));
#3990=CARTESIAN_POINT('',(0.834786998417607,0.616894,0.00809473700926433));
#3991=CARTESIAN_POINT('',(0.834312788675482,0.,0.00937589564928618));
#3992=CARTESIAN_POINT('',(0.835373874638216,0.,0.0101276468327134));
#3993=CARTESIAN_POINT('',(0.836484500755449,0.,0.01080779825697));
#3994=CARTESIAN_POINT('',(0.835355978587251,0.616894,0.00840245468470181));
#3995=CARTESIAN_POINT('',(0.836493938926537,0.616894,0.00901789003557674));
#3996=CARTESIAN_POINT('',(0.837665584341007,0.616894,0.00956980453742391));
#3997=CARTESIAN_POINT('',(0.837621219868647,0.,0.011438709637394));
#3998=CARTESIAN_POINT('',(0.838189579425246,0.,0.011754165327606));
#3999=CARTESIAN_POINT('',(0.838765385463369,0.,0.0120564523760779));
#4000=CARTESIAN_POINT('',(0.838853822367965,0.616894,0.0100810327823885));
#4001=CARTESIAN_POINT('',(0.839447941381444,0.616894,0.0103366469048708));
#4002=CARTESIAN_POINT('',(0.840046976816095,0.616894,0.0105810744905323));
#4003=CARTESIAN_POINT('',(0.839346578804306,0.,0.0123478739488944));
#4004=CARTESIAN_POINT('',(0.839927772145244,0.,0.012639295521711));
#4005=CARTESIAN_POINT('',(0.840514148600697,0.,0.0129201706032849));
#4006=CARTESIAN_POINT('',(0.840649425047426,0.616894,0.0108166037025543));
#4007=CARTESIAN_POINT('',(0.841251873278758,0.616894,0.0110521329145763));
#4008=CARTESIAN_POINT('',(0.841857698918961,0.616894,0.0112789027937987));
#4009=CARTESIAN_POINT('',(0.84110509971864,0.,0.0131912768793488));
#4010=CARTESIAN_POINT('',(0.842287001954527,0.,0.0137334894314765));
#4011=CARTESIAN_POINT('',(0.843485324453514,0.,0.0142390843694181));
#4012=CARTESIAN_POINT('',(0.842466470820134,0.616894,0.0114976116932319));
#4013=CARTESIAN_POINT('',(0.84368401462248,0.616894,0.0119350294920985));
#4014=CARTESIAN_POINT('',(0.844912057749578,0.616894,0.0123425922890754));
#4015=CARTESIAN_POINT('',(0.844695433735188,0.,0.0147149563831194));
#4016=CARTESIAN_POINT('',(0.845905543016861,0.,0.0151908283968207));
#4017=CARTESIAN_POINT('',(0.84712652039251,0.,0.0156383093033202));
#4018=CARTESIAN_POINT('',(0.846147687032475,0.616894,0.0127258778028946));
#4019=CARTESIAN_POINT('',(0.847383316315371,0.616894,0.0131091633167138));
#4020=CARTESIAN_POINT('',(0.848626281139684,0.616894,0.0134687027926286));
#4021=CARTESIAN_POINT('',(0.848355746048285,0.,0.0160621266746807));
#4022=CARTESIAN_POINT('',(0.849584971704059,0.,0.0164859440460411));
#4023=CARTESIAN_POINT('',(0.850822445639958,0.,0.0168860978822625));
#4024=CARTESIAN_POINT('',(0.849873926565416,0.616894,0.0138104002786101));
#4025=CARTESIAN_POINT('',(0.851121571991149,0.616894,0.0141520977645916));
#4026=CARTESIAN_POINT('',(0.85237469325787,0.616894,0.0144741554315549));
#4027=CARTESIAN_POINT('',(0.852065548042132,0.,0.0172673157554075));
#4028=CARTESIAN_POINT('',(0.854551752846481,0.,0.0180297515016976));
#4029=CARTESIAN_POINT('',(0.857061043685611,0.,0.0187157622912454));
#4030=CARTESIAN_POINT('',(0.853631545062201,0.616894,0.0147807126668696));
#4031=CARTESIAN_POINT('',(0.856145248670862,0.616894,0.0153938271374989));
#4032=CARTESIAN_POINT('',(0.85867341887184,0.616894,0.0159463390363902));
#4033=CARTESIAN_POINT('',(0.859584008331981,0.,0.019345907474628));
#4034=CARTESIAN_POINT('',(0.862106972978351,0.,0.0199760526580107));
#4035=CARTESIAN_POINT('',(0.864643919805788,0.,0.0205499165315313));
#4036=CARTESIAN_POINT('',(0.861210690916618,0.616894,0.016453121818751));
#4037=CARTESIAN_POINT('',(0.863747962961395,0.616894,0.0169599046011118));
#4038=CARTESIAN_POINT('',(0.86629374475421,0.616894,0.0174228492626663));
#4039=CARTESIAN_POINT('',(0.867189602960402,0.,0.0210807033692667));
#4040=CARTESIAN_POINT('',(0.869735286115016,0.,0.0216114902070021));
#4041=CARTESIAN_POINT('',(0.872290296316814,0.,0.0220977934404158));
#4042=CARTESIAN_POINT('',(0.868845727408635,0.616894,0.0178494192180398));
#4043=CARTESIAN_POINT('',(0.87139771006306,0.616894,0.0182759891734133));
#4044=CARTESIAN_POINT('',(0.873955306526729,0.616894,0.0186681667404597));
#4045=CARTESIAN_POINT('',(0.874851281509232,0.,0.0225492549357172));
#4046=CARTESIAN_POINT('',(0.876131774105441,0.,0.022774985683368));
#4047=CARTESIAN_POINT('',(0.87741379129654,0.,0.0229919268685894));
#4048=CARTESIAN_POINT('',(0.876516915825777,0.616894,0.0190317736782403));
#4049=CARTESIAN_POINT('',(0.877797720475301,0.616894,0.0192135771471306));
#4050=CARTESIAN_POINT('',(0.879079715033104,0.616894,0.0193875338116245));
#4051=CARTESIAN_POINT('',(0.878697138944564,0.,0.0232007044244072));
#4052=CARTESIAN_POINT('',(0.879980486592589,0.,0.023409481980225));
#4053=CARTESIAN_POINT('',(0.88126516469754,0.,0.0236100959066392));
#4054=CARTESIAN_POINT('',(0.880362420630688,0.616894,0.0195555117497842));
#4055=CARTESIAN_POINT('',(0.881645126228273,0.616894,0.0197234896879439));
#4056=CARTESIAN_POINT('',(0.882928624510521,0.616894,0.0198851443956449));
#4057=CARTESIAN_POINT('',(0.882550979121454,0.,0.0238031721366753));
#4058=CARTESIAN_POINT('',(0.88512260796928,0.,0.0241893245967475));
#4059=CARTESIAN_POINT('',(0.887698628889483,0.,0.0245459401296606));
#4060=CARTESIAN_POINT('',(0.884212974212424,0.616894,0.0200402792450656));
#4061=CARTESIAN_POINT('',(0.88678167361623,0.616894,0.0203505489439072));
#4062=CARTESIAN_POINT('',(0.889353135493411,0.616894,0.0206372450405693));
#4063=CARTESIAN_POINT('',(0.890278082013957,0.,0.0248762884709665));
#4064=CARTESIAN_POINT('',(0.892857535138432,0.,0.0252066368122724));
#4065=CARTESIAN_POINT('',(0.895439974978491,0.,0.0255124299243814));
#4066=CARTESIAN_POINT('',(0.891926749522149,0.616894,0.0209031916987724));
#4067=CARTESIAN_POINT('',(0.894500363550887,0.616894,0.0211691383569755));
#4068=CARTESIAN_POINT('',(0.897076129731182,0.616894,0.0214143355767195));
#4069=CARTESIAN_POINT('',(0.89802510226409,0.,0.0257948678859273));
#4070=CARTESIAN_POINT('',(0.903195356835286,0.,0.0263597438090191));
#4071=CARTESIAN_POINT('',(0.908374707137631,0.,0.0268375512436521));
#4072=CARTESIAN_POINT('',(0.899653437741219,0.616894,0.0216416075217248));
#4073=CARTESIAN_POINT('',(0.904808053761292,0.616894,0.0220961514117355));
#4074=CARTESIAN_POINT('',(0.909969017033738,0.616894,0.0224780290685939));
#4075=CARTESIAN_POINT('',(0.91355990822359,0.,0.0272426245624327));
#4076=CARTESIAN_POINT('',(0.923930310395509,0.,0.0280527711999938));
#4077=CARTESIAN_POINT('',(0.934321265835559,0.,0.0285836901988019));
#4078=CARTESIAN_POINT('',(0.915133449292334,0.616894,0.0228028734900236));
#4079=CARTESIAN_POINT('',(0.925462313809527,0.616894,0.0234525623328831));
#4080=CARTESIAN_POINT('',(0.935804986499888,0.616894,0.0238732847908485));
#4081=CARTESIAN_POINT('',(0.944717493410799,0.,0.0289202585143859));
#4082=CARTESIAN_POINT('',(0.947316550304609,0.,0.0290044005932818));
#4083=CARTESIAN_POINT('',(0.949916017239384,0.,0.0290760054263706));
#4084=CARTESIAN_POINT('',(0.946150701120676,0.616894,0.0241379178324456));
#4085=CARTESIAN_POINT('',(0.948737129775873,0.616894,0.0242040760928449));
#4086=CARTESIAN_POINT('',(0.95132393061751,0.616894,0.0242591485605297));
#4087=CARTESIAN_POINT('',(0.952515768053761,0.,0.0291359373890501));
#4088=CARTESIAN_POINT('',(0.955115518868139,0.,0.0291958693517296));
#4089=CARTESIAN_POINT('',(0.957715553562119,0.,0.029244128444));
#4090=CARTESIAN_POINT('',(0.953910842183612,0.616894,0.0243053119993336));
#4091=CARTESIAN_POINT('',(0.956497753749715,0.616894,0.0243514754381375));
#4092=CARTESIAN_POINT('',(0.959084755820575,0.616894,0.0243888718982213));
#4093=CARTESIAN_POINT('',(0.960315745974342,0.,0.0292815790412592));
#4094=CARTESIAN_POINT('',(0.965516130798787,0.,0.0293564802357777));
#4095=CARTESIAN_POINT('',(0.970717033938195,0.,0.0293892272742138));
#4096=CARTESIAN_POINT('',(0.961671937970704,0.616894,0.024416759940481));
#4097=CARTESIAN_POINT('',(0.966846302270962,0.616894,0.0244725360250004));
#4098=CARTESIAN_POINT('',(0.972020949073907,0.616894,0.0244941592326624));
#4099=CARTESIAN_POINT('',(0.975917972856273,0.,0.0293837789175456));
#4100=CARTESIAN_POINT('',(0.978518442315312,0.,0.0293810547392115));
#4101=CARTESIAN_POINT('',(0.981118813916459,0.,0.0293698074526388));
#4102=CARTESIAN_POINT('',(0.977195583685889,0.616894,0.024484761539877));
#4103=CARTESIAN_POINT('',(0.97978290099188,0.616894,0.0244800626934843));
#4104=CARTESIAN_POINT('',(0.982370191701888,0.616894,0.0244678036754743));
#4105=CARTESIAN_POINT('',(0.983719178549251,0.,0.029349117073821));
#4106=CARTESIAN_POINT('',(0.986319543182043,0.,0.0293284266950033));
#4107=CARTESIAN_POINT('',(0.988919882974722,0.,0.0292985054901695));
#4108=CARTESIAN_POINT('',(0.98495742635046,0.616894,0.0244483962235492));
#4109=CARTESIAN_POINT('',(0.987544660999032,0.616894,0.0244289887716241));
#4110=CARTESIAN_POINT('',(0.990131839586167,0.616894,0.0244024328857839));
#4111=CARTESIAN_POINT('',(0.991520045597939,0.,0.0292609626052609));
#4112=CARTESIAN_POINT('',(0.996720370844372,0.,0.0291858768354436));
#4113=CARTESIAN_POINT('',(1.00192026633709,0.,0.0290769754624495));
#4114=CARTESIAN_POINT('',(0.992718932646411,0.616894,0.0243691403037307));
#4115=CARTESIAN_POINT('',(0.9978931187669,0.616894,0.0243025551396244));
#4116=CARTESIAN_POINT('',(1.00306696277983,0.616894,0.0242090231906663));
#4117=CARTESIAN_POINT('',(1.00711928330971,0.,0.0289401891816833));
#4118=CARTESIAN_POINT('',(1.01231830028234,0.,0.0288034029009171));
#4119=CARTESIAN_POINT('',(1.01751663778723,0.,0.0286360099587308));
#4120=CARTESIAN_POINT('',(1.00824022896156,0.616894,0.0240918383584735));
#4121=CARTESIAN_POINT('',(1.01341349514329,0.616894,0.0239746535262807));
#4122=CARTESIAN_POINT('',(1.01858624893959,0.616894,0.0238330591741463));
#4123=CARTESIAN_POINT('',(1.02271393288689,0.,0.0284433894333466));
#4124=CARTESIAN_POINT('',(1.02791122798655,0.,0.0282507689079623));
#4125=CARTESIAN_POINT('',(1.03310757185309,0.,0.0280318490405803));
#4126=CARTESIAN_POINT('',(1.02375830425422,0.616894,0.0236702585964605));
#4127=CARTESIAN_POINT('',(1.02893035956885,0.616894,0.0235074580187747));
#4128=CARTESIAN_POINT('',(1.03410173645497,0.616894,0.0233234991480593));
#4129=CARTESIAN_POINT('',(1.0383028051167,0.,0.0277894862735548));
#4130=CARTESIAN_POINT('',(1.04869327164392,0.,0.0273047607395037));
#4131=CARTESIAN_POINT('',(1.05907930703179,0.,0.0267274908180217));
#4132=CARTESIAN_POINT('',(1.0392723578443,0.616894,0.0231199764642137));
#4133=CARTESIAN_POINT('',(1.04961360062295,0.616894,0.0227129310965225));
#4134=CARTESIAN_POINT('',(1.05995176318964,0.616894,0.0222303510316279));
#4135=CARTESIAN_POINT('',(1.06946047898237,0.,0.0260730262540827));
#4136=CARTESIAN_POINT('',(1.07984165093295,0.,0.0254185616901437));
#4137=CARTESIAN_POINT('',(1.09021796629669,0.,0.0246891269363847));
#4138=CARTESIAN_POINT('',(1.07028658082969,0.616894,0.0216839845897855));
#4139=CARTESIAN_POINT('',(1.08062139846974,0.616894,0.0211376181479432));
#4140=CARTESIAN_POINT('',(1.09095283919175,0.616894,0.0205296646742523));
#4141=CARTESIAN_POINT('',(1.10058938315076,0.,0.023895085977093));
#4142=CARTESIAN_POINT('',(1.11096080000483,0.,0.0231010450178014));
#4143=CARTESIAN_POINT('',(1.12132733343064,0.,0.0222443860737555));
#4144=CARTESIAN_POINT('',(1.10128092947307,0.616894,0.0198687844883327));
#4145=CARTESIAN_POINT('',(1.11160901975438,0.616894,0.0192079043024131));
#4146=CARTESIAN_POINT('',(1.12193375959502,0.616894,0.0184940974042647));
#4147=CARTESIAN_POINT('',(1.13168907937017,0.,0.021333069488545));
#4148=CARTESIAN_POINT('',(1.1420508253097,0.,0.0204217529033344));
#4149=CARTESIAN_POINT('',(1.15240779544457,0.,0.0194564315695069));
#4150=CARTESIAN_POINT('',(1.1322551754723,0.616894,0.0177360241135074));
#4151=CARTESIAN_POINT('',(1.14257659134959,0.616894,0.01697795082275));
#4152=CARTESIAN_POINT('',(1.15289472438472,0.616894,0.0161757239834819));
#4153=CARTESIAN_POINT('',(1.16276010417251,0.,0.0184438253278017));
#4154=CARTESIAN_POINT('',(1.17311241290045,0.,0.0174312190860965));
#4155=CARTESIAN_POINT('',(1.18346005466038,0.,0.0163707078130837));
#4156=CARTESIAN_POINT('',(1.16320961903622,0.616894,0.0153336349282946));
#4157=CARTESIAN_POINT('',(1.17352451368771,0.616894,0.0144915458731073));
#4158=CARTESIAN_POINT('',(1.18383616995558,0.616894,0.0136095946020009));
#4159=CARTESIAN_POINT('',(1.19380306377256,0.,0.0152669532244562));
#4160=CARTESIAN_POINT('',(1.21448908199693,0.,0.0130594440472012));
#4161=CARTESIAN_POINT('',(1.23515676300072,0.,0.0106806983131787));
#4162=CARTESIAN_POINT('',(1.19414463229837,0.616894,0.0126920724475669));
#4163=CARTESIAN_POINT('',(1.21476155698393,0.616894,0.0108570281386991));
#4164=CARTESIAN_POINT('',(1.23536578751945,0.616894,0.00887981912437284));
#4165=CARTESIAN_POINT('',(1.25580431301332,0.,0.00813854038532959));
#4166=CARTESIAN_POINT('',(1.27645186302592,0.,0.00559638245748047));
#4167=CARTESIAN_POINT('',(1.29707935184952,0.,0.00289061546884253));
#4168=CARTESIAN_POINT('',(1.317681,0.,0.));
#4169=CARTESIAN_POINT('',(1.25595604519184,0.616894,0.00676654655157401));
#4170=CARTESIAN_POINT('',(1.27654630286422,0.616894,0.00465327397877517));
#4171=CARTESIAN_POINT('',(1.29712263843714,0.616894,0.00240378492471037));
#4172=CARTESIAN_POINT('',(1.317681,0.616894,0.));
#4173=ORIENTED_EDGE('',*,*,#2886,.F.);
#4174=ORIENTED_EDGE('',*,*,#2732,.T.);
#4175=ORIENTED_EDGE('',*,*,#3046,.F.);
#4176=ORIENTED_EDGE('',*,*,#2595,.T.);
#4177=EDGE_LOOP('',(#4173, #4174, #4175, #4176));
#4178=FACE_OUTER_BOUND('',#4177,.T.);
#4179=ADVANCED_FACE('',(#4178),#3948,.T.);
#4180=B_SPLINE_SURFACE_WITH_KNOTS('Surf_UVXOMYLYKZ, WING, 0, 4',1,3,((#4181, #4182, #4183, #4187, #4188, #4189, #4193, #4194, #4195, #4199, #4200, #4201, #4205, #4206, #4207, #4211, #4212, #4213, #4217, #4218, #4219, #4223, #4224, #4225, #4229, #4230, #4231, #4235, #4236, #4237, #4241, #4242, #4243, #4247, #4248, #4249, #4253, #4254, #4255, #4259, #4260, #4261, #4265, #4266, #4267, #4271, #4272, #4273, #4277, #4278, #4279, #4283, #4284, #4285, #4289, #4290, #4291, #4295, #4296, #4297, #4301, #4302, #4303, #4307, #4308, #4309, #4313, #4314, #4315, #4319, #4320, #4321, #4325, #4326, #4327, #4331, #4332, #4333, #4337, #4338, #4339, #4343, #4344, #4345, #4349, #4350, #4351, #4355, #4356, #4357, #4361, #4362, #4363, #4367, #4368, #4369, #4373, #4374, #4375, #4379, #4380, #4381, #4385, #4386, #4387, #4391, #4392, #4393, #4397, #4398, #4399, #4400),(#4184, #4185, #4186, #4190, #4191, #4192, #4196, #4197, #4198, #4202, #4203, #4204, #4208, #4209, #4210, #4214, #4215, #4216, #4220, #4221, #4222, #4226, #4227, #4228, #4232, #4233, #4234, #4238, #4239, #4240, #4244, #4245, #4246, #4250, #4251, #4252, #4256, #4257, #4258, #4262, #4263, #4264, #4268, #4269, #4270, #4274, #4275, #4276, #4280, #4281, #4282, #4286, #4287, #4288, #4292, #4293, #4294, #4298, #4299, #4300, #4304, #4305, #4306, #4310, #4311, #4312, #4316, #4317, #4318, #4322, #4323, #4324, #4328, #4329, #4330, #4334, #4335, #4336, #4340, #4341, #4342, #4346, #4347, #4348, #4352, #4353, #4354, #4358, #4359, #4360, #4364, #4365, #4366, #4370, #4371, #4372, #4376, #4377, #4378, #4382, #4383, #4384, #4388, #4389, #4390, #4394, #4395, #4396, #4401, #4402, #4403, #4404)),.UNSPECIFIED.,.F.,.F.,.F.,(2,2),(4,3,3,3,3,3,3,3,3,3,3,3,3,3,3,3,3,3,3,3,3,3,3,3,3,3,3,3,3,3,3,3,3,3,3,3,3,4),(0.,1.),(0.,1.,2.,3.,4.,5.,6.,7.,8.,9.,10.,11.,12.,13.,14.,15.,16.,17.,18.,19.,20.,21.,22.,23.,24.,25.,26.,27.,28.,29.,30.,31.,32.,33.,34.,35.,36.,37.),.PIECEWISE_BEZIER_KNOTS.);
#4181=CARTESIAN_POINT('',(1.317681,0.616894,0.));
#4182=CARTESIAN_POINT('',(1.29712263843714,0.616894,-0.00240378492470988));
#4183=CARTESIAN_POINT('',(1.27654630286422,0.616894,-0.00465327397877509));
#4184=CARTESIAN_POINT('',(1.64307618886544,2.379449,0.));
#4185=CARTESIAN_POINT('',(1.62868534836849,2.379449,-0.00168264797438648));
#4186=CARTESIAN_POINT('',(1.61428192607553,2.379449,-0.00325728893386592));
#4187=CARTESIAN_POINT('',(1.25595604519184,0.616894,-0.00676654655157397));
#4188=CARTESIAN_POINT('',(1.23536578751945,0.616894,-0.00887981912437285));
#4189=CARTESIAN_POINT('',(1.21476155698394,0.616894,-0.0108570281386991));
#4190=CARTESIAN_POINT('',(1.59986875832146,2.379449,-0.00473657843992508));
#4191=CARTESIAN_POINT('',(1.5854555905674,2.379449,-0.00621586794598425));
#4192=CARTESIAN_POINT('',(1.57103264181771,2.379449,-0.007599913044485));
#4193=CARTESIAN_POINT('',(1.19414463229837,0.616894,-0.0126920724475669));
#4194=CARTESIAN_POINT('',(1.18383616995558,0.616894,-0.0136095946020008));
#4195=CARTESIAN_POINT('',(1.17352451368771,0.616894,-0.0144915458731073));
#4196=CARTESIAN_POINT('',(1.55660080717075,2.379449,-0.00888444293627578));
#4197=CARTESIAN_POINT('',(1.54938488984728,2.379449,-0.00952670788217118));
#4198=CARTESIAN_POINT('',(1.5421667367782,2.379449,-0.0101440732315333));
#4199=CARTESIAN_POINT('',(1.16320961903622,0.616894,-0.0153336349282946));
#4200=CARTESIAN_POINT('',(1.15289472438472,0.616894,-0.0161757239834819));
#4201=CARTESIAN_POINT('',(1.14257659134959,0.616894,-0.01697795082275));
#4202=CARTESIAN_POINT('',(1.53494631684256,2.379449,-0.0107335350541774));
#4203=CARTESIAN_POINT('',(1.52772589690693,2.379449,-0.0113229968768215));
#4204=CARTESIAN_POINT('',(1.52050321010474,2.379449,-0.0118845551727476));
#4205=CARTESIAN_POINT('',(1.1322551754723,0.616894,-0.0177360241135074));
#4206=CARTESIAN_POINT('',(1.12193375959502,0.616894,-0.0184940974042647));
#4207=CARTESIAN_POINT('',(1.11160901975439,0.616894,-0.0192079043024131));
#4208=CARTESIAN_POINT('',(1.51327822531505,2.379449,-0.0124152060117711));
#4209=CARTESIAN_POINT('',(1.50605324052536,2.379449,-0.0129458568507946));
#4210=CARTESIAN_POINT('',(1.49882592896336,2.379449,-0.0134455212421159));
#4211=CARTESIAN_POINT('',(1.10128092947307,0.616894,-0.0198687844883327));
#4212=CARTESIAN_POINT('',(1.09095283919175,0.616894,-0.0205296646742523));
#4213=CARTESIAN_POINT('',(1.08062139846974,0.616894,-0.0211376181479431));
#4214=CARTESIAN_POINT('',(1.49159627209494,2.379449,-0.0139081369673077));
#4215=CARTESIAN_POINT('',(1.48436661522651,2.379449,-0.0143707526924995));
#4216=CARTESIAN_POINT('',(1.47713461305166,2.379449,-0.0147963197515618));
#4217=CARTESIAN_POINT('',(1.07028658082969,0.616894,-0.0216839845897855));
#4218=CARTESIAN_POINT('',(1.05995176318964,0.616894,-0.0222303510316279));
#4219=CARTESIAN_POINT('',(1.04961360062295,0.616894,-0.0227129310965225));
#4220=CARTESIAN_POINT('',(1.46990024703625,2.379449,-0.0151787759260675));
#4221=CARTESIAN_POINT('',(1.46266588102084,2.379449,-0.0155612321005731));
#4222=CARTESIAN_POINT('',(1.45542917355882,2.379449,-0.0158990378503002));
#4223=CARTESIAN_POINT('',(1.0392723578443,0.616894,-0.0231199764642137));
#4224=CARTESIAN_POINT('',(1.03410173645497,0.616894,-0.0233234991480593));
#4225=CARTESIAN_POINT('',(1.02893035956885,0.616894,-0.0235074580187747));
#4226=CARTESIAN_POINT('',(1.44819030995033,2.379449,-0.0161839693582684));
#4227=CARTESIAN_POINT('',(1.44457087814608,2.379449,-0.0163264351122525));
#4228=CARTESIAN_POINT('',(1.44095091749453,2.379449,-0.0164552062090332));
#4229=CARTESIAN_POINT('',(1.02375830425422,0.616894,-0.0236702585964605));
#4230=CARTESIAN_POINT('',(1.01858624893959,0.616894,-0.0238330591741463));
#4231=CARTESIAN_POINT('',(1.01341349514329,0.616894,-0.0239746535262807));
#4232=CARTESIAN_POINT('',(1.43733048194345,2.379449,-0.0165691665136578));
#4233=CARTESIAN_POINT('',(1.43371004639237,2.379449,-0.0166831268182824));
#4234=CARTESIAN_POINT('',(1.43008912190454,2.379449,-0.0167822427780151));
#4235=CARTESIAN_POINT('',(1.00824022896156,0.616894,-0.0240918383584735));
#4236=CARTESIAN_POINT('',(1.00306696277983,0.616894,-0.0242090231906663));
#4237=CARTESIAN_POINT('',(0.9978931187669,0.616894,-0.0243025551396244));
#4238=CARTESIAN_POINT('',(1.42646783874723,2.379449,-0.0168642720887454));
#4239=CARTESIAN_POINT('',(1.42284655558992,2.379449,-0.0169463013994758));
#4240=CARTESIAN_POINT('',(1.41922486795112,2.379449,-0.0170117737064351));
#4241=CARTESIAN_POINT('',(0.992718932646411,0.616894,-0.0243691403037307));
#4242=CARTESIAN_POINT('',(0.990131839586167,0.616894,-0.0244024328857839));
#4243=CARTESIAN_POINT('',(0.987544660999032,0.616894,-0.0244289887716241));
#4244=CARTESIAN_POINT('',(1.41560294083725,2.379449,-0.0170583832805098));
#4245=CARTESIAN_POINT('',(1.41379197728031,2.379449,-0.0170816880675471));
#4246=CARTESIAN_POINT('',(1.4119809538546,2.379449,-0.0171002771713632));
#4247=CARTESIAN_POINT('',(0.98495742635046,0.616894,-0.0244483962235492));
#4248=CARTESIAN_POINT('',(0.982370191701889,0.616894,-0.0244678036754743));
#4249=CARTESIAN_POINT('',(0.97978290099188,0.616894,-0.0244800626934843));
#4250=CARTESIAN_POINT('',(1.41016989118591,2.379449,-0.0171138623758189));
#4251=CARTESIAN_POINT('',(1.40835882851723,2.379449,-0.0171274475802746));
#4252=CARTESIAN_POINT('',(1.40654772660558,2.379449,-0.0171360288853699));
#4253=CARTESIAN_POINT('',(0.977195583685889,0.616894,-0.024484761539877));
#4254=CARTESIAN_POINT('',(0.972020949073907,0.616894,-0.0244941592326624));
#4255=CARTESIAN_POINT('',(0.966846302270962,0.616894,-0.0244725360250004));
#4256=CARTESIAN_POINT('',(1.40473660607676,2.379449,-0.0171393180749656));
#4257=CARTESIAN_POINT('',(1.40111436501911,2.379449,-0.017145896454157));
#4258=CARTESIAN_POINT('',(1.39749211542779,2.379449,-0.0171307602220432));
#4259=CARTESIAN_POINT('',(0.961671937970704,0.616894,-0.024416759940481));
#4260=CARTESIAN_POINT('',(0.959084755820575,0.616894,-0.0243888718982213));
#4261=CARTESIAN_POINT('',(0.956497753749715,0.616894,-0.0243514754381375));
#4262=CARTESIAN_POINT('',(1.39387006358818,2.379449,-0.0170917169970562));
#4263=CARTESIAN_POINT('',(1.39205903766838,2.379449,-0.0170721953845627));
#4264=CARTESIAN_POINT('',(1.39024813780395,2.379449,-0.0170460178854185));
#4265=CARTESIAN_POINT('',(0.953910842183613,0.616894,-0.0243053119993336));
#4266=CARTESIAN_POINT('',(0.95132393061751,0.616894,-0.0242591485605297));
#4267=CARTESIAN_POINT('',(0.948737129775873,0.616894,-0.0242040760928449));
#4268=CARTESIAN_POINT('',(1.3884373012928,2.379449,-0.0170137035065423));
#4269=CARTESIAN_POINT('',(1.38662646478165,2.379449,-0.0169813891276661));
#4270=CARTESIAN_POINT('',(1.38481570577756,2.379449,-0.0169428384340321));
#4271=CARTESIAN_POINT('',(0.946150701120676,0.616894,-0.0241379178324456));
#4272=CARTESIAN_POINT('',(0.935804986499888,0.616894,-0.0238732847908485));
#4273=CARTESIAN_POINT('',(0.925462313809527,0.616894,-0.0234525623328831));
#4274=CARTESIAN_POINT('',(1.38300520730375,2.379449,-0.0168965276922909));
#4275=CARTESIAN_POINT('',(1.37576321340849,2.379449,-0.0167112847253258));
#4276=CARTESIAN_POINT('',(1.36852334886267,2.379449,-0.0164167792625462));
#4277=CARTESIAN_POINT('',(0.915133449292335,0.616894,-0.0228028734900237));
#4278=CARTESIAN_POINT('',(0.909969017033738,0.616894,-0.0224780290685939));
#4279=CARTESIAN_POINT('',(0.904808053761292,0.616894,-0.0220961514117355));
#4280=CARTESIAN_POINT('',(1.36129315002961,2.379449,-0.0159619974706391));
#4281=CARTESIAN_POINT('',(1.35767805061308,2.379449,-0.0157346065746855));
#4282=CARTESIAN_POINT('',(1.35406537948473,2.379449,-0.0154672924488787));
#4283=CARTESIAN_POINT('',(0.899653437741219,0.616894,-0.0216416075217249));
#4284=CARTESIAN_POINT('',(0.897076129731182,0.616894,-0.0214143355767195));
#4285=CARTESIAN_POINT('',(0.894500363550887,0.616894,-0.0211691383569755));
#4286=CARTESIAN_POINT('',(1.35045715142915,2.379449,-0.0151491120043914));
#4287=CARTESIAN_POINT('',(1.34865303740136,2.379449,-0.0149900217821477));
#4288=CARTESIAN_POINT('',(1.34685000265345,2.379449,-0.0148183838785706));
#4289=CARTESIAN_POINT('',(0.891926749522149,0.616894,-0.0209031916987724));
#4290=CARTESIAN_POINT('',(0.889353135493411,0.616894,-0.0206372450405693));
#4291=CARTESIAN_POINT('',(0.88678167361623,0.616894,-0.0203505489439072));
#4292=CARTESIAN_POINT('',(1.3450484744103,2.379449,-0.0146322213807863));
#4293=CARTESIAN_POINT('',(1.34324694616716,2.379449,-0.014446058883002));
#4294=CARTESIAN_POINT('',(1.34144692442879,2.379449,-0.0142453717910104));
#4295=CARTESIAN_POINT('',(0.884212974212424,0.616894,-0.0200402792450656));
#4296=CARTESIAN_POINT('',(0.882928624510521,0.616894,-0.0198851443956449));
#4297=CARTESIAN_POINT('',(0.881645126228273,0.616894,-0.0197234896879439));
#4298=CARTESIAN_POINT('',(1.33964883642008,2.379449,-0.014028183191938));
#4299=CARTESIAN_POINT('',(1.33874979241573,2.379449,-0.0139195888924018));
#4300=CARTESIAN_POINT('',(1.33785134440462,2.379449,-0.0138064306960645));
#4301=CARTESIAN_POINT('',(0.880362420630688,0.616894,-0.0195555117497842));
#4302=CARTESIAN_POINT('',(0.879079715033104,0.616894,-0.0193875338116245));
#4303=CARTESIAN_POINT('',(0.877797720475301,0.616894,-0.0192135771471307));
#4304=CARTESIAN_POINT('',(1.33695345127228,2.379449,-0.0136888462422805));
#4305=CARTESIAN_POINT('',(1.33605555813995,2.379449,-0.0135712617884966));
#4306=CARTESIAN_POINT('',(1.33515816273502,2.379449,-0.0134494922299422));
#4307=CARTESIAN_POINT('',(0.876516915825777,0.616894,-0.0190317736782404));
#4308=CARTESIAN_POINT('',(0.87395530652673,0.616894,-0.0186681667404597));
#4309=CARTESIAN_POINT('',(0.87139771006306,0.616894,-0.0182759891734134));
#4310=CARTESIAN_POINT('',(1.33426160026516,2.379449,-0.0133222299131184));
#4311=CARTESIAN_POINT('',(1.33246847532545,2.379449,-0.0130677052794708));
#4312=CARTESIAN_POINT('',(1.33067815936804,2.379449,-0.0127931812228437));
#4313=CARTESIAN_POINT('',(0.868845727408635,0.616894,-0.0178494192180398));
#4314=CARTESIAN_POINT('',(0.866293744754211,0.616894,-0.0174228492626663));
#4315=CARTESIAN_POINT('',(0.863747962961395,0.616894,-0.0169599046011118));
#4316=CARTESIAN_POINT('',(1.32889177307366,2.379449,-0.0124945825154614));
#4317=CARTESIAN_POINT('',(1.32710538677928,2.379449,-0.0121959838080791));
#4318=CARTESIAN_POINT('',(1.32532334108423,2.379449,-0.0118719228286586));
#4319=CARTESIAN_POINT('',(0.861210690916618,0.616894,-0.016453121818751));
#4320=CARTESIAN_POINT('',(0.858673418871841,0.616894,-0.0159463390363903));
#4321=CARTESIAN_POINT('',(0.856145248670862,0.616894,-0.0153938271374989));
#4322=CARTESIAN_POINT('',(1.32354725220759,2.379449,-0.0115171751915354));
#4323=CARTESIAN_POINT('',(1.32177116333095,2.379449,-0.0111624275544122));
#4324=CARTESIAN_POINT('',(1.32000144573939,2.379449,-0.0107756695637379));
#4325=CARTESIAN_POINT('',(0.853631545062201,0.616894,-0.0147807126668696));
#4326=CARTESIAN_POINT('',(0.852374693257871,0.616894,-0.014474155431555));
#4327=CARTESIAN_POINT('',(0.851121571991149,0.616894,-0.0141520977645916));
#4328=CARTESIAN_POINT('',(1.31824185475359,2.379449,-0.010346489809981));
#4329=CARTESIAN_POINT('',(1.31736205926069,2.379449,-0.0101318999331026));
#4330=CARTESIAN_POINT('',(1.31648487514183,2.379449,-0.00990645976356788));
#4331=CARTESIAN_POINT('',(0.849873926565417,0.616894,-0.0138104002786101));
#4332=CARTESIAN_POINT('',(0.848626281139684,0.616894,-0.0134687027926287));
#4333=CARTESIAN_POINT('',(0.847383316315372,0.616894,-0.0131091633167139));
#4334=CARTESIAN_POINT('',(1.31561152410831,2.379449,-0.00966727173275474));
#4335=CARTESIAN_POINT('',(1.31473817307478,2.379449,-0.0094280837019416));
#4336=CARTESIAN_POINT('',(1.31386809845939,2.379449,-0.00917640628910775));
#4337=CARTESIAN_POINT('',(0.846147687032475,0.616894,-0.0127258778028946));
#4338=CARTESIAN_POINT('',(0.844912057749578,0.616894,-0.0123425922890754));
#4339=CARTESIAN_POINT('',(0.84368401462248,0.616894,-0.0119350294920984));
#4340=CARTESIAN_POINT('',(1.31300315871849,2.379449,-0.00890810666429107));
#4341=CARTESIAN_POINT('',(1.31213821897759,2.379449,-0.0086398070394744));
#4342=CARTESIAN_POINT('',(1.3112785895411,2.379449,-0.00835451333132316));
#4343=CARTESIAN_POINT('',(0.842466470820134,0.616894,-0.011497611693232));
#4344=CARTESIAN_POINT('',(0.841857698918961,0.616894,-0.0112789027937987));
#4345=CARTESIAN_POINT('',(0.841251873278758,0.616894,-0.0110521329145764));
#4346=CARTESIAN_POINT('',(1.3104263096255,2.379449,-0.00804832114014277));
#4347=CARTESIAN_POINT('',(1.3100001696677,2.379449,-0.00789522504455258));
#4348=CARTESIAN_POINT('',(1.30957609209078,2.379449,-0.00773648626804936));
#4349=CARTESIAN_POINT('',(0.840649425047426,0.616894,-0.0108166037025543));
#4350=CARTESIAN_POINT('',(0.840046976816095,0.616894,-0.0105810744905323));
#4351=CARTESIAN_POINT('',(0.839447941381444,0.616894,-0.0103366469048709));
#4352=CARTESIAN_POINT('',(1.30915437869799,2.379449,-0.00757161596395361));
#4353=CARTESIAN_POINT('',(1.30873266530521,2.379449,-0.00740674565985787));
#4354=CARTESIAN_POINT('',(1.30831334086801,2.379449,-0.00723564649966696));
#4355=CARTESIAN_POINT('',(0.838853822367965,0.616894,-0.0100810327823886));
#4356=CARTESIAN_POINT('',(0.837665584341007,0.616894,-0.00956980453742401));
#4357=CARTESIAN_POINT('',(0.836493938926537,0.616894,-0.00901789003557678));
#4358=CARTESIAN_POINT('',(1.30789745792262,2.379449,-0.00705671677055598));
#4359=CARTESIAN_POINT('',(1.30706569203184,2.379449,-0.00669885731233401));
#4360=CARTESIAN_POINT('',(1.30624554095963,2.379449,-0.00631251749922455));
#4361=CARTESIAN_POINT('',(0.835355978587251,0.616894,-0.00840245468470189));
#4362=CARTESIAN_POINT('',(0.834786998417608,0.616894,-0.00809473700926446));
#4363=CARTESIAN_POINT('',(0.834226668717576,0.616894,-0.00777098155926136));
#4364=CARTESIAN_POINT('',(1.30544896941941,2.379449,-0.00588171313071789));
#4365=CARTESIAN_POINT('',(1.3050506836493,2.379449,-0.00566631094646457));
#4366=CARTESIAN_POINT('',(1.30465845320262,2.379449,-0.00543968232984237));
#4367=CARTESIAN_POINT('',(0.833678679896313,0.616894,-0.00742720661166642));
#4368=CARTESIAN_POINT('',(0.83313069107505,0.616894,-0.00708343166407147));
#4369=CARTESIAN_POINT('',(0.83259504507264,0.616894,-0.00671951747734456));
#4370=CARTESIAN_POINT('',(1.30427486136351,2.379449,-0.00519904007717275));
#4371=CARTESIAN_POINT('',(1.30389126952441,2.379449,-0.00495839782450313));
#4372=CARTESIAN_POINT('',(1.30351631765093,2.379449,-0.00470365811678139));
#4373=CARTESIAN_POINT('',(0.832079457640181,0.616894,-0.00632905104680622));
#4374=CARTESIAN_POINT('',(0.831563870207721,0.616894,-0.00593858461626788));
#4375=CARTESIAN_POINT('',(0.831067212149824,0.616894,-0.00552219363601492));
#4376=CARTESIAN_POINT('',(1.30315540676414,2.379449,-0.00443033185466143));
#4377=CARTESIAN_POINT('',(1.30279449587734,2.379449,-0.00415700559254147));
#4378=CARTESIAN_POINT('',(1.30244683554114,2.379449,-0.00386553216150645));
#4379=CARTESIAN_POINT('',(0.830603061873163,0.616894,-0.00507154138538788));
#4380=CARTESIAN_POINT('',(0.830138911596501,0.616894,-0.00462088913476085));
#4381=CARTESIAN_POINT('',(0.82970731231293,0.616894,-0.00413546339032491));
#4382=CARTESIAN_POINT('',(1.30212193063188,2.379449,-0.00355007586220304));
#4383=CARTESIAN_POINT('',(1.30179702572262,2.379449,-0.00323461956289965));
#4384=CARTESIAN_POINT('',(1.30149490648858,2.379449,-0.00289482183923734));
#4385=CARTESIAN_POINT('',(0.829332819016065,0.616894,-0.0036080032145628));
#4386=CARTESIAN_POINT('',(0.8289583257192,0.616894,-0.00308054303880068));
#4387=CARTESIAN_POINT('',(0.82864159384699,0.616894,-0.00250948368808383));
#4388=CARTESIAN_POINT('',(1.30123276141025,2.379449,-0.00252560003940316));
#4389=CARTESIAN_POINT('',(1.30097061633191,2.379449,-0.00215637823956897));
#4390=CARTESIAN_POINT('',(1.30074890421544,2.379449,-0.00175663704398171));
#4391=CARTESIAN_POINT('',(0.828421724978594,0.616894,-0.00190125908671883));
#4392=CARTESIAN_POINT('',(0.828311790544396,0.616894,-0.00159714678603632));
#4393=CARTESIAN_POINT('',(0.828226130769539,0.616894,-0.00128415967335448));
#4394=CARTESIAN_POINT('',(1.30059499614229,2.379449,-0.00133088019571361));
#4395=CARTESIAN_POINT('',(1.30051804210571,2.379449,-0.00111800177157956));
#4396=CARTESIAN_POINT('',(1.3004580803158,2.379449,-0.000898910984483982));
#4397=CARTESIAN_POINT('',(0.828168631855799,0.616894,-0.000965695753277604));
#4398=CARTESIAN_POINT('',(0.828111132942059,0.616894,-0.000647231833200749));
#4399=CARTESIAN_POINT('',(0.828082,0.616894,-0.000322636948244101));
#4400=CARTESIAN_POINT('',(0.828082,0.616894,0.));
#4401=CARTESIAN_POINT('',(1.30041783111141,2.379449,-0.000675986435567775));
#4402=CARTESIAN_POINT('',(1.30037758190703,2.379449,-0.000453061886651581));
#4403=CARTESIAN_POINT('',(1.30035718886544,2.379449,-0.000225845666076258));
#4404=CARTESIAN_POINT('',(1.30035718886544,2.379449,0.));
#4405=ORIENTED_EDGE('',*,*,#3023,.F.);
#4406=ORIENTED_EDGE('',*,*,#2464,.T.);
#4407=ORIENTED_EDGE('',*,*,#2441,.T.);
#4408=ORIENTED_EDGE('',*,*,#2304,.T.);
#4409=EDGE_LOOP('',(#4405, #4406, #4407, #4408));
#4410=FACE_OUTER_BOUND('',#4409,.T.);
#4411=ADVANCED_FACE('',(#4410),#4180,.T.);
#4412=B_SPLINE_SURFACE_WITH_KNOTS('Surf_UVXOMYLYKZ, WING, 0, 5',1,3,((#4413, #4414, #4415, #4419, #4420, #4421, #4425, #4426, #4427, #4431, #4432, #4433, #4437, #4438, #4439, #4443, #4444, #4445, #4449, #4450, #4451, #4455, #4456, #4457, #4461, #4462, #4463, #4467, #4468, #4469, #4473, #4474, #4475, #4479, #4480, #4481, #4485, #4486, #4487, #4491, #4492, #4493, #4497, #4498, #4499, #4503, #4504, #4505, #4509, #4510, #4511, #4515, #4516, #4517, #4521, #4522, #4523, #4527, #4528, #4529, #4533, #4534, #4535, #4539, #4540, #4541, #4545, #4546, #4547, #4551, #4552, #4553, #4557, #4558, #4559, #4563, #4564, #4565, #4569, #4570, #4571, #4575, #4576, #4577, #4581, #4582, #4583, #4587, #4588, #4589, #4593, #4594, #4595, #4599, #4600, #4601, #4605, #4606, #4607, #4611, #4612, #4613, #4617, #4618, #4619, #4623, #4624, #4625, #4629, #4630, #4631, #4632),(#4416, #4417, #4418, #4422, #4423, #4424, #4428, #4429, #4430, #4434, #4435, #4436, #4440, #4441, #4442, #4446, #4447, #4448, #4452, #4453, #4454, #4458, #4459, #4460, #4464, #4465, #4466, #4470, #4471, #4472, #4476, #4477, #4478, #4482, #4483, #4484, #4488, #4489, #4490, #4494, #4495, #4496, #4500, #4501, #4502, #4506, #4507, #4508, #4512, #4513, #4514, #4518, #4519, #4520, #4524, #4525, #4526, #4530, #4531, #4532, #4536, #4537, #4538, #4542, #4543, #4544, #4548, #4549, #4550, #4554, #4555, #4556, #4560, #4561, #4562, #4566, #4567, #4568, #4572, #4573, #4574, #4578, #4579, #4580, #4584, #4585, #4586, #4590, #4591, #4592, #4596, #4597, #4598, #4602, #4603, #4604, #4608, #4609, #4610, #4614, #4615, #4616, #4620, #4621, #4622, #4626, #4627, #4628, #4633, #4634, #4635, #4636)),.UNSPECIFIED.,.F.,.F.,.F.,(2,2),(4,3,3,3,3,3,3,3,3,3,3,3,3,3,3,3,3,3,3,3,3,3,3,3,3,3,3,3,3,3,3,3,3,3,3,3,3,4),(0.,1.),(0.,1.,2.,3.,4.,5.,6.,7.,8.,9.,10.,11.,12.,13.,14.,15.,16.,17.,18.,19.,20.,21.,22.,23.,24.,25.,26.,27.,28.,29.,30.,31.,32.,33.,34.,35.,36.,37.),.PIECEWISE_BEZIER_KNOTS.);
#4413=CARTESIAN_POINT('',(0.828082,0.616894,0.));
#4414=CARTESIAN_POINT('',(0.828082,0.616894,0.000322636948244101));
#4415=CARTESIAN_POINT('',(0.828111132942059,0.616894,0.000647231833200781));
#4416=CARTESIAN_POINT('',(1.30035718886544,2.379449,0.));
#4417=CARTESIAN_POINT('',(1.30035718886544,2.379449,0.000225845666076258));
#4418=CARTESIAN_POINT('',(1.30037758190703,2.379449,0.000453061886651604));
#4419=CARTESIAN_POINT('',(0.828168631855799,0.616894,0.000965695753277535));
#4420=CARTESIAN_POINT('',(0.828226130769539,0.616894,0.00128415967335432));
#4421=CARTESIAN_POINT('',(0.828311790544396,0.616894,0.00159714678603636));
#4422=CARTESIAN_POINT('',(1.30041783111141,2.379449,0.000675986435567727));
#4423=CARTESIAN_POINT('',(1.3004580803158,2.379449,0.000898910984483875));
#4424=CARTESIAN_POINT('',(1.30051804210571,2.379449,0.00111800177157959));
#4425=CARTESIAN_POINT('',(0.828421724978594,0.616894,0.00190125908671882));
#4426=CARTESIAN_POINT('',(0.82864159384699,0.616894,0.00250948368808368));
#4427=CARTESIAN_POINT('',(0.8289583257192,0.616894,0.00308054303880049));
#4428=CARTESIAN_POINT('',(1.30059499614229,2.379449,0.00133088019571361));
#4429=CARTESIAN_POINT('',(1.30074890421544,2.379449,0.00175663704398161));
#4430=CARTESIAN_POINT('',(1.30097061633191,2.379449,0.00215637823956884));
#4431=CARTESIAN_POINT('',(0.829332819016065,0.616894,0.0036080032145627));
#4432=CARTESIAN_POINT('',(0.82970731231293,0.616894,0.00413546339032492));
#4433=CARTESIAN_POINT('',(0.830138911596501,0.616894,0.0046208891347608));
#4434=CARTESIAN_POINT('',(1.30123276141025,2.379449,0.00252560003940309));
#4435=CARTESIAN_POINT('',(1.30149490648858,2.379449,0.00289482183923735));
#4436=CARTESIAN_POINT('',(1.30179702572262,2.379449,0.00323461956289961));
#4437=CARTESIAN_POINT('',(0.830603061873163,0.616894,0.00507154138538783));
#4438=CARTESIAN_POINT('',(0.831067212149824,0.616894,0.00552219363601487));
#4439=CARTESIAN_POINT('',(0.831563870207721,0.616894,0.00593858461626806));
#4440=CARTESIAN_POINT('',(1.30212193063188,2.379449,0.00355007586220301));
#4441=CARTESIAN_POINT('',(1.30244683554114,2.379449,0.00386553216150642));
#4442=CARTESIAN_POINT('',(1.30279449587734,2.379449,0.0041570055925416));
#4443=CARTESIAN_POINT('',(0.832079457640181,0.616894,0.00632905104680625));
#4444=CARTESIAN_POINT('',(0.83259504507264,0.616894,0.00671951747734443));
#4445=CARTESIAN_POINT('',(0.83313069107505,0.616894,0.00708343166407136));
#4446=CARTESIAN_POINT('',(1.30315540676414,2.379449,0.00443033185466145));
#4447=CARTESIAN_POINT('',(1.30351631765093,2.379449,0.0047036581167813));
#4448=CARTESIAN_POINT('',(1.30389126952441,2.379449,0.00495839782450306));
#4449=CARTESIAN_POINT('',(0.833678679896313,0.616894,0.00742720661166632));
#4450=CARTESIAN_POINT('',(0.834226668717576,0.616894,0.0077709815592613));
#4451=CARTESIAN_POINT('',(0.834786998417607,0.616894,0.00809473700926433));
#4452=CARTESIAN_POINT('',(1.30427486136351,2.379449,0.00519904007717269));
#4453=CARTESIAN_POINT('',(1.30465845320262,2.379449,0.00543968232984233));
#4454=CARTESIAN_POINT('',(1.3050506836493,2.379449,0.00566631094646448));
#4455=CARTESIAN_POINT('',(0.835355978587251,0.616894,0.00840245468470181));
#4456=CARTESIAN_POINT('',(0.836493938926537,0.616894,0.00901789003557674));
#4457=CARTESIAN_POINT('',(0.837665584341007,0.616894,0.00956980453742391));
#4458=CARTESIAN_POINT('',(1.30544896941941,2.379449,0.00588171313071783));
#4459=CARTESIAN_POINT('',(1.30624554095963,2.379449,0.00631251749922452));
#4460=CARTESIAN_POINT('',(1.30706569203184,2.379449,0.00669885731233394));
#4461=CARTESIAN_POINT('',(0.838853822367965,0.616894,0.0100810327823885));
#4462=CARTESIAN_POINT('',(0.839447941381444,0.616894,0.0103366469048708));
#4463=CARTESIAN_POINT('',(0.840046976816095,0.616894,0.0105810744905323));
#4464=CARTESIAN_POINT('',(1.30789745792262,2.379449,0.00705671677055594));
#4465=CARTESIAN_POINT('',(1.30831334086801,2.379449,0.00723564649966693));
#4466=CARTESIAN_POINT('',(1.30873266530521,2.379449,0.00740674565985787));
#4467=CARTESIAN_POINT('',(0.840649425047426,0.616894,0.0108166037025543));
#4468=CARTESIAN_POINT('',(0.841251873278758,0.616894,0.0110521329145763));
#4469=CARTESIAN_POINT('',(0.841857698918961,0.616894,0.0112789027937987));
#4470=CARTESIAN_POINT('',(1.30915437869799,2.379449,0.00757161596395361));
#4471=CARTESIAN_POINT('',(1.30957609209078,2.379449,0.00773648626804935));
#4472=CARTESIAN_POINT('',(1.3100001696677,2.379449,0.00789522504455257));
#4473=CARTESIAN_POINT('',(0.842466470820134,0.616894,0.0114976116932319));
#4474=CARTESIAN_POINT('',(0.84368401462248,0.616894,0.0119350294920985));
#4475=CARTESIAN_POINT('',(0.844912057749578,0.616894,0.0123425922890754));
#4476=CARTESIAN_POINT('',(1.3104263096255,2.379449,0.00804832114014277));
#4477=CARTESIAN_POINT('',(1.3112785895411,2.379449,0.00835451333132318));
#4478=CARTESIAN_POINT('',(1.31213821897759,2.379449,0.00863980703947439));
#4479=CARTESIAN_POINT('',(0.846147687032475,0.616894,0.0127258778028946));
#4480=CARTESIAN_POINT('',(0.847383316315371,0.616894,0.0131091633167138));
#4481=CARTESIAN_POINT('',(0.848626281139684,0.616894,0.0134687027926286));
#4482=CARTESIAN_POINT('',(1.31300315871849,2.379449,0.00890810666429106));
#4483=CARTESIAN_POINT('',(1.31386809845939,2.379449,0.00917640628910773));
#4484=CARTESIAN_POINT('',(1.31473817307478,2.379449,0.00942808370194158));
#4485=CARTESIAN_POINT('',(0.849873926565416,0.616894,0.0138104002786101));
#4486=CARTESIAN_POINT('',(0.851121571991149,0.616894,0.0141520977645916));
#4487=CARTESIAN_POINT('',(0.85237469325787,0.616894,0.0144741554315549));
#4488=CARTESIAN_POINT('',(1.31561152410831,2.379449,0.00966727173275471));
#4489=CARTESIAN_POINT('',(1.31648487514183,2.379449,0.00990645976356784));
#4490=CARTESIAN_POINT('',(1.31736205926069,2.379449,0.0101318999331025));
#4491=CARTESIAN_POINT('',(0.853631545062201,0.616894,0.0147807126668696));
#4492=CARTESIAN_POINT('',(0.856145248670862,0.616894,0.0153938271374989));
#4493=CARTESIAN_POINT('',(0.85867341887184,0.616894,0.0159463390363902));
#4494=CARTESIAN_POINT('',(1.31824185475359,2.379449,0.010346489809981));
#4495=CARTESIAN_POINT('',(1.32000144573939,2.379449,0.0107756695637378));
#4496=CARTESIAN_POINT('',(1.32177116333095,2.379449,0.0111624275544121));
#4497=CARTESIAN_POINT('',(0.861210690916618,0.616894,0.016453121818751));
#4498=CARTESIAN_POINT('',(0.863747962961395,0.616894,0.0169599046011118));
#4499=CARTESIAN_POINT('',(0.86629374475421,0.616894,0.0174228492626663));
#4500=CARTESIAN_POINT('',(1.32354725220759,2.379449,0.0115171751915354));
#4501=CARTESIAN_POINT('',(1.32532334108423,2.379449,0.0118719228286586));
#4502=CARTESIAN_POINT('',(1.32710538677928,2.379449,0.0121959838080791));
#4503=CARTESIAN_POINT('',(0.868845727408635,0.616894,0.0178494192180398));
#4504=CARTESIAN_POINT('',(0.87139771006306,0.616894,0.0182759891734133));
#4505=CARTESIAN_POINT('',(0.873955306526729,0.616894,0.0186681667404597));
#4506=CARTESIAN_POINT('',(1.32889177307366,2.379449,0.0124945825154614));
#4507=CARTESIAN_POINT('',(1.33067815936804,2.379449,0.0127931812228437));
#4508=CARTESIAN_POINT('',(1.33246847532545,2.379449,0.0130677052794708));
#4509=CARTESIAN_POINT('',(0.876516915825777,0.616894,0.0190317736782403));
#4510=CARTESIAN_POINT('',(0.877797720475301,0.616894,0.0192135771471306));
#4511=CARTESIAN_POINT('',(0.879079715033104,0.616894,0.0193875338116245));
#4512=CARTESIAN_POINT('',(1.33426160026516,2.379449,0.0133222299131184));
#4513=CARTESIAN_POINT('',(1.33515816273502,2.379449,0.0134494922299422));
#4514=CARTESIAN_POINT('',(1.33605555813995,2.379449,0.0135712617884966));
#4515=CARTESIAN_POINT('',(0.880362420630688,0.616894,0.0195555117497842));
#4516=CARTESIAN_POINT('',(0.881645126228273,0.616894,0.0197234896879439));
#4517=CARTESIAN_POINT('',(0.882928624510521,0.616894,0.0198851443956449));
#4518=CARTESIAN_POINT('',(1.33695345127228,2.379449,0.0136888462422805));
#4519=CARTESIAN_POINT('',(1.33785134440462,2.379449,0.0138064306960644));
#4520=CARTESIAN_POINT('',(1.33874979241573,2.379449,0.0139195888924018));
#4521=CARTESIAN_POINT('',(0.884212974212424,0.616894,0.0200402792450656));
#4522=CARTESIAN_POINT('',(0.88678167361623,0.616894,0.0203505489439072));
#4523=CARTESIAN_POINT('',(0.889353135493411,0.616894,0.0206372450405693));
#4524=CARTESIAN_POINT('',(1.33964883642008,2.379449,0.014028183191938));
#4525=CARTESIAN_POINT('',(1.34144692442879,2.379449,0.0142453717910104));
#4526=CARTESIAN_POINT('',(1.34324694616716,2.379449,0.014446058883002));
#4527=CARTESIAN_POINT('',(0.891926749522149,0.616894,0.0209031916987724));
#4528=CARTESIAN_POINT('',(0.894500363550887,0.616894,0.0211691383569755));
#4529=CARTESIAN_POINT('',(0.897076129731182,0.616894,0.0214143355767195));
#4530=CARTESIAN_POINT('',(1.3450484744103,2.379449,0.0146322213807863));
#4531=CARTESIAN_POINT('',(1.34685000265345,2.379449,0.0148183838785706));
#4532=CARTESIAN_POINT('',(1.34865303740136,2.379449,0.0149900217821477));
#4533=CARTESIAN_POINT('',(0.899653437741219,0.616894,0.0216416075217248));
#4534=CARTESIAN_POINT('',(0.904808053761292,0.616894,0.0220961514117355));
#4535=CARTESIAN_POINT('',(0.909969017033738,0.616894,0.0224780290685939));
#4536=CARTESIAN_POINT('',(1.35045715142915,2.379449,0.0151491120043914));
#4537=CARTESIAN_POINT('',(1.35406537948473,2.379449,0.0154672924488787));
#4538=CARTESIAN_POINT('',(1.35767805061308,2.379449,0.0157346065746855));
#4539=CARTESIAN_POINT('',(0.915133449292334,0.616894,0.0228028734900236));
#4540=CARTESIAN_POINT('',(0.925462313809527,0.616894,0.0234525623328831));
#4541=CARTESIAN_POINT('',(0.935804986499888,0.616894,0.0238732847908485));
#4542=CARTESIAN_POINT('',(1.36129315002961,2.379449,0.0159619974706391));
#4543=CARTESIAN_POINT('',(1.36852334886267,2.379449,0.0164167792625462));
#4544=CARTESIAN_POINT('',(1.37576321340849,2.379449,0.0167112847253258));
#4545=CARTESIAN_POINT('',(0.946150701120676,0.616894,0.0241379178324456));
#4546=CARTESIAN_POINT('',(0.948737129775873,0.616894,0.0242040760928449));
#4547=CARTESIAN_POINT('',(0.95132393061751,0.616894,0.0242591485605297));
#4548=CARTESIAN_POINT('',(1.38300520730375,2.379449,0.0168965276922909));
#4549=CARTESIAN_POINT('',(1.38481570577756,2.379449,0.0169428384340321));
#4550=CARTESIAN_POINT('',(1.38662646478165,2.379449,0.0169813891276661));
#4551=CARTESIAN_POINT('',(0.953910842183612,0.616894,0.0243053119993336));
#4552=CARTESIAN_POINT('',(0.956497753749715,0.616894,0.0243514754381375));
#4553=CARTESIAN_POINT('',(0.959084755820575,0.616894,0.0243888718982213));
#4554=CARTESIAN_POINT('',(1.3884373012928,2.379449,0.0170137035065423));
#4555=CARTESIAN_POINT('',(1.39024813780395,2.379449,0.0170460178854185));
#4556=CARTESIAN_POINT('',(1.39205903766838,2.379449,0.0170721953845627));
#4557=CARTESIAN_POINT('',(0.961671937970704,0.616894,0.024416759940481));
#4558=CARTESIAN_POINT('',(0.966846302270962,0.616894,0.0244725360250004));
#4559=CARTESIAN_POINT('',(0.972020949073907,0.616894,0.0244941592326624));
#4560=CARTESIAN_POINT('',(1.39387006358818,2.379449,0.0170917169970562));
#4561=CARTESIAN_POINT('',(1.39749211542779,2.379449,0.0171307602220432));
#4562=CARTESIAN_POINT('',(1.40111436501911,2.379449,0.017145896454157));
#4563=CARTESIAN_POINT('',(0.977195583685889,0.616894,0.024484761539877));
#4564=CARTESIAN_POINT('',(0.97978290099188,0.616894,0.0244800626934843));
#4565=CARTESIAN_POINT('',(0.982370191701888,0.616894,0.0244678036754743));
#4566=CARTESIAN_POINT('',(1.40473660607676,2.379449,0.0171393180749656));
#4567=CARTESIAN_POINT('',(1.40654772660558,2.379449,0.0171360288853699));
#4568=CARTESIAN_POINT('',(1.40835882851723,2.379449,0.0171274475802746));
#4569=CARTESIAN_POINT('',(0.98495742635046,0.616894,0.0244483962235492));
#4570=CARTESIAN_POINT('',(0.987544660999032,0.616894,0.0244289887716241));
#4571=CARTESIAN_POINT('',(0.990131839586167,0.616894,0.0244024328857839));
#4572=CARTESIAN_POINT('',(1.41016989118591,2.379449,0.0171138623758189));
#4573=CARTESIAN_POINT('',(1.4119809538546,2.379449,0.0171002771713632));
#4574=CARTESIAN_POINT('',(1.41379197728031,2.379449,0.0170816880675471));
#4575=CARTESIAN_POINT('',(0.992718932646411,0.616894,0.0243691403037307));
#4576=CARTESIAN_POINT('',(0.9978931187669,0.616894,0.0243025551396244));
#4577=CARTESIAN_POINT('',(1.00306696277983,0.616894,0.0242090231906663));
#4578=CARTESIAN_POINT('',(1.41560294083725,2.379449,0.0170583832805098));
#4579=CARTESIAN_POINT('',(1.41922486795112,2.379449,0.0170117737064351));
#4580=CARTESIAN_POINT('',(1.42284655558992,2.379449,0.0169463013994758));
#4581=CARTESIAN_POINT('',(1.00824022896156,0.616894,0.0240918383584735));
#4582=CARTESIAN_POINT('',(1.01341349514329,0.616894,0.0239746535262807));
#4583=CARTESIAN_POINT('',(1.01858624893959,0.616894,0.0238330591741463));
#4584=CARTESIAN_POINT('',(1.42646783874723,2.379449,0.0168642720887454));
#4585=CARTESIAN_POINT('',(1.43008912190454,2.379449,0.0167822427780151));
#4586=CARTESIAN_POINT('',(1.43371004639237,2.379449,0.0166831268182824));
#4587=CARTESIAN_POINT('',(1.02375830425422,0.616894,0.0236702585964605));
#4588=CARTESIAN_POINT('',(1.02893035956885,0.616894,0.0235074580187747));
#4589=CARTESIAN_POINT('',(1.03410173645497,0.616894,0.0233234991480593));
#4590=CARTESIAN_POINT('',(1.43733048194345,2.379449,0.0165691665136578));
#4591=CARTESIAN_POINT('',(1.44095091749453,2.379449,0.0164552062090332));
#4592=CARTESIAN_POINT('',(1.44457087814608,2.379449,0.0163264351122525));
#4593=CARTESIAN_POINT('',(1.0392723578443,0.616894,0.0231199764642137));
#4594=CARTESIAN_POINT('',(1.04961360062295,0.616894,0.0227129310965225));
#4595=CARTESIAN_POINT('',(1.05995176318964,0.616894,0.0222303510316279));
#4596=CARTESIAN_POINT('',(1.44819030995033,2.379449,0.0161839693582684));
#4597=CARTESIAN_POINT('',(1.45542917355882,2.379449,0.0158990378503002));
#4598=CARTESIAN_POINT('',(1.46266588102084,2.379449,0.0155612321005731));
#4599=CARTESIAN_POINT('',(1.07028658082969,0.616894,0.0216839845897855));
#4600=CARTESIAN_POINT('',(1.08062139846974,0.616894,0.0211376181479432));
#4601=CARTESIAN_POINT('',(1.09095283919175,0.616894,0.0205296646742523));
#4602=CARTESIAN_POINT('',(1.46990024703625,2.379449,0.0151787759260675));
#4603=CARTESIAN_POINT('',(1.47713461305166,2.379449,0.0147963197515619));
#4604=CARTESIAN_POINT('',(1.48436661522651,2.379449,0.0143707526924995));
#4605=CARTESIAN_POINT('',(1.10128092947307,0.616894,0.0198687844883327));
#4606=CARTESIAN_POINT('',(1.11160901975438,0.616894,0.0192079043024131));
#4607=CARTESIAN_POINT('',(1.12193375959502,0.616894,0.0184940974042647));
#4608=CARTESIAN_POINT('',(1.49159627209494,2.379449,0.0139081369673077));
#4609=CARTESIAN_POINT('',(1.49882592896336,2.379449,0.0134455212421159));
#4610=CARTESIAN_POINT('',(1.50605324052536,2.379449,0.0129458568507946));
#4611=CARTESIAN_POINT('',(1.1322551754723,0.616894,0.0177360241135074));
#4612=CARTESIAN_POINT('',(1.14257659134959,0.616894,0.01697795082275));
#4613=CARTESIAN_POINT('',(1.15289472438472,0.616894,0.0161757239834819));
#4614=CARTESIAN_POINT('',(1.51327822531505,2.379449,0.0124152060117711));
#4615=CARTESIAN_POINT('',(1.52050321010474,2.379449,0.0118845551727476));
#4616=CARTESIAN_POINT('',(1.52772589690693,2.379449,0.0113229968768215));
#4617=CARTESIAN_POINT('',(1.16320961903622,0.616894,0.0153336349282946));
#4618=CARTESIAN_POINT('',(1.17352451368771,0.616894,0.0144915458731073));
#4619=CARTESIAN_POINT('',(1.18383616995558,0.616894,0.0136095946020009));
#4620=CARTESIAN_POINT('',(1.53494631684256,2.379449,0.0107335350541774));
#4621=CARTESIAN_POINT('',(1.5421667367782,2.379449,0.0101440732315333));
#4622=CARTESIAN_POINT('',(1.54938488984728,2.379449,0.0095267078821712));
#4623=CARTESIAN_POINT('',(1.19414463229837,0.616894,0.0126920724475669));
#4624=CARTESIAN_POINT('',(1.21476155698393,0.616894,0.0108570281386991));
#4625=CARTESIAN_POINT('',(1.23536578751945,0.616894,0.00887981912437284));
#4626=CARTESIAN_POINT('',(1.55660080717075,2.379449,0.0088844429362758));
#4627=CARTESIAN_POINT('',(1.5710326418177,2.379449,0.00759991304448501));
#4628=CARTESIAN_POINT('',(1.5854555905674,2.379449,0.00621586794598424));
#4629=CARTESIAN_POINT('',(1.25595604519184,0.616894,0.00676654655157401));
#4630=CARTESIAN_POINT('',(1.27654630286422,0.616894,0.00465327397877517));
#4631=CARTESIAN_POINT('',(1.29712263843714,0.616894,0.00240378492471037));
#4632=CARTESIAN_POINT('',(1.317681,0.616894,0.));
#4633=CARTESIAN_POINT('',(1.59986875832146,2.379449,0.00473657843992511));
#4634=CARTESIAN_POINT('',(1.61428192607553,2.379449,0.00325728893386598));
#4635=CARTESIAN_POINT('',(1.6286853483685,2.379449,0.00168264797438682));
#4636=CARTESIAN_POINT('',(1.64307618886544,2.379449,0.));
#4637=ORIENTED_EDGE('',*,*,#2464,.F.);
#4638=ORIENTED_EDGE('',*,*,#2732,.F.);
#4639=ORIENTED_EDGE('',*,*,#2304,.F.);
#4640=ORIENTED_EDGE('',*,*,#2281,.T.);
#4641=EDGE_LOOP('',(#4637, #4638, #4639, #4640));
#4642=FACE_OUTER_BOUND('',#4641,.T.);
#4643=ADVANCED_FACE('',(#4642),#4412,.T.);
#4644=PLANE('Plane_UVXOMYLYKZ, WING, 0, 6',#4648);
#4645=CARTESIAN_POINT('',(1.46990024703625,2.379449,-0.00758938796303373));
#4646=DIRECTION('',(-0.,-1.,0.));
#4647=DIRECTION('',(0.,0.,1.));
#4648=AXIS2_PLACEMENT_3D('',#4645,#4646,#4647);
#4649=ORIENTED_EDGE('',*,*,#2441,.F.);
#4650=ORIENTED_EDGE('',*,*,#2144,.T.);
#4651=EDGE_LOOP('',(#4649, #4650));
#4652=FACE_OUTER_BOUND('',#4651,.T.);
#4653=ADVANCED_FACE('',(#4652),#4644,.T.);
#4654=PLANE('Plane_UVXOMYLYKZ, WING, 0, 7',#4658);
#4655=CARTESIAN_POINT('',(1.46990024703625,2.379449,0.00758938796303374));
#4656=DIRECTION('',(0.,-1.,0.));
#4657=DIRECTION('',(0.,0.,-1.));
#4658=AXIS2_PLACEMENT_3D('',#4655,#4656,#4657);
#4659=ORIENTED_EDGE('',*,*,#2281,.T.);
#4660=ORIENTED_EDGE('',*,*,#2144,.T.);
#4661=EDGE_LOOP('',(#4659, #4660));
#4662=FACE_OUTER_BOUND('',#4661,.T.);
#4663=ADVANCED_FACE('',(#4662),#4654,.T.);
#4664=B_SPLINE_SURFACE_WITH_KNOTS('Surf_UVXOMYLYKZ, WING, 0, 10',1,3,((#4665, #4666, #4667, #4671, #4672, #4673, #4677, #4678, #4679, #4683, #4684, #4685, #4689, #4690, #4691, #4695, #4696, #4697, #4701, #4702, #4703, #4707, #4708, #4709, #4713, #4714, #4715, #4719, #4720, #4721, #4725, #4726, #4727, #4731, #4732, #4733, #4737, #4738, #4739, #4743, #4744, #4745, #4749, #4750, #4751, #4755, #4756, #4757, #4761, #4762, #4763, #4767, #4768, #4769, #4773, #4774, #4775, #4779, #4780, #4781, #4785, #4786, #4787, #4791, #4792, #4793, #4797, #4798, #4799, #4803, #4804, #4805, #4809, #4810, #4811, #4815, #4816, #4817, #4821, #4822, #4823, #4827, #4828, #4829, #4833, #4834, #4835, #4839, #4840, #4841, #4845, #4846, #4847, #4851, #4852, #4853, #4857, #4858, #4859, #4863, #4864, #4865, #4869, #4870, #4871, #4875, #4876, #4877, #4881, #4882, #4883, #4884),(#4668, #4669, #4670, #4674, #4675, #4676, #4680, #4681, #4682, #4686, #4687, #4688, #4692, #4693, #4694, #4698, #4699, #4700, #4704, #4705, #4706, #4710, #4711, #4712, #4716, #4717, #4718, #4722, #4723, #4724, #4728, #4729, #4730, #4734, #4735, #4736, #4740, #4741, #4742, #4746, #4747, #4748, #4752, #4753, #4754, #4758, #4759, #4760, #4764, #4765, #4766, #4770, #4771, #4772, #4776, #4777, #4778, #4782, #4783, #4784, #4788, #4789, #4790, #4794, #4795, #4796, #4800, #4801, #4802, #4806, #4807, #4808, #4812, #4813, #4814, #4818, #4819, #4820, #4824, #4825, #4826, #4830, #4831, #4832, #4836, #4837, #4838, #4842, #4843, #4844, #4848, #4849, #4850, #4854, #4855, #4856, #4860, #4861, #4862, #4866, #4867, #4868, #4872, #4873, #4874, #4878, #4879, #4880, #4885, #4886, #4887, #4888)),.UNSPECIFIED.,.F.,.F.,.F.,(2,2),(4,3,3,3,3,3,3,3,3,3,3,3,3,3,3,3,3,3,3,3,3,3,3,3,3,3,3,3,3,3,3,3,3,3,3,3,3,4),(0.,1.),(0.,1.,2.,3.,4.,5.,6.,7.,8.,9.,10.,11.,12.,13.,14.,15.,16.,17.,18.,19.,20.,21.,22.,23.,24.,25.,26.,27.,28.,29.,30.,31.,32.,33.,34.,35.,36.,37.),.PIECEWISE_BEZIER_KNOTS.);
#4665=CARTESIAN_POINT('',(1.317681,0.,0.));
#4666=CARTESIAN_POINT('',(1.29707935184952,0.,-0.00289061546884193));
#4667=CARTESIAN_POINT('',(1.27645186302592,0.,-0.00559638245748048));
#4668=CARTESIAN_POINT('',(1.317681,-0.616894,0.));
#4669=CARTESIAN_POINT('',(1.29712263843714,-0.616894,-0.00240378492470988));
#4670=CARTESIAN_POINT('',(1.27654630286422,-0.616894,-0.00465327397877509));
#4671=CARTESIAN_POINT('',(1.25580431301332,0.,-0.00813854038532961));
#4672=CARTESIAN_POINT('',(1.23515676300072,0.,-0.0106806983131787));
#4673=CARTESIAN_POINT('',(1.21448908199693,0.,-0.0130594440472013));
#4674=CARTESIAN_POINT('',(1.25595604519184,-0.616894,-0.00676654655157397));
#4675=CARTESIAN_POINT('',(1.23536578751945,-0.616894,-0.00887981912437285));
#4676=CARTESIAN_POINT('',(1.21476155698394,-0.616894,-0.0108570281386991));
#4677=CARTESIAN_POINT('',(1.19380306377256,0.,-0.0152669532244563));
#4678=CARTESIAN_POINT('',(1.18346005466038,0.,-0.0163707078130838));
#4679=CARTESIAN_POINT('',(1.17311241290045,0.,-0.0174312190860965));
#4680=CARTESIAN_POINT('',(1.19414463229837,-0.616894,-0.0126920724475669));
#4681=CARTESIAN_POINT('',(1.18383616995558,-0.616894,-0.0136095946020008));
#4682=CARTESIAN_POINT('',(1.17352451368771,-0.616894,-0.0144915458731073));
#4683=CARTESIAN_POINT('',(1.16276010417251,0.,-0.0184438253278017));
#4684=CARTESIAN_POINT('',(1.15240779544457,0.,-0.0194564315695069));
#4685=CARTESIAN_POINT('',(1.1420508253097,0.,-0.0204217529033345));
#4686=CARTESIAN_POINT('',(1.16320961903622,-0.616894,-0.0153336349282946));
#4687=CARTESIAN_POINT('',(1.15289472438472,-0.616894,-0.0161757239834819));
#4688=CARTESIAN_POINT('',(1.14257659134959,-0.616894,-0.01697795082275));
#4689=CARTESIAN_POINT('',(1.13168907937017,0.,-0.021333069488545));
#4690=CARTESIAN_POINT('',(1.12132733343064,0.,-0.0222443860737555));
#4691=CARTESIAN_POINT('',(1.11096080000483,0.,-0.0231010450178014));
#4692=CARTESIAN_POINT('',(1.1322551754723,-0.616894,-0.0177360241135074));
#4693=CARTESIAN_POINT('',(1.12193375959502,-0.616894,-0.0184940974042647));
#4694=CARTESIAN_POINT('',(1.11160901975439,-0.616894,-0.0192079043024131));
#4695=CARTESIAN_POINT('',(1.10058938315076,0.,-0.0238950859770931));
#4696=CARTESIAN_POINT('',(1.09021796629669,0.,-0.0246891269363847));
#4697=CARTESIAN_POINT('',(1.07984165093295,0.,-0.0254185616901437));
#4698=CARTESIAN_POINT('',(1.10128092947307,-0.616894,-0.0198687844883327));
#4699=CARTESIAN_POINT('',(1.09095283919175,-0.616894,-0.0205296646742523));
#4700=CARTESIAN_POINT('',(1.08062139846974,-0.616894,-0.0211376181479431));
#4701=CARTESIAN_POINT('',(1.06946047898237,0.,-0.0260730262540827));
#4702=CARTESIAN_POINT('',(1.05907930703179,0.,-0.0267274908180218));
#4703=CARTESIAN_POINT('',(1.04869327164392,0.,-0.0273047607395037));
#4704=CARTESIAN_POINT('',(1.07028658082969,-0.616894,-0.0216839845897855));
#4705=CARTESIAN_POINT('',(1.05995176318964,-0.616894,-0.0222303510316279));
#4706=CARTESIAN_POINT('',(1.04961360062295,-0.616894,-0.0227129310965225));
#4707=CARTESIAN_POINT('',(1.0383028051167,0.,-0.0277894862735548));
#4708=CARTESIAN_POINT('',(1.03310757185309,0.,-0.0280318490405804));
#4709=CARTESIAN_POINT('',(1.02791122798655,0.,-0.0282507689079623));
#4710=CARTESIAN_POINT('',(1.0392723578443,-0.616894,-0.0231199764642137));
#4711=CARTESIAN_POINT('',(1.03410173645497,-0.616894,-0.0233234991480593));
#4712=CARTESIAN_POINT('',(1.02893035956885,-0.616894,-0.0235074580187747));
#4713=CARTESIAN_POINT('',(1.02271393288689,0.,-0.0284433894333466));
#4714=CARTESIAN_POINT('',(1.01751663778723,0.,-0.0286360099587308));
#4715=CARTESIAN_POINT('',(1.01231830028234,0.,-0.0288034029009171));
#4716=CARTESIAN_POINT('',(1.02375830425422,-0.616894,-0.0236702585964605));
#4717=CARTESIAN_POINT('',(1.01858624893959,-0.616894,-0.0238330591741463));
#4718=CARTESIAN_POINT('',(1.01341349514329,-0.616894,-0.0239746535262807));
#4719=CARTESIAN_POINT('',(1.00711928330971,0.,-0.0289401891816833));
#4720=CARTESIAN_POINT('',(1.00192026633709,0.,-0.0290769754624495));
#4721=CARTESIAN_POINT('',(0.996720370844372,0.,-0.0291858768354436));
#4722=CARTESIAN_POINT('',(1.00824022896156,-0.616894,-0.0240918383584735));
#4723=CARTESIAN_POINT('',(1.00306696277983,-0.616894,-0.0242090231906663));
#4724=CARTESIAN_POINT('',(0.9978931187669,-0.616894,-0.0243025551396244));
#4725=CARTESIAN_POINT('',(0.991520045597938,0.,-0.0292609626052609));
#4726=CARTESIAN_POINT('',(0.988919882974721,0.,-0.0292985054901695));
#4727=CARTESIAN_POINT('',(0.986319543182042,0.,-0.0293284266950033));
#4728=CARTESIAN_POINT('',(0.992718932646411,-0.616894,-0.0243691403037307));
#4729=CARTESIAN_POINT('',(0.990131839586167,-0.616894,-0.0244024328857839));
#4730=CARTESIAN_POINT('',(0.987544660999032,-0.616894,-0.0244289887716241));
#4731=CARTESIAN_POINT('',(0.98371917854925,0.,-0.029349117073821));
#4732=CARTESIAN_POINT('',(0.981118813916459,0.,-0.0293698074526388));
#4733=CARTESIAN_POINT('',(0.978518442315311,0.,-0.0293810547392115));
#4734=CARTESIAN_POINT('',(0.98495742635046,-0.616894,-0.0244483962235492));
#4735=CARTESIAN_POINT('',(0.982370191701889,-0.616894,-0.0244678036754743));
#4736=CARTESIAN_POINT('',(0.97978290099188,-0.616894,-0.0244800626934843));
#4737=CARTESIAN_POINT('',(0.975917972856272,0.,-0.0293837789175456));
#4738=CARTESIAN_POINT('',(0.970717033938194,0.,-0.0293892272742138));
#4739=CARTESIAN_POINT('',(0.965516130798787,0.,-0.0293564802357777));
#4740=CARTESIAN_POINT('',(0.977195583685889,-0.616894,-0.024484761539877));
#4741=CARTESIAN_POINT('',(0.972020949073907,-0.616894,-0.0244941592326624));
#4742=CARTESIAN_POINT('',(0.966846302270962,-0.616894,-0.0244725360250004));
#4743=CARTESIAN_POINT('',(0.960315745974341,0.,-0.0292815790412592));
#4744=CARTESIAN_POINT('',(0.957715553562119,0.,-0.029244128444));
#4745=CARTESIAN_POINT('',(0.955115518868138,0.,-0.0291958693517296));
#4746=CARTESIAN_POINT('',(0.961671937970704,-0.616894,-0.024416759940481));
#4747=CARTESIAN_POINT('',(0.959084755820575,-0.616894,-0.0243888718982213));
#4748=CARTESIAN_POINT('',(0.956497753749715,-0.616894,-0.0243514754381375));
#4749=CARTESIAN_POINT('',(0.952515768053761,0.,-0.0291359373890501));
#4750=CARTESIAN_POINT('',(0.949916017239383,0.,-0.0290760054263706));
#4751=CARTESIAN_POINT('',(0.947316550304609,0.,-0.0290044005932818));
#4752=CARTESIAN_POINT('',(0.953910842183613,-0.616894,-0.0243053119993336));
#4753=CARTESIAN_POINT('',(0.95132393061751,-0.616894,-0.0242591485605297));
#4754=CARTESIAN_POINT('',(0.948737129775873,-0.616894,-0.0242040760928449));
#4755=CARTESIAN_POINT('',(0.944717493410799,0.,-0.0289202585143858));
#4756=CARTESIAN_POINT('',(0.934321265835559,0.,-0.0285836901988019));
#4757=CARTESIAN_POINT('',(0.923930310395509,0.,-0.0280527711999938));
#4758=CARTESIAN_POINT('',(0.946150701120676,-0.616894,-0.0241379178324456));
#4759=CARTESIAN_POINT('',(0.935804986499888,-0.616894,-0.0238732847908485));
#4760=CARTESIAN_POINT('',(0.925462313809527,-0.616894,-0.0234525623328831));
#4761=CARTESIAN_POINT('',(0.91355990822359,0.,-0.0272426245624326));
#4762=CARTESIAN_POINT('',(0.90837470713763,0.,-0.026837551243652));
#4763=CARTESIAN_POINT('',(0.903195356835286,0.,-0.0263597438090191));
#4764=CARTESIAN_POINT('',(0.915133449292335,-0.616894,-0.0228028734900237));
#4765=CARTESIAN_POINT('',(0.909969017033738,-0.616894,-0.0224780290685939));
#4766=CARTESIAN_POINT('',(0.904808053761292,-0.616894,-0.0220961514117355));
#4767=CARTESIAN_POINT('',(0.898025102264089,0.,-0.0257948678859273));
#4768=CARTESIAN_POINT('',(0.895439974978491,0.,-0.0255124299243814));
#4769=CARTESIAN_POINT('',(0.892857535138432,0.,-0.0252066368122724));
#4770=CARTESIAN_POINT('',(0.899653437741219,-0.616894,-0.0216416075217249));
#4771=CARTESIAN_POINT('',(0.897076129731182,-0.616894,-0.0214143355767195));
#4772=CARTESIAN_POINT('',(0.894500363550887,-0.616894,-0.0211691383569755));
#4773=CARTESIAN_POINT('',(0.890278082013957,0.,-0.0248762884709664));
#4774=CARTESIAN_POINT('',(0.887698628889482,0.,-0.0245459401296605));
#4775=CARTESIAN_POINT('',(0.88512260796928,0.,-0.0241893245967475));
#4776=CARTESIAN_POINT('',(0.891926749522149,-0.616894,-0.0209031916987724));
#4777=CARTESIAN_POINT('',(0.889353135493411,-0.616894,-0.0206372450405693));
#4778=CARTESIAN_POINT('',(0.88678167361623,-0.616894,-0.0203505489439072));
#4779=CARTESIAN_POINT('',(0.882550979121453,0.,-0.0238031721366753));
#4780=CARTESIAN_POINT('',(0.88126516469754,0.,-0.0236100959066392));
#4781=CARTESIAN_POINT('',(0.879980486592589,0.,-0.023409481980225));
#4782=CARTESIAN_POINT('',(0.884212974212424,-0.616894,-0.0200402792450656));
#4783=CARTESIAN_POINT('',(0.882928624510521,-0.616894,-0.0198851443956449));
#4784=CARTESIAN_POINT('',(0.881645126228273,-0.616894,-0.0197234896879439));
#4785=CARTESIAN_POINT('',(0.878697138944564,0.,-0.0232007044244072));
#4786=CARTESIAN_POINT('',(0.877413791296539,0.,-0.0229919268685894));
#4787=CARTESIAN_POINT('',(0.876131774105441,0.,-0.0227749856833679));
#4788=CARTESIAN_POINT('',(0.880362420630688,-0.616894,-0.0195555117497842));
#4789=CARTESIAN_POINT('',(0.879079715033104,-0.616894,-0.0193875338116245));
#4790=CARTESIAN_POINT('',(0.877797720475301,-0.616894,-0.0192135771471307));
#4791=CARTESIAN_POINT('',(0.874851281509232,0.,-0.0225492549357172));
#4792=CARTESIAN_POINT('',(0.872290296316814,0.,-0.0220977934404157));
#4793=CARTESIAN_POINT('',(0.869735286115016,0.,-0.0216114902070021));
#4794=CARTESIAN_POINT('',(0.876516915825777,-0.616894,-0.0190317736782404));
#4795=CARTESIAN_POINT('',(0.87395530652673,-0.616894,-0.0186681667404597));
#4796=CARTESIAN_POINT('',(0.87139771006306,-0.616894,-0.0182759891734134));
#4797=CARTESIAN_POINT('',(0.867189602960402,0.,-0.0210807033692666));
#4798=CARTESIAN_POINT('',(0.864643919805788,0.,-0.0205499165315312));
#4799=CARTESIAN_POINT('',(0.86210697297835,0.,-0.0199760526580105));
#4800=CARTESIAN_POINT('',(0.868845727408635,-0.616894,-0.0178494192180398));
#4801=CARTESIAN_POINT('',(0.866293744754211,-0.616894,-0.0174228492626663));
#4802=CARTESIAN_POINT('',(0.863747962961395,-0.616894,-0.0169599046011118));
#4803=CARTESIAN_POINT('',(0.859584008331981,0.,-0.0193459074746279));
#4804=CARTESIAN_POINT('',(0.857061043685611,0.,-0.0187157622912453));
#4805=CARTESIAN_POINT('',(0.85455175284648,0.,-0.0180297515016976));
#4806=CARTESIAN_POINT('',(0.861210690916618,-0.616894,-0.016453121818751));
#4807=CARTESIAN_POINT('',(0.858673418871841,-0.616894,-0.0159463390363903));
#4808=CARTESIAN_POINT('',(0.856145248670862,-0.616894,-0.0153938271374989));
#4809=CARTESIAN_POINT('',(0.852065548042132,0.,-0.0172673157554075));
#4810=CARTESIAN_POINT('',(0.850822445639958,0.,-0.0168860978822624));
#4811=CARTESIAN_POINT('',(0.849584971704058,0.,-0.0164859440460411));
#4812=CARTESIAN_POINT('',(0.853631545062201,-0.616894,-0.0147807126668696));
#4813=CARTESIAN_POINT('',(0.852374693257871,-0.616894,-0.014474155431555));
#4814=CARTESIAN_POINT('',(0.851121571991149,-0.616894,-0.0141520977645916));
#4815=CARTESIAN_POINT('',(0.848355746048284,0.,-0.0160621266746806));
#4816=CARTESIAN_POINT('',(0.84712652039251,0.,-0.0156383093033202));
#4817=CARTESIAN_POINT('',(0.845905543016861,0.,-0.0151908283968207));
#4818=CARTESIAN_POINT('',(0.849873926565417,-0.616894,-0.0138104002786101));
#4819=CARTESIAN_POINT('',(0.848626281139684,-0.616894,-0.0134687027926287));
#4820=CARTESIAN_POINT('',(0.847383316315372,-0.616894,-0.0131091633167139));
#4821=CARTESIAN_POINT('',(0.844695433735188,0.,-0.0147149563831193));
#4822=CARTESIAN_POINT('',(0.843485324453514,0.,-0.014239084369418));
#4823=CARTESIAN_POINT('',(0.842287001954527,0.,-0.0137334894314764));
#4824=CARTESIAN_POINT('',(0.846147687032475,-0.616894,-0.0127258778028946));
#4825=CARTESIAN_POINT('',(0.844912057749578,-0.616894,-0.0123425922890754));
#4826=CARTESIAN_POINT('',(0.84368401462248,-0.616894,-0.0119350294920984));
#4827=CARTESIAN_POINT('',(0.84110509971864,0.,-0.0131912768793487));
#4828=CARTESIAN_POINT('',(0.840514148600697,0.,-0.0129201706032848));
#4829=CARTESIAN_POINT('',(0.839927772145243,0.,-0.0126392955217108));
#4830=CARTESIAN_POINT('',(0.842466470820134,-0.616894,-0.011497611693232));
#4831=CARTESIAN_POINT('',(0.841857698918961,-0.616894,-0.0112789027937987));
#4832=CARTESIAN_POINT('',(0.841251873278758,-0.616894,-0.0110521329145764));
#4833=CARTESIAN_POINT('',(0.839346578804306,0.,-0.0123478739488943));
#4834=CARTESIAN_POINT('',(0.838765385463369,0.,-0.0120564523760778));
#4835=CARTESIAN_POINT('',(0.838189579425245,0.,-0.0117541653276059));
#4836=CARTESIAN_POINT('',(0.840649425047426,-0.616894,-0.0108166037025543));
#4837=CARTESIAN_POINT('',(0.840046976816095,-0.616894,-0.0105810744905323));
#4838=CARTESIAN_POINT('',(0.839447941381444,-0.616894,-0.0103366469048709));
#4839=CARTESIAN_POINT('',(0.837621219868647,0.,-0.0114387096373939));
#4840=CARTESIAN_POINT('',(0.836484500755449,0.,-0.01080779825697));
#4841=CARTESIAN_POINT('',(0.835373874638215,0.,-0.0101276468327132));
#4842=CARTESIAN_POINT('',(0.838853822367965,-0.616894,-0.0100810327823886));
#4843=CARTESIAN_POINT('',(0.837665584341007,-0.616894,-0.00956980453742401));
#4844=CARTESIAN_POINT('',(0.836493938926537,-0.616894,-0.00901789003557678));
#4845=CARTESIAN_POINT('',(0.834312788675482,0.,-0.00937589564928601));
#4846=CARTESIAN_POINT('',(0.833782245694115,0.,-0.00900002005757244));
#4847=CARTESIAN_POINT('',(0.833264690139361,0.,-0.00860583334935482));
#4848=CARTESIAN_POINT('',(0.835355978587251,-0.616894,-0.00840245468470189));
#4849=CARTESIAN_POINT('',(0.834786998417608,-0.616894,-0.00809473700926446));
#4850=CARTESIAN_POINT('',(0.834226668717576,-0.616894,-0.00777098155926136));
#4851=CARTESIAN_POINT('',(0.832764841343511,0.,-0.00819007718278814));
#4852=CARTESIAN_POINT('',(0.832264992547661,0.,-0.00777432101622145));
#4853=CARTESIAN_POINT('',(0.831783287625868,0.,-0.00733660688729799));
#4854=CARTESIAN_POINT('',(0.833678679896313,-0.616894,-0.00742720661166642));
#4855=CARTESIAN_POINT('',(0.83313069107505,-0.616894,-0.00708343166407147));
#4856=CARTESIAN_POINT('',(0.83259504507264,-0.616894,-0.00671951747734456));
#4857=CARTESIAN_POINT('',(0.831327344804197,0.,-0.00687304772676451));
#4858=CARTESIAN_POINT('',(0.830871401982527,0.,-0.00640948856623103));
#4859=CARTESIAN_POINT('',(0.830441864099667,0.,-0.00591961633169816));
#4860=CARTESIAN_POINT('',(0.832079457640181,-0.616894,-0.00632905104680622));
#4861=CARTESIAN_POINT('',(0.831563870207721,-0.616894,-0.00593858461626788));
#4862=CARTESIAN_POINT('',(0.831067212149824,-0.616894,-0.00552219363601492));
#4863=CARTESIAN_POINT('',(0.83005120958511,0.,-0.00539993380839983));
#4864=CARTESIAN_POINT('',(0.829660555070553,0.,-0.00488025128510152));
#4865=CARTESIAN_POINT('',(0.829308754156383,0.,-0.0043303558474063));
#4866=CARTESIAN_POINT('',(0.830603061873163,-0.616894,-0.00507154138538788));
#4867=CARTESIAN_POINT('',(0.830138911596501,-0.616894,-0.00462088913476085));
#4868=CARTESIAN_POINT('',(0.82970731231293,-0.616894,-0.00413546339032491));
#4869=CARTESIAN_POINT('',(0.829014701346728,0.,-0.00375064547913601));
#4870=CARTESIAN_POINT('',(0.828720648537074,0.,-0.00317093511086571));
#4871=CARTESIAN_POINT('',(0.828484179947689,0.,-0.00256086555597137));
#4872=CARTESIAN_POINT('',(0.829332819016065,-0.616894,-0.0036080032145628));
#4873=CARTESIAN_POINT('',(0.8289583257192,-0.616894,-0.00308054303880068));
#4874=CARTESIAN_POINT('',(0.82864159384699,-0.616894,-0.00250948368808383));
#4875=CARTESIAN_POINT('',(0.828324400365999,0.,-0.00193072751125194));
#4876=CARTESIAN_POINT('',(0.828244510575154,0.,-0.00161565848889221));
#4877=CARTESIAN_POINT('',(0.828183576767948,0.,-0.0012955578822102));
#4878=CARTESIAN_POINT('',(0.828421724978594,-0.616894,-0.00190125908671883));
#4879=CARTESIAN_POINT('',(0.828311790544396,-0.616894,-0.00159714678603632));
#4880=CARTESIAN_POINT('',(0.828226130769539,-0.616894,-0.00128415967335448));
#4881=CARTESIAN_POINT('',(0.828142962290922,0.,-0.00097308685101351));
#4882=CARTESIAN_POINT('',(0.828102347813896,0.,-0.000650615819816837));
#4883=CARTESIAN_POINT('',(0.828082,0.,-0.000324511839568574));
#4884=CARTESIAN_POINT('',(0.828082,0.,0.));
#4885=CARTESIAN_POINT('',(0.828168631855799,-0.616894,-0.000965695753277604));
#4886=CARTESIAN_POINT('',(0.828111132942059,-0.616894,-0.000647231833200749));
#4887=CARTESIAN_POINT('',(0.828082,-0.616894,-0.000322636948244101));
#4888=CARTESIAN_POINT('',(0.828082,-0.616894,0.));
#4889=ORIENTED_EDGE('',*,*,#2863,.T.);
#4890=ORIENTED_EDGE('',*,*,#2121,.T.);
#4891=ORIENTED_EDGE('',*,*,#2098,.T.);
#4892=ORIENTED_EDGE('',*,*,#1961,.T.);
#4893=EDGE_LOOP('',(#4889, #4890, #4891, #4892));
#4894=FACE_OUTER_BOUND('',#4893,.T.);
#4895=ADVANCED_FACE('',(#4894),#4664,.T.);
#4896=B_SPLINE_SURFACE_WITH_KNOTS('Surf_UVXOMYLYKZ, WING, 0, 11',1,3,((#4897, #4898, #4899, #4903, #4904, #4905, #4909, #4910, #4911, #4915, #4916, #4917, #4921, #4922, #4923, #4927, #4928, #4929, #4933, #4934, #4935, #4939, #4940, #4941, #4945, #4946, #4947, #4951, #4952, #4953, #4957, #4958, #4959, #4963, #4964, #4965, #4969, #4970, #4971, #4975, #4976, #4977, #4981, #4982, #4983, #4987, #4988, #4989, #4993, #4994, #4995, #4999, #5000, #5001, #5005, #5006, #5007, #5011, #5012, #5013, #5017, #5018, #5019, #5023, #5024, #5025, #5029, #5030, #5031, #5035, #5036, #5037, #5041, #5042, #5043, #5047, #5048, #5049, #5053, #5054, #5055, #5059, #5060, #5061, #5065, #5066, #5067, #5071, #5072, #5073, #5077, #5078, #5079, #5083, #5084, #5085, #5089, #5090, #5091, #5095, #5096, #5097, #5101, #5102, #5103, #5107, #5108, #5109, #5113, #5114, #5115, #5116),(#4900, #4901, #4902, #4906, #4907, #4908, #4912, #4913, #4914, #4918, #4919, #4920, #4924, #4925, #4926, #4930, #4931, #4932, #4936, #4937, #4938, #4942, #4943, #4944, #4948, #4949, #4950, #4954, #4955, #4956, #4960, #4961, #4962, #4966, #4967, #4968, #4972, #4973, #4974, #4978, #4979, #4980, #4984, #4985, #4986, #4990, #4991, #4992, #4996, #4997, #4998, #5002, #5003, #5004, #5008, #5009, #5010, #5014, #5015, #5016, #5020, #5021, #5022, #5026, #5027, #5028, #5032, #5033, #5034, #5038, #5039, #5040, #5044, #5045, #5046, #5050, #5051, #5052, #5056, #5057, #5058, #5062, #5063, #5064, #5068, #5069, #5070, #5074, #5075, #5076, #5080, #5081, #5082, #5086, #5087, #5088, #5092, #5093, #5094, #5098, #5099, #5100, #5104, #5105, #5106, #5110, #5111, #5112, #5117, #5118, #5119, #5120)),.UNSPECIFIED.,.F.,.F.,.F.,(2,2),(4,3,3,3,3,3,3,3,3,3,3,3,3,3,3,3,3,3,3,3,3,3,3,3,3,3,3,3,3,3,3,3,3,3,3,3,3,4),(0.,1.),(0.,1.,2.,3.,4.,5.,6.,7.,8.,9.,10.,11.,12.,13.,14.,15.,16.,17.,18.,19.,20.,21.,22.,23.,24.,25.,26.,27.,28.,29.,30.,31.,32.,33.,34.,35.,36.,37.),.PIECEWISE_BEZIER_KNOTS.);
#4897=CARTESIAN_POINT('',(0.828082,0.,0.));
#4898=CARTESIAN_POINT('',(0.828082,0.,0.000324511839568574));
#4899=CARTESIAN_POINT('',(0.828102347813896,0.,0.000650615819816808));
#4900=CARTESIAN_POINT('',(0.828082,-0.616894,0.));
#4901=CARTESIAN_POINT('',(0.828082,-0.616894,0.000322636948244101));
#4902=CARTESIAN_POINT('',(0.828111132942059,-0.616894,0.000647231833200781));
#4903=CARTESIAN_POINT('',(0.828142962290922,0.,0.000973086851013444));
#4904=CARTESIAN_POINT('',(0.828183576767948,0.,0.00129555788221012));
#4905=CARTESIAN_POINT('',(0.828244510575154,0.,0.00161565848889207));
#4906=CARTESIAN_POINT('',(0.828168631855799,-0.616894,0.000965695753277535));
#4907=CARTESIAN_POINT('',(0.828226130769539,-0.616894,0.00128415967335432));
#4908=CARTESIAN_POINT('',(0.828311790544396,-0.616894,0.00159714678603636));
#4909=CARTESIAN_POINT('',(0.828324400365999,0.,0.00193072751125188));
#4910=CARTESIAN_POINT('',(0.828484179947689,0.,0.00256086555597142));
#4911=CARTESIAN_POINT('',(0.828720648537074,0.,0.00317093511086582));
#4912=CARTESIAN_POINT('',(0.828421724978594,-0.616894,0.00190125908671882));
#4913=CARTESIAN_POINT('',(0.82864159384699,-0.616894,0.00250948368808368));
#4914=CARTESIAN_POINT('',(0.8289583257192,-0.616894,0.00308054303880049));
#4915=CARTESIAN_POINT('',(0.829014701346728,0.,0.00375064547913621));
#4916=CARTESIAN_POINT('',(0.829308754156383,0.,0.0043303558474066));
#4917=CARTESIAN_POINT('',(0.829660555070553,0.,0.00488025128510176));
#4918=CARTESIAN_POINT('',(0.829332819016065,-0.616894,0.0036080032145627));
#4919=CARTESIAN_POINT('',(0.82970731231293,-0.616894,0.00413546339032492));
#4920=CARTESIAN_POINT('',(0.830138911596501,-0.616894,0.0046208891347608));
#4921=CARTESIAN_POINT('',(0.83005120958511,0.,0.00539993380839991));
#4922=CARTESIAN_POINT('',(0.830441864099667,0.,0.00591961633169806));
#4923=CARTESIAN_POINT('',(0.830871401982527,0.,0.00640948856623104));
#4924=CARTESIAN_POINT('',(0.830603061873163,-0.616894,0.00507154138538783));
#4925=CARTESIAN_POINT('',(0.831067212149824,-0.616894,0.00552219363601487));
#4926=CARTESIAN_POINT('',(0.831563870207721,-0.616894,0.00593858461626806));
#4927=CARTESIAN_POINT('',(0.831327344804198,0.,0.00687304772676464));
#4928=CARTESIAN_POINT('',(0.831783287625869,0.,0.00733660688729823));
#4929=CARTESIAN_POINT('',(0.832264992547661,0.,0.00777432101622152));
#4930=CARTESIAN_POINT('',(0.832079457640181,-0.616894,0.00632905104680625));
#4931=CARTESIAN_POINT('',(0.83259504507264,-0.616894,0.00671951747734443));
#4932=CARTESIAN_POINT('',(0.83313069107505,-0.616894,0.00708343166407136));
#4933=CARTESIAN_POINT('',(0.832764841343511,0.,0.00819007718278817));
#4934=CARTESIAN_POINT('',(0.833264690139361,0.,0.00860583334935485));
#4935=CARTESIAN_POINT('',(0.833782245694115,0.,0.00900002005757253));
#4936=CARTESIAN_POINT('',(0.833678679896313,-0.616894,0.00742720661166632));
#4937=CARTESIAN_POINT('',(0.834226668717576,-0.616894,0.0077709815592613));
#4938=CARTESIAN_POINT('',(0.834786998417607,-0.616894,0.00809473700926433));
#4939=CARTESIAN_POINT('',(0.834312788675482,0.,0.00937589564928618));
#4940=CARTESIAN_POINT('',(0.835373874638216,0.,0.0101276468327134));
#4941=CARTESIAN_POINT('',(0.836484500755449,0.,0.01080779825697));
#4942=CARTESIAN_POINT('',(0.835355978587251,-0.616894,0.00840245468470181));
#4943=CARTESIAN_POINT('',(0.836493938926537,-0.616894,0.00901789003557674));
#4944=CARTESIAN_POINT('',(0.837665584341007,-0.616894,0.00956980453742391));
#4945=CARTESIAN_POINT('',(0.837621219868647,0.,0.011438709637394));
#4946=CARTESIAN_POINT('',(0.838189579425246,0.,0.011754165327606));
#4947=CARTESIAN_POINT('',(0.838765385463369,0.,0.0120564523760779));
#4948=CARTESIAN_POINT('',(0.838853822367965,-0.616894,0.0100810327823885));
#4949=CARTESIAN_POINT('',(0.839447941381444,-0.616894,0.0103366469048708));
#4950=CARTESIAN_POINT('',(0.840046976816095,-0.616894,0.0105810744905323));
#4951=CARTESIAN_POINT('',(0.839346578804306,0.,0.0123478739488944));
#4952=CARTESIAN_POINT('',(0.839927772145244,0.,0.012639295521711));
#4953=CARTESIAN_POINT('',(0.840514148600697,0.,0.0129201706032849));
#4954=CARTESIAN_POINT('',(0.840649425047426,-0.616894,0.0108166037025543));
#4955=CARTESIAN_POINT('',(0.841251873278758,-0.616894,0.0110521329145763));
#4956=CARTESIAN_POINT('',(0.841857698918961,-0.616894,0.0112789027937987));
#4957=CARTESIAN_POINT('',(0.84110509971864,0.,0.0131912768793488));
#4958=CARTESIAN_POINT('',(0.842287001954527,0.,0.0137334894314765));
#4959=CARTESIAN_POINT('',(0.843485324453514,0.,0.0142390843694181));
#4960=CARTESIAN_POINT('',(0.842466470820134,-0.616894,0.0114976116932319));
#4961=CARTESIAN_POINT('',(0.84368401462248,-0.616894,0.0119350294920985));
#4962=CARTESIAN_POINT('',(0.844912057749578,-0.616894,0.0123425922890754));
#4963=CARTESIAN_POINT('',(0.844695433735188,0.,0.0147149563831194));
#4964=CARTESIAN_POINT('',(0.845905543016861,0.,0.0151908283968207));
#4965=CARTESIAN_POINT('',(0.84712652039251,0.,0.0156383093033202));
#4966=CARTESIAN_POINT('',(0.846147687032475,-0.616894,0.0127258778028946));
#4967=CARTESIAN_POINT('',(0.847383316315371,-0.616894,0.0131091633167138));
#4968=CARTESIAN_POINT('',(0.848626281139684,-0.616894,0.0134687027926286));
#4969=CARTESIAN_POINT('',(0.848355746048285,0.,0.0160621266746807));
#4970=CARTESIAN_POINT('',(0.849584971704059,0.,0.0164859440460411));
#4971=CARTESIAN_POINT('',(0.850822445639958,0.,0.0168860978822625));
#4972=CARTESIAN_POINT('',(0.849873926565416,-0.616894,0.0138104002786101));
#4973=CARTESIAN_POINT('',(0.851121571991149,-0.616894,0.0141520977645916));
#4974=CARTESIAN_POINT('',(0.85237469325787,-0.616894,0.0144741554315549));
#4975=CARTESIAN_POINT('',(0.852065548042132,0.,0.0172673157554075));
#4976=CARTESIAN_POINT('',(0.854551752846481,0.,0.0180297515016976));
#4977=CARTESIAN_POINT('',(0.857061043685611,0.,0.0187157622912454));
#4978=CARTESIAN_POINT('',(0.853631545062201,-0.616894,0.0147807126668696));
#4979=CARTESIAN_POINT('',(0.856145248670862,-0.616894,0.0153938271374989));
#4980=CARTESIAN_POINT('',(0.85867341887184,-0.616894,0.0159463390363902));
#4981=CARTESIAN_POINT('',(0.859584008331981,0.,0.019345907474628));
#4982=CARTESIAN_POINT('',(0.862106972978351,0.,0.0199760526580107));
#4983=CARTESIAN_POINT('',(0.864643919805788,0.,0.0205499165315313));
#4984=CARTESIAN_POINT('',(0.861210690916618,-0.616894,0.016453121818751));
#4985=CARTESIAN_POINT('',(0.863747962961395,-0.616894,0.0169599046011118));
#4986=CARTESIAN_POINT('',(0.86629374475421,-0.616894,0.0174228492626663));
#4987=CARTESIAN_POINT('',(0.867189602960402,0.,0.0210807033692667));
#4988=CARTESIAN_POINT('',(0.869735286115016,0.,0.0216114902070021));
#4989=CARTESIAN_POINT('',(0.872290296316814,0.,0.0220977934404158));
#4990=CARTESIAN_POINT('',(0.868845727408635,-0.616894,0.0178494192180398));
#4991=CARTESIAN_POINT('',(0.87139771006306,-0.616894,0.0182759891734133));
#4992=CARTESIAN_POINT('',(0.873955306526729,-0.616894,0.0186681667404597));
#4993=CARTESIAN_POINT('',(0.874851281509232,0.,0.0225492549357172));
#4994=CARTESIAN_POINT('',(0.876131774105441,0.,0.022774985683368));
#4995=CARTESIAN_POINT('',(0.87741379129654,0.,0.0229919268685894));
#4996=CARTESIAN_POINT('',(0.876516915825777,-0.616894,0.0190317736782403));
#4997=CARTESIAN_POINT('',(0.877797720475301,-0.616894,0.0192135771471306));
#4998=CARTESIAN_POINT('',(0.879079715033104,-0.616894,0.0193875338116245));
#4999=CARTESIAN_POINT('',(0.878697138944564,0.,0.0232007044244072));
#5000=CARTESIAN_POINT('',(0.879980486592589,0.,0.023409481980225));
#5001=CARTESIAN_POINT('',(0.88126516469754,0.,0.0236100959066392));
#5002=CARTESIAN_POINT('',(0.880362420630688,-0.616894,0.0195555117497842));
#5003=CARTESIAN_POINT('',(0.881645126228273,-0.616894,0.0197234896879439));
#5004=CARTESIAN_POINT('',(0.882928624510521,-0.616894,0.0198851443956449));
#5005=CARTESIAN_POINT('',(0.882550979121454,0.,0.0238031721366753));
#5006=CARTESIAN_POINT('',(0.88512260796928,0.,0.0241893245967475));
#5007=CARTESIAN_POINT('',(0.887698628889483,0.,0.0245459401296606));
#5008=CARTESIAN_POINT('',(0.884212974212424,-0.616894,0.0200402792450656));
#5009=CARTESIAN_POINT('',(0.88678167361623,-0.616894,0.0203505489439072));
#5010=CARTESIAN_POINT('',(0.889353135493411,-0.616894,0.0206372450405693));
#5011=CARTESIAN_POINT('',(0.890278082013957,0.,0.0248762884709665));
#5012=CARTESIAN_POINT('',(0.892857535138432,0.,0.0252066368122724));
#5013=CARTESIAN_POINT('',(0.895439974978491,0.,0.0255124299243814));
#5014=CARTESIAN_POINT('',(0.891926749522149,-0.616894,0.0209031916987724));
#5015=CARTESIAN_POINT('',(0.894500363550887,-0.616894,0.0211691383569755));
#5016=CARTESIAN_POINT('',(0.897076129731182,-0.616894,0.0214143355767195));
#5017=CARTESIAN_POINT('',(0.89802510226409,0.,0.0257948678859273));
#5018=CARTESIAN_POINT('',(0.903195356835286,0.,0.0263597438090191));
#5019=CARTESIAN_POINT('',(0.908374707137631,0.,0.0268375512436521));
#5020=CARTESIAN_POINT('',(0.899653437741219,-0.616894,0.0216416075217248));
#5021=CARTESIAN_POINT('',(0.904808053761292,-0.616894,0.0220961514117355));
#5022=CARTESIAN_POINT('',(0.909969017033738,-0.616894,0.0224780290685939));
#5023=CARTESIAN_POINT('',(0.91355990822359,0.,0.0272426245624327));
#5024=CARTESIAN_POINT('',(0.923930310395509,0.,0.0280527711999938));
#5025=CARTESIAN_POINT('',(0.934321265835559,0.,0.0285836901988019));
#5026=CARTESIAN_POINT('',(0.915133449292334,-0.616894,0.0228028734900236));
#5027=CARTESIAN_POINT('',(0.925462313809527,-0.616894,0.0234525623328831));
#5028=CARTESIAN_POINT('',(0.935804986499888,-0.616894,0.0238732847908485));
#5029=CARTESIAN_POINT('',(0.944717493410799,0.,0.0289202585143859));
#5030=CARTESIAN_POINT('',(0.947316550304609,0.,0.0290044005932818));
#5031=CARTESIAN_POINT('',(0.949916017239384,0.,0.0290760054263706));
#5032=CARTESIAN_POINT('',(0.946150701120676,-0.616894,0.0241379178324456));
#5033=CARTESIAN_POINT('',(0.948737129775873,-0.616894,0.0242040760928449));
#5034=CARTESIAN_POINT('',(0.95132393061751,-0.616894,0.0242591485605297));
#5035=CARTESIAN_POINT('',(0.952515768053761,0.,0.0291359373890501));
#5036=CARTESIAN_POINT('',(0.955115518868139,0.,0.0291958693517296));
#5037=CARTESIAN_POINT('',(0.957715553562119,0.,0.029244128444));
#5038=CARTESIAN_POINT('',(0.953910842183612,-0.616894,0.0243053119993336));
#5039=CARTESIAN_POINT('',(0.956497753749715,-0.616894,0.0243514754381375));
#5040=CARTESIAN_POINT('',(0.959084755820575,-0.616894,0.0243888718982213));
#5041=CARTESIAN_POINT('',(0.960315745974342,0.,0.0292815790412592));
#5042=CARTESIAN_POINT('',(0.965516130798787,0.,0.0293564802357777));
#5043=CARTESIAN_POINT('',(0.970717033938195,0.,0.0293892272742138));
#5044=CARTESIAN_POINT('',(0.961671937970704,-0.616894,0.024416759940481));
#5045=CARTESIAN_POINT('',(0.966846302270962,-0.616894,0.0244725360250004));
#5046=CARTESIAN_POINT('',(0.972020949073907,-0.616894,0.0244941592326624));
#5047=CARTESIAN_POINT('',(0.975917972856273,0.,0.0293837789175456));
#5048=CARTESIAN_POINT('',(0.978518442315312,0.,0.0293810547392115));
#5049=CARTESIAN_POINT('',(0.981118813916459,0.,0.0293698074526388));
#5050=CARTESIAN_POINT('',(0.977195583685889,-0.616894,0.024484761539877));
#5051=CARTESIAN_POINT('',(0.97978290099188,-0.616894,0.0244800626934843));
#5052=CARTESIAN_POINT('',(0.982370191701888,-0.616894,0.0244678036754743));
#5053=CARTESIAN_POINT('',(0.983719178549251,0.,0.029349117073821));
#5054=CARTESIAN_POINT('',(0.986319543182043,0.,0.0293284266950033));
#5055=CARTESIAN_POINT('',(0.988919882974722,0.,0.0292985054901695));
#5056=CARTESIAN_POINT('',(0.98495742635046,-0.616894,0.0244483962235492));
#5057=CARTESIAN_POINT('',(0.987544660999032,-0.616894,0.0244289887716241));
#5058=CARTESIAN_POINT('',(0.990131839586167,-0.616894,0.0244024328857839));
#5059=CARTESIAN_POINT('',(0.991520045597939,0.,0.0292609626052609));
#5060=CARTESIAN_POINT('',(0.996720370844372,0.,0.0291858768354436));
#5061=CARTESIAN_POINT('',(1.00192026633709,0.,0.0290769754624495));
#5062=CARTESIAN_POINT('',(0.992718932646411,-0.616894,0.0243691403037307));
#5063=CARTESIAN_POINT('',(0.9978931187669,-0.616894,0.0243025551396244));
#5064=CARTESIAN_POINT('',(1.00306696277983,-0.616894,0.0242090231906663));
#5065=CARTESIAN_POINT('',(1.00711928330971,0.,0.0289401891816833));
#5066=CARTESIAN_POINT('',(1.01231830028234,0.,0.0288034029009171));
#5067=CARTESIAN_POINT('',(1.01751663778723,0.,0.0286360099587308));
#5068=CARTESIAN_POINT('',(1.00824022896156,-0.616894,0.0240918383584735));
#5069=CARTESIAN_POINT('',(1.01341349514329,-0.616894,0.0239746535262807));
#5070=CARTESIAN_POINT('',(1.01858624893959,-0.616894,0.0238330591741463));
#5071=CARTESIAN_POINT('',(1.02271393288689,0.,0.0284433894333466));
#5072=CARTESIAN_POINT('',(1.02791122798655,0.,0.0282507689079623));
#5073=CARTESIAN_POINT('',(1.03310757185309,0.,0.0280318490405803));
#5074=CARTESIAN_POINT('',(1.02375830425422,-0.616894,0.0236702585964605));
#5075=CARTESIAN_POINT('',(1.02893035956885,-0.616894,0.0235074580187747));
#5076=CARTESIAN_POINT('',(1.03410173645497,-0.616894,0.0233234991480593));
#5077=CARTESIAN_POINT('',(1.0383028051167,0.,0.0277894862735548));
#5078=CARTESIAN_POINT('',(1.04869327164392,0.,0.0273047607395037));
#5079=CARTESIAN_POINT('',(1.05907930703179,0.,0.0267274908180217));
#5080=CARTESIAN_POINT('',(1.0392723578443,-0.616894,0.0231199764642137));
#5081=CARTESIAN_POINT('',(1.04961360062295,-0.616894,0.0227129310965225));
#5082=CARTESIAN_POINT('',(1.05995176318964,-0.616894,0.0222303510316279));
#5083=CARTESIAN_POINT('',(1.06946047898237,0.,0.0260730262540827));
#5084=CARTESIAN_POINT('',(1.07984165093295,0.,0.0254185616901437));
#5085=CARTESIAN_POINT('',(1.09021796629669,0.,0.0246891269363847));
#5086=CARTESIAN_POINT('',(1.07028658082969,-0.616894,0.0216839845897855));
#5087=CARTESIAN_POINT('',(1.08062139846974,-0.616894,0.0211376181479432));
#5088=CARTESIAN_POINT('',(1.09095283919175,-0.616894,0.0205296646742523));
#5089=CARTESIAN_POINT('',(1.10058938315076,0.,0.023895085977093));
#5090=CARTESIAN_POINT('',(1.11096080000483,0.,0.0231010450178014));
#5091=CARTESIAN_POINT('',(1.12132733343064,0.,0.0222443860737555));
#5092=CARTESIAN_POINT('',(1.10128092947307,-0.616894,0.0198687844883327));
#5093=CARTESIAN_POINT('',(1.11160901975438,-0.616894,0.0192079043024131));
#5094=CARTESIAN_POINT('',(1.12193375959502,-0.616894,0.0184940974042647));
#5095=CARTESIAN_POINT('',(1.13168907937017,0.,0.021333069488545));
#5096=CARTESIAN_POINT('',(1.1420508253097,0.,0.0204217529033344));
#5097=CARTESIAN_POINT('',(1.15240779544457,0.,0.0194564315695069));
#5098=CARTESIAN_POINT('',(1.1322551754723,-0.616894,0.0177360241135074));
#5099=CARTESIAN_POINT('',(1.14257659134959,-0.616894,0.01697795082275));
#5100=CARTESIAN_POINT('',(1.15289472438472,-0.616894,0.0161757239834819));
#5101=CARTESIAN_POINT('',(1.16276010417251,0.,0.0184438253278017));
#5102=CARTESIAN_POINT('',(1.17311241290045,0.,0.0174312190860965));
#5103=CARTESIAN_POINT('',(1.18346005466038,0.,0.0163707078130837));
#5104=CARTESIAN_POINT('',(1.16320961903622,-0.616894,0.0153336349282946));
#5105=CARTESIAN_POINT('',(1.17352451368771,-0.616894,0.0144915458731073));
#5106=CARTESIAN_POINT('',(1.18383616995558,-0.616894,0.0136095946020009));
#5107=CARTESIAN_POINT('',(1.19380306377256,0.,0.0152669532244562));
#5108=CARTESIAN_POINT('',(1.21448908199693,0.,0.0130594440472012));
#5109=CARTESIAN_POINT('',(1.23515676300072,0.,0.0106806983131787));
#5110=CARTESIAN_POINT('',(1.19414463229837,-0.616894,0.0126920724475669));
#5111=CARTESIAN_POINT('',(1.21476155698393,-0.616894,0.0108570281386991));
#5112=CARTESIAN_POINT('',(1.23536578751945,-0.616894,0.00887981912437284));
#5113=CARTESIAN_POINT('',(1.25580431301332,0.,0.00813854038532959));
#5114=CARTESIAN_POINT('',(1.27645186302592,0.,0.00559638245748047));
#5115=CARTESIAN_POINT('',(1.29707935184952,0.,0.00289061546884253));
#5116=CARTESIAN_POINT('',(1.317681,0.,0.));
#5117=CARTESIAN_POINT('',(1.25595604519184,-0.616894,0.00676654655157401));
#5118=CARTESIAN_POINT('',(1.27654630286422,-0.616894,0.00465327397877517));
#5119=CARTESIAN_POINT('',(1.29712263843714,-0.616894,0.00240378492471037));
#5120=CARTESIAN_POINT('',(1.317681,-0.616894,0.));
#5121=ORIENTED_EDGE('',*,*,#2121,.F.);
#5122=ORIENTED_EDGE('',*,*,#2595,.T.);
#5123=ORIENTED_EDGE('',*,*,#1961,.F.);
#5124=ORIENTED_EDGE('',*,*,#1938,.T.);
#5125=EDGE_LOOP('',(#5121, #5122, #5123, #5124));
#5126=FACE_OUTER_BOUND('',#5125,.T.);
#5127=ADVANCED_FACE('',(#5126),#4896,.T.);
#5128=B_SPLINE_SURFACE_WITH_KNOTS('Surf_UVXOMYLYKZ, WING, 0, 12',1,3,((#5129, #5130, #5131, #5135, #5136, #5137, #5141, #5142, #5143, #5147, #5148, #5149, #5153, #5154, #5155, #5159, #5160, #5161, #5165, #5166, #5167, #5171, #5172, #5173, #5177, #5178, #5179, #5183, #5184, #5185, #5189, #5190, #5191, #5195, #5196, #5197, #5201, #5202, #5203, #5207, #5208, #5209, #5213, #5214, #5215, #5219, #5220, #5221, #5225, #5226, #5227, #5231, #5232, #5233, #5237, #5238, #5239, #5243, #5244, #5245, #5249, #5250, #5251, #5255, #5256, #5257, #5261, #5262, #5263, #5267, #5268, #5269, #5273, #5274, #5275, #5279, #5280, #5281, #5285, #5286, #5287, #5291, #5292, #5293, #5297, #5298, #5299, #5303, #5304, #5305, #5309, #5310, #5311, #5315, #5316, #5317, #5321, #5322, #5323, #5327, #5328, #5329, #5333, #5334, #5335, #5339, #5340, #5341, #5345, #5346, #5347, #5348),(#5132, #5133, #5134, #5138, #5139, #5140, #5144, #5145, #5146, #5150, #5151, #5152, #5156, #5157, #5158, #5162, #5163, #5164, #5168, #5169, #5170, #5174, #5175, #5176, #5180, #5181, #5182, #5186, #5187, #5188, #5192, #5193, #5194, #5198, #5199, #5200, #5204, #5205, #5206, #5210, #5211, #5212, #5216, #5217, #5218, #5222, #5223, #5224, #5228, #5229, #5230, #5234, #5235, #5236, #5240, #5241, #5242, #5246, #5247, #5248, #5252, #5253, #5254, #5258, #5259, #5260, #5264, #5265, #5266, #5270, #5271, #5272, #5276, #5277, #5278, #5282, #5283, #5284, #5288, #5289, #5290, #5294, #5295, #5296, #5300, #5301, #5302, #5306, #5307, #5308, #5312, #5313, #5314, #5318, #5319, #5320, #5324, #5325, #5326, #5330, #5331, #5332, #5336, #5337, #5338, #5342, #5343, #5344, #5349, #5350, #5351, #5352)),.UNSPECIFIED.,.F.,.F.,.F.,(2,2),(4,3,3,3,3,3,3,3,3,3,3,3,3,3,3,3,3,3,3,3,3,3,3,3,3,3,3,3,3,3,3,3,3,3,3,3,3,4),(0.,1.),(0.,1.,2.,3.,4.,5.,6.,7.,8.,9.,10.,11.,12.,13.,14.,15.,16.,17.,18.,19.,20.,21.,22.,23.,24.,25.,26.,27.,28.,29.,30.,31.,32.,33.,34.,35.,36.,37.),.PIECEWISE_BEZIER_KNOTS.);
#5129=CARTESIAN_POINT('',(1.317681,-0.616894,0.));
#5130=CARTESIAN_POINT('',(1.29712263843714,-0.616894,-0.00240378492470988));
#5131=CARTESIAN_POINT('',(1.27654630286422,-0.616894,-0.00465327397877509));
#5132=CARTESIAN_POINT('',(1.64307618886544,-2.379449,0.));
#5133=CARTESIAN_POINT('',(1.62868534836849,-2.379449,-0.00168264797438648));
#5134=CARTESIAN_POINT('',(1.61428192607553,-2.379449,-0.00325728893386592));
#5135=CARTESIAN_POINT('',(1.25595604519184,-0.616894,-0.00676654655157397));
#5136=CARTESIAN_POINT('',(1.23536578751945,-0.616894,-0.00887981912437285));
#5137=CARTESIAN_POINT('',(1.21476155698394,-0.616894,-0.0108570281386991));
#5138=CARTESIAN_POINT('',(1.59986875832146,-2.379449,-0.00473657843992508));
#5139=CARTESIAN_POINT('',(1.5854555905674,-2.379449,-0.00621586794598425));
#5140=CARTESIAN_POINT('',(1.57103264181771,-2.379449,-0.007599913044485));
#5141=CARTESIAN_POINT('',(1.19414463229837,-0.616894,-0.0126920724475669));
#5142=CARTESIAN_POINT('',(1.18383616995558,-0.616894,-0.0136095946020008));
#5143=CARTESIAN_POINT('',(1.17352451368771,-0.616894,-0.0144915458731073));
#5144=CARTESIAN_POINT('',(1.55660080717075,-2.379449,-0.00888444293627578));
#5145=CARTESIAN_POINT('',(1.54938488984728,-2.379449,-0.00952670788217118));
#5146=CARTESIAN_POINT('',(1.5421667367782,-2.379449,-0.0101440732315333));
#5147=CARTESIAN_POINT('',(1.16320961903622,-0.616894,-0.0153336349282946));
#5148=CARTESIAN_POINT('',(1.15289472438472,-0.616894,-0.0161757239834819));
#5149=CARTESIAN_POINT('',(1.14257659134959,-0.616894,-0.01697795082275));
#5150=CARTESIAN_POINT('',(1.53494631684256,-2.379449,-0.0107335350541774));
#5151=CARTESIAN_POINT('',(1.52772589690693,-2.379449,-0.0113229968768215));
#5152=CARTESIAN_POINT('',(1.52050321010474,-2.379449,-0.0118845551727476));
#5153=CARTESIAN_POINT('',(1.1322551754723,-0.616894,-0.0177360241135074));
#5154=CARTESIAN_POINT('',(1.12193375959502,-0.616894,-0.0184940974042647));
#5155=CARTESIAN_POINT('',(1.11160901975439,-0.616894,-0.0192079043024131));
#5156=CARTESIAN_POINT('',(1.51327822531505,-2.379449,-0.0124152060117711));
#5157=CARTESIAN_POINT('',(1.50605324052536,-2.379449,-0.0129458568507946));
#5158=CARTESIAN_POINT('',(1.49882592896336,-2.379449,-0.0134455212421159));
#5159=CARTESIAN_POINT('',(1.10128092947307,-0.616894,-0.0198687844883327));
#5160=CARTESIAN_POINT('',(1.09095283919175,-0.616894,-0.0205296646742523));
#5161=CARTESIAN_POINT('',(1.08062139846974,-0.616894,-0.0211376181479431));
#5162=CARTESIAN_POINT('',(1.49159627209494,-2.379449,-0.0139081369673077));
#5163=CARTESIAN_POINT('',(1.48436661522651,-2.379449,-0.0143707526924995));
#5164=CARTESIAN_POINT('',(1.47713461305166,-2.379449,-0.0147963197515618));
#5165=CARTESIAN_POINT('',(1.07028658082969,-0.616894,-0.0216839845897855));
#5166=CARTESIAN_POINT('',(1.05995176318964,-0.616894,-0.0222303510316279));
#5167=CARTESIAN_POINT('',(1.04961360062295,-0.616894,-0.0227129310965225));
#5168=CARTESIAN_POINT('',(1.46990024703625,-2.379449,-0.0151787759260675));
#5169=CARTESIAN_POINT('',(1.46266588102084,-2.379449,-0.0155612321005731));
#5170=CARTESIAN_POINT('',(1.45542917355882,-2.379449,-0.0158990378503002));
#5171=CARTESIAN_POINT('',(1.0392723578443,-0.616894,-0.0231199764642137));
#5172=CARTESIAN_POINT('',(1.03410173645497,-0.616894,-0.0233234991480593));
#5173=CARTESIAN_POINT('',(1.02893035956885,-0.616894,-0.0235074580187747));
#5174=CARTESIAN_POINT('',(1.44819030995033,-2.379449,-0.0161839693582684));
#5175=CARTESIAN_POINT('',(1.44457087814608,-2.379449,-0.0163264351122525));
#5176=CARTESIAN_POINT('',(1.44095091749453,-2.379449,-0.0164552062090332));
#5177=CARTESIAN_POINT('',(1.02375830425422,-0.616894,-0.0236702585964605));
#5178=CARTESIAN_POINT('',(1.01858624893959,-0.616894,-0.0238330591741463));
#5179=CARTESIAN_POINT('',(1.01341349514329,-0.616894,-0.0239746535262807));
#5180=CARTESIAN_POINT('',(1.43733048194345,-2.379449,-0.0165691665136578));
#5181=CARTESIAN_POINT('',(1.43371004639237,-2.379449,-0.0166831268182824));
#5182=CARTESIAN_POINT('',(1.43008912190454,-2.379449,-0.0167822427780151));
#5183=CARTESIAN_POINT('',(1.00824022896156,-0.616894,-0.0240918383584735));
#5184=CARTESIAN_POINT('',(1.00306696277983,-0.616894,-0.0242090231906663));
#5185=CARTESIAN_POINT('',(0.9978931187669,-0.616894,-0.0243025551396244));
#5186=CARTESIAN_POINT('',(1.42646783874723,-2.379449,-0.0168642720887454));
#5187=CARTESIAN_POINT('',(1.42284655558992,-2.379449,-0.0169463013994758));
#5188=CARTESIAN_POINT('',(1.41922486795112,-2.379449,-0.0170117737064351));
#5189=CARTESIAN_POINT('',(0.992718932646411,-0.616894,-0.0243691403037307));
#5190=CARTESIAN_POINT('',(0.990131839586167,-0.616894,-0.0244024328857839));
#5191=CARTESIAN_POINT('',(0.987544660999032,-0.616894,-0.0244289887716241));
#5192=CARTESIAN_POINT('',(1.41560294083725,-2.379449,-0.0170583832805098));
#5193=CARTESIAN_POINT('',(1.41379197728031,-2.379449,-0.0170816880675471));
#5194=CARTESIAN_POINT('',(1.4119809538546,-2.379449,-0.0171002771713632));
#5195=CARTESIAN_POINT('',(0.98495742635046,-0.616894,-0.0244483962235492));
#5196=CARTESIAN_POINT('',(0.982370191701889,-0.616894,-0.0244678036754743));
#5197=CARTESIAN_POINT('',(0.97978290099188,-0.616894,-0.0244800626934843));
#5198=CARTESIAN_POINT('',(1.41016989118591,-2.379449,-0.0171138623758189));
#5199=CARTESIAN_POINT('',(1.40835882851723,-2.379449,-0.0171274475802746));
#5200=CARTESIAN_POINT('',(1.40654772660558,-2.379449,-0.0171360288853699));
#5201=CARTESIAN_POINT('',(0.977195583685889,-0.616894,-0.024484761539877));
#5202=CARTESIAN_POINT('',(0.972020949073907,-0.616894,-0.0244941592326624));
#5203=CARTESIAN_POINT('',(0.966846302270962,-0.616894,-0.0244725360250004));
#5204=CARTESIAN_POINT('',(1.40473660607676,-2.379449,-0.0171393180749656));
#5205=CARTESIAN_POINT('',(1.40111436501911,-2.379449,-0.017145896454157));
#5206=CARTESIAN_POINT('',(1.39749211542779,-2.379449,-0.0171307602220432));
#5207=CARTESIAN_POINT('',(0.961671937970704,-0.616894,-0.024416759940481));
#5208=CARTESIAN_POINT('',(0.959084755820575,-0.616894,-0.0243888718982213));
#5209=CARTESIAN_POINT('',(0.956497753749715,-0.616894,-0.0243514754381375));
#5210=CARTESIAN_POINT('',(1.39387006358818,-2.379449,-0.0170917169970562));
#5211=CARTESIAN_POINT('',(1.39205903766838,-2.379449,-0.0170721953845627));
#5212=CARTESIAN_POINT('',(1.39024813780395,-2.379449,-0.0170460178854185));
#5213=CARTESIAN_POINT('',(0.953910842183613,-0.616894,-0.0243053119993336));
#5214=CARTESIAN_POINT('',(0.95132393061751,-0.616894,-0.0242591485605297));
#5215=CARTESIAN_POINT('',(0.948737129775873,-0.616894,-0.0242040760928449));
#5216=CARTESIAN_POINT('',(1.3884373012928,-2.379449,-0.0170137035065423));
#5217=CARTESIAN_POINT('',(1.38662646478165,-2.379449,-0.0169813891276661));
#5218=CARTESIAN_POINT('',(1.38481570577756,-2.379449,-0.0169428384340321));
#5219=CARTESIAN_POINT('',(0.946150701120676,-0.616894,-0.0241379178324456));
#5220=CARTESIAN_POINT('',(0.935804986499888,-0.616894,-0.0238732847908485));
#5221=CARTESIAN_POINT('',(0.925462313809527,-0.616894,-0.0234525623328831));
#5222=CARTESIAN_POINT('',(1.38300520730375,-2.379449,-0.0168965276922909));
#5223=CARTESIAN_POINT('',(1.37576321340849,-2.379449,-0.0167112847253258));
#5224=CARTESIAN_POINT('',(1.36852334886267,-2.379449,-0.0164167792625462));
#5225=CARTESIAN_POINT('',(0.915133449292335,-0.616894,-0.0228028734900237));
#5226=CARTESIAN_POINT('',(0.909969017033738,-0.616894,-0.0224780290685939));
#5227=CARTESIAN_POINT('',(0.904808053761292,-0.616894,-0.0220961514117355));
#5228=CARTESIAN_POINT('',(1.36129315002961,-2.379449,-0.0159619974706391));
#5229=CARTESIAN_POINT('',(1.35767805061308,-2.379449,-0.0157346065746855));
#5230=CARTESIAN_POINT('',(1.35406537948473,-2.379449,-0.0154672924488787));
#5231=CARTESIAN_POINT('',(0.899653437741219,-0.616894,-0.0216416075217249));
#5232=CARTESIAN_POINT('',(0.897076129731182,-0.616894,-0.0214143355767195));
#5233=CARTESIAN_POINT('',(0.894500363550887,-0.616894,-0.0211691383569755));
#5234=CARTESIAN_POINT('',(1.35045715142915,-2.379449,-0.0151491120043914));
#5235=CARTESIAN_POINT('',(1.34865303740136,-2.379449,-0.0149900217821477));
#5236=CARTESIAN_POINT('',(1.34685000265345,-2.379449,-0.0148183838785706));
#5237=CARTESIAN_POINT('',(0.891926749522149,-0.616894,-0.0209031916987724));
#5238=CARTESIAN_POINT('',(0.889353135493411,-0.616894,-0.0206372450405693));
#5239=CARTESIAN_POINT('',(0.88678167361623,-0.616894,-0.0203505489439072));
#5240=CARTESIAN_POINT('',(1.3450484744103,-2.379449,-0.0146322213807863));
#5241=CARTESIAN_POINT('',(1.34324694616716,-2.379449,-0.014446058883002));
#5242=CARTESIAN_POINT('',(1.34144692442879,-2.379449,-0.0142453717910104));
#5243=CARTESIAN_POINT('',(0.884212974212424,-0.616894,-0.0200402792450656));
#5244=CARTESIAN_POINT('',(0.882928624510521,-0.616894,-0.0198851443956449));
#5245=CARTESIAN_POINT('',(0.881645126228273,-0.616894,-0.0197234896879439));
#5246=CARTESIAN_POINT('',(1.33964883642008,-2.379449,-0.014028183191938));
#5247=CARTESIAN_POINT('',(1.33874979241573,-2.379449,-0.0139195888924018));
#5248=CARTESIAN_POINT('',(1.33785134440462,-2.379449,-0.0138064306960645));
#5249=CARTESIAN_POINT('',(0.880362420630688,-0.616894,-0.0195555117497842));
#5250=CARTESIAN_POINT('',(0.879079715033104,-0.616894,-0.0193875338116245));
#5251=CARTESIAN_POINT('',(0.877797720475301,-0.616894,-0.0192135771471307));
#5252=CARTESIAN_POINT('',(1.33695345127228,-2.379449,-0.0136888462422805));
#5253=CARTESIAN_POINT('',(1.33605555813995,-2.379449,-0.0135712617884966));
#5254=CARTESIAN_POINT('',(1.33515816273502,-2.379449,-0.0134494922299422));
#5255=CARTESIAN_POINT('',(0.876516915825777,-0.616894,-0.0190317736782404));
#5256=CARTESIAN_POINT('',(0.87395530652673,-0.616894,-0.0186681667404597));
#5257=CARTESIAN_POINT('',(0.87139771006306,-0.616894,-0.0182759891734134));
#5258=CARTESIAN_POINT('',(1.33426160026516,-2.379449,-0.0133222299131184));
#5259=CARTESIAN_POINT('',(1.33246847532545,-2.379449,-0.0130677052794708));
#5260=CARTESIAN_POINT('',(1.33067815936804,-2.379449,-0.0127931812228437));
#5261=CARTESIAN_POINT('',(0.868845727408635,-0.616894,-0.0178494192180398));
#5262=CARTESIAN_POINT('',(0.866293744754211,-0.616894,-0.0174228492626663));
#5263=CARTESIAN_POINT('',(0.863747962961395,-0.616894,-0.0169599046011118));
#5264=CARTESIAN_POINT('',(1.32889177307366,-2.379449,-0.0124945825154614));
#5265=CARTESIAN_POINT('',(1.32710538677928,-2.379449,-0.0121959838080791));
#5266=CARTESIAN_POINT('',(1.32532334108423,-2.379449,-0.0118719228286586));
#5267=CARTESIAN_POINT('',(0.861210690916618,-0.616894,-0.016453121818751));
#5268=CARTESIAN_POINT('',(0.858673418871841,-0.616894,-0.0159463390363903));
#5269=CARTESIAN_POINT('',(0.856145248670862,-0.616894,-0.0153938271374989));
#5270=CARTESIAN_POINT('',(1.32354725220759,-2.379449,-0.0115171751915354));
#5271=CARTESIAN_POINT('',(1.32177116333095,-2.379449,-0.0111624275544122));
#5272=CARTESIAN_POINT('',(1.32000144573939,-2.379449,-0.0107756695637379));
#5273=CARTESIAN_POINT('',(0.853631545062201,-0.616894,-0.0147807126668696));
#5274=CARTESIAN_POINT('',(0.852374693257871,-0.616894,-0.014474155431555));
#5275=CARTESIAN_POINT('',(0.851121571991149,-0.616894,-0.0141520977645916));
#5276=CARTESIAN_POINT('',(1.31824185475359,-2.379449,-0.010346489809981));
#5277=CARTESIAN_POINT('',(1.31736205926069,-2.379449,-0.0101318999331026));
#5278=CARTESIAN_POINT('',(1.31648487514183,-2.379449,-0.00990645976356788));
#5279=CARTESIAN_POINT('',(0.849873926565417,-0.616894,-0.0138104002786101));
#5280=CARTESIAN_POINT('',(0.848626281139684,-0.616894,-0.0134687027926287));
#5281=CARTESIAN_POINT('',(0.847383316315372,-0.616894,-0.0131091633167139));
#5282=CARTESIAN_POINT('',(1.31561152410831,-2.379449,-0.00966727173275474));
#5283=CARTESIAN_POINT('',(1.31473817307478,-2.379449,-0.0094280837019416));
#5284=CARTESIAN_POINT('',(1.31386809845939,-2.379449,-0.00917640628910775));
#5285=CARTESIAN_POINT('',(0.846147687032475,-0.616894,-0.0127258778028946));
#5286=CARTESIAN_POINT('',(0.844912057749578,-0.616894,-0.0123425922890754));
#5287=CARTESIAN_POINT('',(0.84368401462248,-0.616894,-0.0119350294920984));
#5288=CARTESIAN_POINT('',(1.31300315871849,-2.379449,-0.00890810666429107));
#5289=CARTESIAN_POINT('',(1.31213821897759,-2.379449,-0.0086398070394744));
#5290=CARTESIAN_POINT('',(1.3112785895411,-2.379449,-0.00835451333132316));
#5291=CARTESIAN_POINT('',(0.842466470820134,-0.616894,-0.011497611693232));
#5292=CARTESIAN_POINT('',(0.841857698918961,-0.616894,-0.0112789027937987));
#5293=CARTESIAN_POINT('',(0.841251873278758,-0.616894,-0.0110521329145764));
#5294=CARTESIAN_POINT('',(1.3104263096255,-2.379449,-0.00804832114014277));
#5295=CARTESIAN_POINT('',(1.3100001696677,-2.379449,-0.00789522504455258));
#5296=CARTESIAN_POINT('',(1.30957609209078,-2.379449,-0.00773648626804936));
#5297=CARTESIAN_POINT('',(0.840649425047426,-0.616894,-0.0108166037025543));
#5298=CARTESIAN_POINT('',(0.840046976816095,-0.616894,-0.0105810744905323));
#5299=CARTESIAN_POINT('',(0.839447941381444,-0.616894,-0.0103366469048709));
#5300=CARTESIAN_POINT('',(1.30915437869799,-2.379449,-0.00757161596395361));
#5301=CARTESIAN_POINT('',(1.30873266530521,-2.379449,-0.00740674565985787));
#5302=CARTESIAN_POINT('',(1.30831334086801,-2.379449,-0.00723564649966696));
#5303=CARTESIAN_POINT('',(0.838853822367965,-0.616894,-0.0100810327823886));
#5304=CARTESIAN_POINT('',(0.837665584341007,-0.616894,-0.00956980453742401));
#5305=CARTESIAN_POINT('',(0.836493938926537,-0.616894,-0.00901789003557678));
#5306=CARTESIAN_POINT('',(1.30789745792262,-2.379449,-0.00705671677055598));
#5307=CARTESIAN_POINT('',(1.30706569203184,-2.379449,-0.00669885731233401));
#5308=CARTESIAN_POINT('',(1.30624554095963,-2.379449,-0.00631251749922455));
#5309=CARTESIAN_POINT('',(0.835355978587251,-0.616894,-0.00840245468470189));
#5310=CARTESIAN_POINT('',(0.834786998417608,-0.616894,-0.00809473700926446));
#5311=CARTESIAN_POINT('',(0.834226668717576,-0.616894,-0.00777098155926136));
#5312=CARTESIAN_POINT('',(1.30544896941941,-2.379449,-0.00588171313071789));
#5313=CARTESIAN_POINT('',(1.3050506836493,-2.379449,-0.00566631094646457));
#5314=CARTESIAN_POINT('',(1.30465845320262,-2.379449,-0.00543968232984237));
#5315=CARTESIAN_POINT('',(0.833678679896313,-0.616894,-0.00742720661166642));
#5316=CARTESIAN_POINT('',(0.83313069107505,-0.616894,-0.00708343166407147));
#5317=CARTESIAN_POINT('',(0.83259504507264,-0.616894,-0.00671951747734456));
#5318=CARTESIAN_POINT('',(1.30427486136351,-2.379449,-0.00519904007717275));
#5319=CARTESIAN_POINT('',(1.30389126952441,-2.379449,-0.00495839782450313));
#5320=CARTESIAN_POINT('',(1.30351631765093,-2.379449,-0.00470365811678139));
#5321=CARTESIAN_POINT('',(0.832079457640181,-0.616894,-0.00632905104680622));
#5322=CARTESIAN_POINT('',(0.831563870207721,-0.616894,-0.00593858461626788));
#5323=CARTESIAN_POINT('',(0.831067212149824,-0.616894,-0.00552219363601492));
#5324=CARTESIAN_POINT('',(1.30315540676414,-2.379449,-0.00443033185466143));
#5325=CARTESIAN_POINT('',(1.30279449587734,-2.379449,-0.00415700559254147));
#5326=CARTESIAN_POINT('',(1.30244683554114,-2.379449,-0.00386553216150645));
#5327=CARTESIAN_POINT('',(0.830603061873163,-0.616894,-0.00507154138538788));
#5328=CARTESIAN_POINT('',(0.830138911596501,-0.616894,-0.00462088913476085));
#5329=CARTESIAN_POINT('',(0.82970731231293,-0.616894,-0.00413546339032491));
#5330=CARTESIAN_POINT('',(1.30212193063188,-2.379449,-0.00355007586220304));
#5331=CARTESIAN_POINT('',(1.30179702572262,-2.379449,-0.00323461956289965));
#5332=CARTESIAN_POINT('',(1.30149490648858,-2.379449,-0.00289482183923734));
#5333=CARTESIAN_POINT('',(0.829332819016065,-0.616894,-0.0036080032145628));
#5334=CARTESIAN_POINT('',(0.8289583257192,-0.616894,-0.00308054303880068));
#5335=CARTESIAN_POINT('',(0.82864159384699,-0.616894,-0.00250948368808383));
#5336=CARTESIAN_POINT('',(1.30123276141025,-2.379449,-0.00252560003940316));
#5337=CARTESIAN_POINT('',(1.30097061633191,-2.379449,-0.00215637823956897));
#5338=CARTESIAN_POINT('',(1.30074890421544,-2.379449,-0.00175663704398171));
#5339=CARTESIAN_POINT('',(0.828421724978594,-0.616894,-0.00190125908671883));
#5340=CARTESIAN_POINT('',(0.828311790544396,-0.616894,-0.00159714678603632));
#5341=CARTESIAN_POINT('',(0.828226130769539,-0.616894,-0.00128415967335448));
#5342=CARTESIAN_POINT('',(1.30059499614229,-2.379449,-0.00133088019571361));
#5343=CARTESIAN_POINT('',(1.30051804210571,-2.379449,-0.00111800177157956));
#5344=CARTESIAN_POINT('',(1.3004580803158,-2.379449,-0.000898910984483982));
#5345=CARTESIAN_POINT('',(0.828168631855799,-0.616894,-0.000965695753277604));
#5346=CARTESIAN_POINT('',(0.828111132942059,-0.616894,-0.000647231833200749));
#5347=CARTESIAN_POINT('',(0.828082,-0.616894,-0.000322636948244101));
#5348=CARTESIAN_POINT('',(0.828082,-0.616894,0.));
#5349=CARTESIAN_POINT('',(1.30041783111141,-2.379449,-0.000675986435567775));
#5350=CARTESIAN_POINT('',(1.30037758190703,-2.379449,-0.000453061886651581));
#5351=CARTESIAN_POINT('',(1.30035718886544,-2.379449,-0.000225845666076258));
#5352=CARTESIAN_POINT('',(1.30035718886544,-2.379449,0.));
#5353=ORIENTED_EDGE('',*,*,#2098,.F.);
#5354=ORIENTED_EDGE('',*,*,#1801,.T.);
#5355=ORIENTED_EDGE('',*,*,#1778,.T.);
#5356=ORIENTED_EDGE('',*,*,#1641,.T.);
#5357=EDGE_LOOP('',(#5353, #5354, #5355, #5356));
#5358=FACE_OUTER_BOUND('',#5357,.T.);
#5359=ADVANCED_FACE('',(#5358),#5128,.T.);
#5360=B_SPLINE_SURFACE_WITH_KNOTS('Surf_UVXOMYLYKZ, WING, 0, 13',1,3,((#5361, #5362, #5363, #5367, #5368, #5369, #5373, #5374, #5375, #5379, #5380, #5381, #5385, #5386, #5387, #5391, #5392, #5393, #5397, #5398, #5399, #5403, #5404, #5405, #5409, #5410, #5411, #5415, #5416, #5417, #5421, #5422, #5423, #5427, #5428, #5429, #5433, #5434, #5435, #5439, #5440, #5441, #5445, #5446, #5447, #5451, #5452, #5453, #5457, #5458, #5459, #5463, #5464, #5465, #5469, #5470, #5471, #5475, #5476, #5477, #5481, #5482, #5483, #5487, #5488, #5489, #5493, #5494, #5495, #5499, #5500, #5501, #5505, #5506, #5507, #5511, #5512, #5513, #5517, #5518, #5519, #5523, #5524, #5525, #5529, #5530, #5531, #5535, #5536, #5537, #5541, #5542, #5543, #5547, #5548, #5549, #5553, #5554, #5555, #5559, #5560, #5561, #5565, #5566, #5567, #5571, #5572, #5573, #5577, #5578, #5579, #5580),(#5364, #5365, #5366, #5370, #5371, #5372, #5376, #5377, #5378, #5382, #5383, #5384, #5388, #5389, #5390, #5394, #5395, #5396, #5400, #5401, #5402, #5406, #5407, #5408, #5412, #5413, #5414, #5418, #5419, #5420, #5424, #5425, #5426, #5430, #5431, #5432, #5436, #5437, #5438, #5442, #5443, #5444, #5448, #5449, #5450, #5454, #5455, #5456, #5460, #5461, #5462, #5466, #5467, #5468, #5472, #5473, #5474, #5478, #5479, #5480, #5484, #5485, #5486, #5490, #5491, #5492, #5496, #5497, #5498, #5502, #5503, #5504, #5508, #5509, #5510, #5514, #5515, #5516, #5520, #5521, #5522, #5526, #5527, #5528, #5532, #5533, #5534, #5538, #5539, #5540, #5544, #5545, #5546, #5550, #5551, #5552, #5556, #5557, #5558, #5562, #5563, #5564, #5568, #5569, #5570, #5574, #5575, #5576, #5581, #5582, #5583, #5584)),.UNSPECIFIED.,.F.,.F.,.F.,(2,2),(4,3,3,3,3,3,3,3,3,3,3,3,3,3,3,3,3,3,3,3,3,3,3,3,3,3,3,3,3,3,3,3,3,3,3,3,3,4),(0.,1.),(0.,1.,2.,3.,4.,5.,6.,7.,8.,9.,10.,11.,12.,13.,14.,15.,16.,17.,18.,19.,20.,21.,22.,23.,24.,25.,26.,27.,28.,29.,30.,31.,32.,33.,34.,35.,36.,37.),.PIECEWISE_BEZIER_KNOTS.);
#5361=CARTESIAN_POINT('',(0.828082,-0.616894,0.));
#5362=CARTESIAN_POINT('',(0.828082,-0.616894,0.000322636948244101));
#5363=CARTESIAN_POINT('',(0.828111132942059,-0.616894,0.000647231833200781));
#5364=CARTESIAN_POINT('',(1.30035718886544,-2.379449,0.));
#5365=CARTESIAN_POINT('',(1.30035718886544,-2.379449,0.000225845666076258));
#5366=CARTESIAN_POINT('',(1.30037758190703,-2.379449,0.000453061886651604));
#5367=CARTESIAN_POINT('',(0.828168631855799,-0.616894,0.000965695753277535));
#5368=CARTESIAN_POINT('',(0.828226130769539,-0.616894,0.00128415967335432));
#5369=CARTESIAN_POINT('',(0.828311790544396,-0.616894,0.00159714678603636));
#5370=CARTESIAN_POINT('',(1.30041783111141,-2.379449,0.000675986435567727));
#5371=CARTESIAN_POINT('',(1.3004580803158,-2.379449,0.000898910984483875));
#5372=CARTESIAN_POINT('',(1.30051804210571,-2.379449,0.00111800177157959));
#5373=CARTESIAN_POINT('',(0.828421724978594,-0.616894,0.00190125908671882));
#5374=CARTESIAN_POINT('',(0.82864159384699,-0.616894,0.00250948368808368));
#5375=CARTESIAN_POINT('',(0.8289583257192,-0.616894,0.00308054303880049));
#5376=CARTESIAN_POINT('',(1.30059499614229,-2.379449,0.00133088019571361));
#5377=CARTESIAN_POINT('',(1.30074890421544,-2.379449,0.00175663704398161));
#5378=CARTESIAN_POINT('',(1.30097061633191,-2.379449,0.00215637823956884));
#5379=CARTESIAN_POINT('',(0.829332819016065,-0.616894,0.0036080032145627));
#5380=CARTESIAN_POINT('',(0.82970731231293,-0.616894,0.00413546339032492));
#5381=CARTESIAN_POINT('',(0.830138911596501,-0.616894,0.0046208891347608));
#5382=CARTESIAN_POINT('',(1.30123276141025,-2.379449,0.00252560003940309));
#5383=CARTESIAN_POINT('',(1.30149490648858,-2.379449,0.00289482183923735));
#5384=CARTESIAN_POINT('',(1.30179702572262,-2.379449,0.00323461956289961));
#5385=CARTESIAN_POINT('',(0.830603061873163,-0.616894,0.00507154138538783));
#5386=CARTESIAN_POINT('',(0.831067212149824,-0.616894,0.00552219363601487));
#5387=CARTESIAN_POINT('',(0.831563870207721,-0.616894,0.00593858461626806));
#5388=CARTESIAN_POINT('',(1.30212193063188,-2.379449,0.00355007586220301));
#5389=CARTESIAN_POINT('',(1.30244683554114,-2.379449,0.00386553216150642));
#5390=CARTESIAN_POINT('',(1.30279449587734,-2.379449,0.0041570055925416));
#5391=CARTESIAN_POINT('',(0.832079457640181,-0.616894,0.00632905104680625));
#5392=CARTESIAN_POINT('',(0.83259504507264,-0.616894,0.00671951747734443));
#5393=CARTESIAN_POINT('',(0.83313069107505,-0.616894,0.00708343166407136));
#5394=CARTESIAN_POINT('',(1.30315540676414,-2.379449,0.00443033185466145));
#5395=CARTESIAN_POINT('',(1.30351631765093,-2.379449,0.0047036581167813));
#5396=CARTESIAN_POINT('',(1.30389126952441,-2.379449,0.00495839782450306));
#5397=CARTESIAN_POINT('',(0.833678679896313,-0.616894,0.00742720661166632));
#5398=CARTESIAN_POINT('',(0.834226668717576,-0.616894,0.0077709815592613));
#5399=CARTESIAN_POINT('',(0.834786998417607,-0.616894,0.00809473700926433));
#5400=CARTESIAN_POINT('',(1.30427486136351,-2.379449,0.00519904007717269));
#5401=CARTESIAN_POINT('',(1.30465845320262,-2.379449,0.00543968232984233));
#5402=CARTESIAN_POINT('',(1.3050506836493,-2.379449,0.00566631094646448));
#5403=CARTESIAN_POINT('',(0.835355978587251,-0.616894,0.00840245468470181));
#5404=CARTESIAN_POINT('',(0.836493938926537,-0.616894,0.00901789003557674));
#5405=CARTESIAN_POINT('',(0.837665584341007,-0.616894,0.00956980453742391));
#5406=CARTESIAN_POINT('',(1.30544896941941,-2.379449,0.00588171313071783));
#5407=CARTESIAN_POINT('',(1.30624554095963,-2.379449,0.00631251749922452));
#5408=CARTESIAN_POINT('',(1.30706569203184,-2.379449,0.00669885731233394));
#5409=CARTESIAN_POINT('',(0.838853822367965,-0.616894,0.0100810327823885));
#5410=CARTESIAN_POINT('',(0.839447941381444,-0.616894,0.0103366469048708));
#5411=CARTESIAN_POINT('',(0.840046976816095,-0.616894,0.0105810744905323));
#5412=CARTESIAN_POINT('',(1.30789745792262,-2.379449,0.00705671677055594));
#5413=CARTESIAN_POINT('',(1.30831334086801,-2.379449,0.00723564649966693));
#5414=CARTESIAN_POINT('',(1.30873266530521,-2.379449,0.00740674565985787));
#5415=CARTESIAN_POINT('',(0.840649425047426,-0.616894,0.0108166037025543));
#5416=CARTESIAN_POINT('',(0.841251873278758,-0.616894,0.0110521329145763));
#5417=CARTESIAN_POINT('',(0.841857698918961,-0.616894,0.0112789027937987));
#5418=CARTESIAN_POINT('',(1.30915437869799,-2.379449,0.00757161596395361));
#5419=CARTESIAN_POINT('',(1.30957609209078,-2.379449,0.00773648626804935));
#5420=CARTESIAN_POINT('',(1.3100001696677,-2.379449,0.00789522504455257));
#5421=CARTESIAN_POINT('',(0.842466470820134,-0.616894,0.0114976116932319));
#5422=CARTESIAN_POINT('',(0.84368401462248,-0.616894,0.0119350294920985));
#5423=CARTESIAN_POINT('',(0.844912057749578,-0.616894,0.0123425922890754));
#5424=CARTESIAN_POINT('',(1.3104263096255,-2.379449,0.00804832114014277));
#5425=CARTESIAN_POINT('',(1.3112785895411,-2.379449,0.00835451333132318));
#5426=CARTESIAN_POINT('',(1.31213821897759,-2.379449,0.00863980703947439));
#5427=CARTESIAN_POINT('',(0.846147687032475,-0.616894,0.0127258778028946));
#5428=CARTESIAN_POINT('',(0.847383316315371,-0.616894,0.0131091633167138));
#5429=CARTESIAN_POINT('',(0.848626281139684,-0.616894,0.0134687027926286));
#5430=CARTESIAN_POINT('',(1.31300315871849,-2.379449,0.00890810666429106));
#5431=CARTESIAN_POINT('',(1.31386809845939,-2.379449,0.00917640628910773));
#5432=CARTESIAN_POINT('',(1.31473817307478,-2.379449,0.00942808370194158));
#5433=CARTESIAN_POINT('',(0.849873926565416,-0.616894,0.0138104002786101));
#5434=CARTESIAN_POINT('',(0.851121571991149,-0.616894,0.0141520977645916));
#5435=CARTESIAN_POINT('',(0.85237469325787,-0.616894,0.0144741554315549));
#5436=CARTESIAN_POINT('',(1.31561152410831,-2.379449,0.00966727173275471));
#5437=CARTESIAN_POINT('',(1.31648487514183,-2.379449,0.00990645976356784));
#5438=CARTESIAN_POINT('',(1.31736205926069,-2.379449,0.0101318999331025));
#5439=CARTESIAN_POINT('',(0.853631545062201,-0.616894,0.0147807126668696));
#5440=CARTESIAN_POINT('',(0.856145248670862,-0.616894,0.0153938271374989));
#5441=CARTESIAN_POINT('',(0.85867341887184,-0.616894,0.0159463390363902));
#5442=CARTESIAN_POINT('',(1.31824185475359,-2.379449,0.010346489809981));
#5443=CARTESIAN_POINT('',(1.32000144573939,-2.379449,0.0107756695637378));
#5444=CARTESIAN_POINT('',(1.32177116333095,-2.379449,0.0111624275544121));
#5445=CARTESIAN_POINT('',(0.861210690916618,-0.616894,0.016453121818751));
#5446=CARTESIAN_POINT('',(0.863747962961395,-0.616894,0.0169599046011118));
#5447=CARTESIAN_POINT('',(0.86629374475421,-0.616894,0.0174228492626663));
#5448=CARTESIAN_POINT('',(1.32354725220759,-2.379449,0.0115171751915354));
#5449=CARTESIAN_POINT('',(1.32532334108423,-2.379449,0.0118719228286586));
#5450=CARTESIAN_POINT('',(1.32710538677928,-2.379449,0.0121959838080791));
#5451=CARTESIAN_POINT('',(0.868845727408635,-0.616894,0.0178494192180398));
#5452=CARTESIAN_POINT('',(0.87139771006306,-0.616894,0.0182759891734133));
#5453=CARTESIAN_POINT('',(0.873955306526729,-0.616894,0.0186681667404597));
#5454=CARTESIAN_POINT('',(1.32889177307366,-2.379449,0.0124945825154614));
#5455=CARTESIAN_POINT('',(1.33067815936804,-2.379449,0.0127931812228437));
#5456=CARTESIAN_POINT('',(1.33246847532545,-2.379449,0.0130677052794708));
#5457=CARTESIAN_POINT('',(0.876516915825777,-0.616894,0.0190317736782403));
#5458=CARTESIAN_POINT('',(0.877797720475301,-0.616894,0.0192135771471306));
#5459=CARTESIAN_POINT('',(0.879079715033104,-0.616894,0.0193875338116245));
#5460=CARTESIAN_POINT('',(1.33426160026516,-2.379449,0.0133222299131184));
#5461=CARTESIAN_POINT('',(1.33515816273502,-2.379449,0.0134494922299422));
#5462=CARTESIAN_POINT('',(1.33605555813995,-2.379449,0.0135712617884966));
#5463=CARTESIAN_POINT('',(0.880362420630688,-0.616894,0.0195555117497842));
#5464=CARTESIAN_POINT('',(0.881645126228273,-0.616894,0.0197234896879439));
#5465=CARTESIAN_POINT('',(0.882928624510521,-0.616894,0.0198851443956449));
#5466=CARTESIAN_POINT('',(1.33695345127228,-2.379449,0.0136888462422805));
#5467=CARTESIAN_POINT('',(1.33785134440462,-2.379449,0.0138064306960644));
#5468=CARTESIAN_POINT('',(1.33874979241573,-2.379449,0.0139195888924018));
#5469=CARTESIAN_POINT('',(0.884212974212424,-0.616894,0.0200402792450656));
#5470=CARTESIAN_POINT('',(0.88678167361623,-0.616894,0.0203505489439072));
#5471=CARTESIAN_POINT('',(0.889353135493411,-0.616894,0.0206372450405693));
#5472=CARTESIAN_POINT('',(1.33964883642008,-2.379449,0.014028183191938));
#5473=CARTESIAN_POINT('',(1.34144692442879,-2.379449,0.0142453717910104));
#5474=CARTESIAN_POINT('',(1.34324694616716,-2.379449,0.014446058883002));
#5475=CARTESIAN_POINT('',(0.891926749522149,-0.616894,0.0209031916987724));
#5476=CARTESIAN_POINT('',(0.894500363550887,-0.616894,0.0211691383569755));
#5477=CARTESIAN_POINT('',(0.897076129731182,-0.616894,0.0214143355767195));
#5478=CARTESIAN_POINT('',(1.3450484744103,-2.379449,0.0146322213807863));
#5479=CARTESIAN_POINT('',(1.34685000265345,-2.379449,0.0148183838785706));
#5480=CARTESIAN_POINT('',(1.34865303740136,-2.379449,0.0149900217821477));
#5481=CARTESIAN_POINT('',(0.899653437741219,-0.616894,0.0216416075217248));
#5482=CARTESIAN_POINT('',(0.904808053761292,-0.616894,0.0220961514117355));
#5483=CARTESIAN_POINT('',(0.909969017033738,-0.616894,0.0224780290685939));
#5484=CARTESIAN_POINT('',(1.35045715142915,-2.379449,0.0151491120043914));
#5485=CARTESIAN_POINT('',(1.35406537948473,-2.379449,0.0154672924488787));
#5486=CARTESIAN_POINT('',(1.35767805061308,-2.379449,0.0157346065746855));
#5487=CARTESIAN_POINT('',(0.915133449292334,-0.616894,0.0228028734900236));
#5488=CARTESIAN_POINT('',(0.925462313809527,-0.616894,0.0234525623328831));
#5489=CARTESIAN_POINT('',(0.935804986499888,-0.616894,0.0238732847908485));
#5490=CARTESIAN_POINT('',(1.36129315002961,-2.379449,0.0159619974706391));
#5491=CARTESIAN_POINT('',(1.36852334886267,-2.379449,0.0164167792625462));
#5492=CARTESIAN_POINT('',(1.37576321340849,-2.379449,0.0167112847253258));
#5493=CARTESIAN_POINT('',(0.946150701120676,-0.616894,0.0241379178324456));
#5494=CARTESIAN_POINT('',(0.948737129775873,-0.616894,0.0242040760928449));
#5495=CARTESIAN_POINT('',(0.95132393061751,-0.616894,0.0242591485605297));
#5496=CARTESIAN_POINT('',(1.38300520730375,-2.379449,0.0168965276922909));
#5497=CARTESIAN_POINT('',(1.38481570577756,-2.379449,0.0169428384340321));
#5498=CARTESIAN_POINT('',(1.38662646478165,-2.379449,0.0169813891276661));
#5499=CARTESIAN_POINT('',(0.953910842183612,-0.616894,0.0243053119993336));
#5500=CARTESIAN_POINT('',(0.956497753749715,-0.616894,0.0243514754381375));
#5501=CARTESIAN_POINT('',(0.959084755820575,-0.616894,0.0243888718982213));
#5502=CARTESIAN_POINT('',(1.3884373012928,-2.379449,0.0170137035065423));
#5503=CARTESIAN_POINT('',(1.39024813780395,-2.379449,0.0170460178854185));
#5504=CARTESIAN_POINT('',(1.39205903766838,-2.379449,0.0170721953845627));
#5505=CARTESIAN_POINT('',(0.961671937970704,-0.616894,0.024416759940481));
#5506=CARTESIAN_POINT('',(0.966846302270962,-0.616894,0.0244725360250004));
#5507=CARTESIAN_POINT('',(0.972020949073907,-0.616894,0.0244941592326624));
#5508=CARTESIAN_POINT('',(1.39387006358818,-2.379449,0.0170917169970562));
#5509=CARTESIAN_POINT('',(1.39749211542779,-2.379449,0.0171307602220432));
#5510=CARTESIAN_POINT('',(1.40111436501911,-2.379449,0.017145896454157));
#5511=CARTESIAN_POINT('',(0.977195583685889,-0.616894,0.024484761539877));
#5512=CARTESIAN_POINT('',(0.97978290099188,-0.616894,0.0244800626934843));
#5513=CARTESIAN_POINT('',(0.982370191701888,-0.616894,0.0244678036754743));
#5514=CARTESIAN_POINT('',(1.40473660607676,-2.379449,0.0171393180749656));
#5515=CARTESIAN_POINT('',(1.40654772660558,-2.379449,0.0171360288853699));
#5516=CARTESIAN_POINT('',(1.40835882851723,-2.379449,0.0171274475802746));
#5517=CARTESIAN_POINT('',(0.98495742635046,-0.616894,0.0244483962235492));
#5518=CARTESIAN_POINT('',(0.987544660999032,-0.616894,0.0244289887716241));
#5519=CARTESIAN_POINT('',(0.990131839586167,-0.616894,0.0244024328857839));
#5520=CARTESIAN_POINT('',(1.41016989118591,-2.379449,0.0171138623758189));
#5521=CARTESIAN_POINT('',(1.4119809538546,-2.379449,0.0171002771713632));
#5522=CARTESIAN_POINT('',(1.41379197728031,-2.379449,0.0170816880675471));
#5523=CARTESIAN_POINT('',(0.992718932646411,-0.616894,0.0243691403037307));
#5524=CARTESIAN_POINT('',(0.9978931187669,-0.616894,0.0243025551396244));
#5525=CARTESIAN_POINT('',(1.00306696277983,-0.616894,0.0242090231906663));
#5526=CARTESIAN_POINT('',(1.41560294083725,-2.379449,0.0170583832805098));
#5527=CARTESIAN_POINT('',(1.41922486795112,-2.379449,0.0170117737064351));
#5528=CARTESIAN_POINT('',(1.42284655558992,-2.379449,0.0169463013994758));
#5529=CARTESIAN_POINT('',(1.00824022896156,-0.616894,0.0240918383584735));
#5530=CARTESIAN_POINT('',(1.01341349514329,-0.616894,0.0239746535262807));
#5531=CARTESIAN_POINT('',(1.01858624893959,-0.616894,0.0238330591741463));
#5532=CARTESIAN_POINT('',(1.42646783874723,-2.379449,0.0168642720887454));
#5533=CARTESIAN_POINT('',(1.43008912190454,-2.379449,0.0167822427780151));
#5534=CARTESIAN_POINT('',(1.43371004639237,-2.379449,0.0166831268182824));
#5535=CARTESIAN_POINT('',(1.02375830425422,-0.616894,0.0236702585964605));
#5536=CARTESIAN_POINT('',(1.02893035956885,-0.616894,0.0235074580187747));
#5537=CARTESIAN_POINT('',(1.03410173645497,-0.616894,0.0233234991480593));
#5538=CARTESIAN_POINT('',(1.43733048194345,-2.379449,0.0165691665136578));
#5539=CARTESIAN_POINT('',(1.44095091749453,-2.379449,0.0164552062090332));
#5540=CARTESIAN_POINT('',(1.44457087814608,-2.379449,0.0163264351122525));
#5541=CARTESIAN_POINT('',(1.0392723578443,-0.616894,0.0231199764642137));
#5542=CARTESIAN_POINT('',(1.04961360062295,-0.616894,0.0227129310965225));
#5543=CARTESIAN_POINT('',(1.05995176318964,-0.616894,0.0222303510316279));
#5544=CARTESIAN_POINT('',(1.44819030995033,-2.379449,0.0161839693582684));
#5545=CARTESIAN_POINT('',(1.45542917355882,-2.379449,0.0158990378503002));
#5546=CARTESIAN_POINT('',(1.46266588102084,-2.379449,0.0155612321005731));
#5547=CARTESIAN_POINT('',(1.07028658082969,-0.616894,0.0216839845897855));
#5548=CARTESIAN_POINT('',(1.08062139846974,-0.616894,0.0211376181479432));
#5549=CARTESIAN_POINT('',(1.09095283919175,-0.616894,0.0205296646742523));
#5550=CARTESIAN_POINT('',(1.46990024703625,-2.379449,0.0151787759260675));
#5551=CARTESIAN_POINT('',(1.47713461305166,-2.379449,0.0147963197515619));
#5552=CARTESIAN_POINT('',(1.48436661522651,-2.379449,0.0143707526924995));
#5553=CARTESIAN_POINT('',(1.10128092947307,-0.616894,0.0198687844883327));
#5554=CARTESIAN_POINT('',(1.11160901975438,-0.616894,0.0192079043024131));
#5555=CARTESIAN_POINT('',(1.12193375959502,-0.616894,0.0184940974042647));
#5556=CARTESIAN_POINT('',(1.49159627209494,-2.379449,0.0139081369673077));
#5557=CARTESIAN_POINT('',(1.49882592896336,-2.379449,0.0134455212421159));
#5558=CARTESIAN_POINT('',(1.50605324052536,-2.379449,0.0129458568507946));
#5559=CARTESIAN_POINT('',(1.1322551754723,-0.616894,0.0177360241135074));
#5560=CARTESIAN_POINT('',(1.14257659134959,-0.616894,0.01697795082275));
#5561=CARTESIAN_POINT('',(1.15289472438472,-0.616894,0.0161757239834819));
#5562=CARTESIAN_POINT('',(1.51327822531505,-2.379449,0.0124152060117711));
#5563=CARTESIAN_POINT('',(1.52050321010474,-2.379449,0.0118845551727476));
#5564=CARTESIAN_POINT('',(1.52772589690693,-2.379449,0.0113229968768215));
#5565=CARTESIAN_POINT('',(1.16320961903622,-0.616894,0.0153336349282946));
#5566=CARTESIAN_POINT('',(1.17352451368771,-0.616894,0.0144915458731073));
#5567=CARTESIAN_POINT('',(1.18383616995558,-0.616894,0.0136095946020009));
#5568=CARTESIAN_POINT('',(1.53494631684256,-2.379449,0.0107335350541774));
#5569=CARTESIAN_POINT('',(1.5421667367782,-2.379449,0.0101440732315333));
#5570=CARTESIAN_POINT('',(1.54938488984728,-2.379449,0.0095267078821712));
#5571=CARTESIAN_POINT('',(1.19414463229837,-0.616894,0.0126920724475669));
#5572=CARTESIAN_POINT('',(1.21476155698393,-0.616894,0.0108570281386991));
#5573=CARTESIAN_POINT('',(1.23536578751945,-0.616894,0.00887981912437284));
#5574=CARTESIAN_POINT('',(1.55660080717075,-2.379449,0.0088844429362758));
#5575=CARTESIAN_POINT('',(1.5710326418177,-2.379449,0.00759991304448501));
#5576=CARTESIAN_POINT('',(1.5854555905674,-2.379449,0.00621586794598424));
#5577=CARTESIAN_POINT('',(1.25595604519184,-0.616894,0.00676654655157401));
#5578=CARTESIAN_POINT('',(1.27654630286422,-0.616894,0.00465327397877517));
#5579=CARTESIAN_POINT('',(1.29712263843714,-0.616894,0.00240378492471037));
#5580=CARTESIAN_POINT('',(1.317681,-0.616894,0.));
#5581=CARTESIAN_POINT('',(1.59986875832146,-2.379449,0.00473657843992511));
#5582=CARTESIAN_POINT('',(1.61428192607553,-2.379449,0.00325728893386598));
#5583=CARTESIAN_POINT('',(1.6286853483685,-2.379449,0.00168264797438682));
#5584=CARTESIAN_POINT('',(1.64307618886544,-2.379449,0.));
#5585=ORIENTED_EDGE('',*,*,#1801,.F.);
#5586=ORIENTED_EDGE('',*,*,#1938,.F.);
#5587=ORIENTED_EDGE('',*,*,#1641,.F.);
#5588=ORIENTED_EDGE('',*,*,#1618,.T.);
#5589=EDGE_LOOP('',(#5585, #5586, #5587, #5588));
#5590=FACE_OUTER_BOUND('',#5589,.T.);
#5591=ADVANCED_FACE('',(#5590),#5360,.T.);
#5592=PLANE('Plane_UVXOMYLYKZ, WING, 0, 14',#5596);
#5593=CARTESIAN_POINT('',(1.46990024703625,-2.379449,-0.00758938796303373));
#5594=DIRECTION('',(-0.,-1.,0.));
#5595=DIRECTION('',(0.,0.,1.));
#5596=AXIS2_PLACEMENT_3D('',#5593,#5594,#5595);
#5597=ORIENTED_EDGE('',*,*,#1778,.F.);
#5598=ORIENTED_EDGE('',*,*,#1481,.T.);
#5599=EDGE_LOOP('',(#5597, #5598));
#5600=FACE_OUTER_BOUND('',#5599,.T.);
#5601=ADVANCED_FACE('',(#5600),#5592,.T.);
#5602=PLANE('Plane_UVXOMYLYKZ, WING, 0, 15',#5606);
#5603=CARTESIAN_POINT('',(1.46990024703625,-2.379449,0.00758938796303374));
#5604=DIRECTION('',(0.,-1.,0.));
#5605=DIRECTION('',(0.,0.,-1.));
#5606=AXIS2_PLACEMENT_3D('',#5603,#5604,#5605);
#5607=ORIENTED_EDGE('',*,*,#1618,.T.);
#5608=ORIENTED_EDGE('',*,*,#1481,.T.);
#5609=EDGE_LOOP('',(#5607, #5608));
#5610=FACE_OUTER_BOUND('',#5609,.T.);
#5611=ADVANCED_FACE('',(#5610),#5602,.T.);
#5612=B_SPLINE_SURFACE_WITH_KNOTS('Surf_ZDYBMYZQQC, HorizontalTail, 0, 18',1,3,((#5613, #5614, #5615, #5619, #5620, #5621, #5625, #5626, #5627, #5631, #5632, #5633, #5637, #5638, #5639, #5643, #5644, #5645, #5649, #5650, #5651, #5655, #5656, #5657, #5661, #5662, #5663, #5667, #5668, #5669, #5673, #5674, #5675, #5679, #5680, #5681, #5685, #5686, #5687, #5691, #5692, #5693, #5697, #5698, #5699, #5703, #5704, #5705, #5709, #5710, #5711, #5715, #5716, #5717, #5721, #5722, #5723, #5727, #5728, #5729, #5733, #5734, #5735, #5739, #5740, #5741, #5745, #5746, #5747, #5751, #5752, #5753, #5757, #5758, #5759, #5763, #5764, #5765, #5769, #5770, #5771, #5775, #5776, #5777, #5781, #5782, #5783, #5787, #5788, #5789, #5793, #5794, #5795, #5799, #5800, #5801, #5805, #5806, #5807, #5811, #5812, #5813, #5817, #5818, #5819, #5823, #5824, #5825, #5829, #5830, #5831, #5832),(#5616, #5617, #5618, #5622, #5623, #5624, #5628, #5629, #5630, #5634, #5635, #5636, #5640, #5641, #5642, #5646, #5647, #5648, #5652, #5653, #5654, #5658, #5659, #5660, #5664, #5665, #5666, #5670, #5671, #5672, #5676, #5677, #5678, #5682, #5683, #5684, #5688, #5689, #5690, #5694, #5695, #5696, #5700, #5701, #5702, #5706, #5707, #5708, #5712, #5713, #5714, #5718, #5719, #5720, #5724, #5725, #5726, #5730, #5731, #5732, #5736, #5737, #5738, #5742, #5743, #5744, #5748, #5749, #5750, #5754, #5755, #5756, #5760, #5761, #5762, #5766, #5767, #5768, #5772, #5773, #5774, #5778, #5779, #5780, #5784, #5785, #5786, #5790, #5791, #5792, #5796, #5797, #5798, #5802, #5803, #5804, #5808, #5809, #5810, #5814, #5815, #5816, #5820, #5821, #5822, #5826, #5827, #5828, #5833, #5834, #5835, #5836)),.UNSPECIFIED.,.F.,.F.,.F.,(2,2),(4,3,3,3,3,3,3,3,3,3,3,3,3,3,3,3,3,3,3,3,3,3,3,3,3,3,3,3,3,3,3,3,3,3,3,3,3,4),(0.,1.),(0.,1.,2.,3.,4.,5.,6.,7.,8.,9.,10.,11.,12.,13.,14.,15.,16.,17.,18.,19.,20.,21.,22.,23.,24.,25.,26.,27.,28.,29.,30.,31.,32.,33.,34.,35.,36.,37.),.PIECEWISE_BEZIER_KNOTS.);
#5613=CARTESIAN_POINT('',(3.05743,0.,0.));
#5614=CARTESIAN_POINT('',(3.04224399592133,0.,-0.00213074691787192));
#5615=CARTESIAN_POINT('',(3.02703894401868,0.,-0.00412523727249214));
#5616=CARTESIAN_POINT('',(3.05743,0.541344,0.));
#5617=CARTESIAN_POINT('',(3.04227590357702,0.541344,-0.00177189161780987));
#5618=CARTESIAN_POINT('',(3.02710855804952,0.541344,-0.00343004778572672));
#5619=CARTESIAN_POINT('',(3.01181910449828,0.,-0.00599912718552104));
#5620=CARTESIAN_POINT('',(2.99659926497788,0.,-0.00787301709854995));
#5621=CARTESIAN_POINT('',(2.98136458638674,0.,-0.00962645168568308));
#5622=CARTESIAN_POINT('',(3.01193095018485,0.541344,-0.00498779528609503));
#5623=CARTESIAN_POINT('',(2.99675334232018,0.541344,-0.00654554278646334));
#5624=CARTESIAN_POINT('',(2.98156543469916,0.541344,-0.00800299434260271));
#5625=CARTESIAN_POINT('',(2.96611639095926,0.,-0.011253663408));
#5626=CARTESIAN_POINT('',(2.95849229324552,0.,-0.0120672692691584));
#5627=CARTESIAN_POINT('',(2.95086478068811,0.,-0.0128489993715181));
#5628=CARTESIAN_POINT('',(2.96636816989404,0.541344,-0.00935565264234018));
#5629=CARTESIAN_POINT('',(2.95876953749148,0.541344,-0.0100319817922089));
#5630=CARTESIAN_POINT('',(2.95116855076469,0.541344,-0.0106820907302117));
#5631=CARTESIAN_POINT('',(2.94323382798871,0.,-0.0135954174446891));
#5632=CARTESIAN_POINT('',(2.9356028752893,0.,-0.0143418355178601));
#5633=CARTESIAN_POINT('',(2.92796848654709,0.,-0.0150533986707526));
#5634=CARTESIAN_POINT('',(2.94356517694214,0.541344,-0.011302816204857));
#5635=CARTESIAN_POINT('',(2.93596180311959,0.541344,-0.0119235416795024));
#5636=CARTESIAN_POINT('',(2.92835604220128,0.541344,-0.0125148836907902));
#5637=CARTESIAN_POINT('',(2.92033057743659,0.,-0.0157251535361345));
#5638=CARTESIAN_POINT('',(2.91269266832608,0.,-0.0163969084015165));
#5639=CARTESIAN_POINT('',(2.90505123023647,0.,-0.0170283737155192));
#5640=CARTESIAN_POINT('',(2.92074786141567,0.541344,-0.0130736789872291));
#5641=CARTESIAN_POINT('',(2.91313968063007,0.541344,-0.0136324742836679));
#5642=CARTESIAN_POINT('',(2.9055290496657,0.541344,-0.0141586396849742));
#5643=CARTESIAN_POINT('',(2.89740619244643,0.,-0.0176136817043927));
#5644=CARTESIAN_POINT('',(2.88976115465638,0.,-0.0181989896932663));
#5645=CARTESIAN_POINT('',(2.88211250604903,0.,-0.0187366747884005));
#5646=CARTESIAN_POINT('',(2.89791594900543,0.541344,-0.0146457914470849));
#5647=CARTESIAN_POINT('',(2.89030284834516,0.541344,-0.0151329432091956));
#5648=CARTESIAN_POINT('',(2.882687277989,0.541344,-0.0155810813321107));
#5649=CARTESIAN_POINT('',(2.87446027752676,0.,-0.0192190974307412));
#5650=CARTESIAN_POINT('',(2.86680804900448,0.,-0.0197015200730818));
#5651=CARTESIAN_POINT('',(2.85915223551765,0.,-0.0201270405614471));
#5652=CARTESIAN_POINT('',(2.87506921841979,0.541344,-0.0159838220717674));
#5653=CARTESIAN_POINT('',(2.86745115885059,0.541344,-0.016386562811424));
#5654=CARTESIAN_POINT('',(2.85983063365003,0.541344,-0.0167422849740514));
#5655=CARTESIAN_POINT('',(2.85149315572417,0.,-0.0204843442045038));
#5656=CARTESIAN_POINT('',(2.84766361582743,0.,-0.0206629960260321));
#5657=CARTESIAN_POINT('',(2.84383325727674,0.,-0.0208243674840185));
#5658=CARTESIAN_POINT('',(2.85220783794611,0.541344,-0.0170423285709915));
#5659=CARTESIAN_POINT('',(2.84839644009415,0.541344,-0.0171923503694615));
#5660=CARTESIAN_POINT('',(2.84458448534609,0.541344,-0.0173279511787069));
#5661=CARTESIAN_POINT('',(2.84000219754768,0.,-0.0209663530214258));
#5662=CARTESIAN_POINT('',(2.83617113781862,0.,-0.0211083385588331));
#5663=CARTESIAN_POINT('',(2.83233930970589,0.,-0.0212317281966046));
#5664=CARTESIAN_POINT('',(2.84077203051095,0.541344,-0.0174479556666338));
#5665=CARTESIAN_POINT('',(2.83695957567582,0.541344,-0.0175679601545606));
#5666=CARTESIAN_POINT('',(2.83314660597189,0.541344,-0.0176723329888758));
#5667=CARTESIAN_POINT('',(2.82850698074004,0.,-0.0213325568780018));
#5668=CARTESIAN_POINT('',(2.82467465177419,0.,-0.021433385559399));
#5669=CARTESIAN_POINT('',(2.82084167522861,0.,-0.0215136595589538));
#5670=CARTESIAN_POINT('',(2.82933325857551,0.541344,-0.0177587129389963));
#5671=CARTESIAN_POINT('',(2.82551991117912,0.541344,-0.0178450928891168));
#5672=CARTESIAN_POINT('',(2.82170613784852,0.541344,-0.0179140376913962));
#5673=CARTESIAN_POINT('',(2.81700838190052,0.,-0.0215690072087325));
#5674=CARTESIAN_POINT('',(2.81509173523648,0.,-0.0215966810336218));
#5675=CARTESIAN_POINT('',(2.81317495797628,0.,-0.0216187367223379));
#5676=CARTESIAN_POINT('',(2.81789211234165,0.541344,-0.0179631193263369));
#5677=CARTESIAN_POINT('',(2.81598509958821,0.541344,-0.0179876601438072));
#5678=CARTESIAN_POINT('',(2.81407802379071,0.541344,-0.0180072351694429));
#5679=CARTESIAN_POINT('',(2.81125816240579,0.,-0.0216339881320708));
#5680=CARTESIAN_POINT('',(2.8093413668353,0.,-0.0216492395418037));
#5681=CARTESIAN_POINT('',(2.80742456612825,0.,-0.0216575302056631));
#5682=CARTESIAN_POINT('',(2.81217090666888,0.541344,-0.0180215409008066));
#5683=CARTESIAN_POINT('',(2.81026378954705,0.541344,-0.0180358466321703));
#5684=CARTESIAN_POINT('',(2.80835663110089,0.541344,-0.0180448830692622));
#5685=CARTESIAN_POINT('',(2.80550769328764,0.,-0.0216595382674935));
#5686=CARTESIAN_POINT('',(2.80167394760643,0.,-0.0216635543911541));
#5687=CARTESIAN_POINT('',(2.79784022829859,0.,-0.0216394157078981));
#5688=CARTESIAN_POINT('',(2.80644945305015,0.541344,-0.0180483467096449));
#5689=CARTESIAN_POINT('',(2.80263509694868,0.541344,-0.0180552739904104));
#5690=CARTESIAN_POINT('',(2.79882073186093,0.541344,-0.0180393349685734));
#5691=CARTESIAN_POINT('',(2.79400689105402,0.,-0.0215842041133137));
#5692=CARTESIAN_POINT('',(2.79209022243173,0.,-0.0215565983160215));
#5693=CARTESIAN_POINT('',(2.79017367006762,0.,-0.0215210252994018));
#5694=CARTESIAN_POINT('',(2.79500657501317,0.541344,-0.017998220983866));
#5695=CARTESIAN_POINT('',(2.7930994965893,0.541344,-0.0179776639915124));
#5696=CARTESIAN_POINT('',(2.79119255090647,0.541344,-0.0179500981001229));
#5697=CARTESIAN_POINT('',(2.78825732695845,0.,-0.0214768479101441));
#5698=CARTESIAN_POINT('',(2.78634098384928,0.,-0.0214326705208863));
#5699=CARTESIAN_POINT('',(2.78442484999506,0.,-0.0213798887589906));
#5700=CARTESIAN_POINT('',(2.78928567193703,0.541344,-0.0179160698435076));
#5701=CARTESIAN_POINT('',(2.78737879296759,0.541344,-0.0178820415868924));
#5702=CARTESIAN_POINT('',(2.78547199561599,0.541344,-0.0178414462562288));
#5703=CARTESIAN_POINT('',(2.78250901839257,0.,-0.0213178654711464));
#5704=CARTESIAN_POINT('',(2.7748456919826,0.,-0.0210697723197695));
#5705=CARTESIAN_POINT('',(2.76718625179892,0.,-0.0206784182871962));
#5706=CARTESIAN_POINT('',(2.78356547261258,0.541344,-0.0177926793029771));
#5707=CARTESIAN_POINT('',(2.77593938059895,0.541344,-0.0175976114899705));
#5708=CARTESIAN_POINT('',(2.76831553087037,0.541344,-0.0172874861584443));
#5709=CARTESIAN_POINT('',(2.75954196195715,0.,-0.0200812383891382));
#5710=CARTESIAN_POINT('',(2.75571981703627,0.,-0.0197826484401093));
#5711=CARTESIAN_POINT('',(2.75190198487829,0.,-0.0194304443058498));
#5712=CARTESIAN_POINT('',(2.76070185950095,0.541344,-0.0168085838227929));
#5713=CARTESIAN_POINT('',(2.75689502381624,0.541344,-0.0165691326549672));
#5714=CARTESIAN_POINT('',(2.75309074521034,0.541344,-0.0162876408242045));
#5715=CARTESIAN_POINT('',(2.7480908574174,0.,-0.0190140597520821));
#5716=CARTESIAN_POINT('',(2.74618529368695,0.,-0.0188058674751982));
#5717=CARTESIAN_POINT('',(2.74428171094165,0.,-0.0185804595168737));
#5718=CARTESIAN_POINT('',(2.74929114532721,0.541344,-0.0159525848462934));
#5719=CARTESIAN_POINT('',(2.74739134538564,0.541344,-0.0157850568573379));
#5720=CARTESIAN_POINT('',(2.74549268196639,0.541344,-0.0156043156878977));
#5721=CARTESIAN_POINT('',(2.74238032978113,0.,-0.0183369512683194));
#5722=CARTESIAN_POINT('',(2.7404789486206,0.,-0.0180934430197651));
#5723=CARTESIAN_POINT('',(2.73858009742602,0.,-0.0178305725495105));
#5724=CARTESIAN_POINT('',(2.74359560495333,0.541344,-0.0154082795743459));
#5725=CARTESIAN_POINT('',(2.74169852794027,0.541344,-0.015212243460794));
#5726=CARTESIAN_POINT('',(2.73980303733342,0.541344,-0.0150009124031306));
#5727=CARTESIAN_POINT('',(2.73668448374081,0.,-0.0175459296514853));
#5728=CARTESIAN_POINT('',(2.7357366768982,0.,-0.0174036082024727));
#5729=CARTESIAN_POINT('',(2.7347897076655,0.,-0.0172557305238272));
#5730=CARTESIAN_POINT('',(2.73790958301665,0.541344,-0.0147722046377285));
#5731=CARTESIAN_POINT('',(2.73696285585826,0.541344,-0.0146578507550274));
#5732=CARTESIAN_POINT('',(2.73601675630318,0.541344,-0.0145386909173022));
#5733=CARTESIAN_POINT('',(2.73384371914677,0.,-0.0171018352242363));
#5734=CARTESIAN_POINT('',(2.73289773062804,0.,-0.0169479399246453));
#5735=CARTESIAN_POINT('',(2.73195272282328,0.,-0.016788027004109));
#5736=CARTESIAN_POINT('',(2.73507124105632,0.541344,-0.014414870063971));
#5737=CARTESIAN_POINT('',(2.73412572580946,0.541344,-0.0142910492106398));
#5738=CARTESIAN_POINT('',(2.73318073468829,0.541344,-0.0141628212845428));
#5739=CARTESIAN_POINT('',(2.73100883883659,0.,-0.0166216350713147));
#5740=CARTESIAN_POINT('',(2.7291210708632,0.,-0.016288851205726));
#5741=CARTESIAN_POINT('',(2.72723770720889,0.,-0.0159303845999404));
#5742=CARTESIAN_POINT('',(2.73223662067909,0.541344,-0.0140288092773519));
#5743=CARTESIAN_POINT('',(2.73034839266067,0.541344,-0.0137607852629702));
#5744=CARTESIAN_POINT('',(2.72846312260629,0.541344,-0.013471701103818));
#5745=CARTESIAN_POINT('',(2.72536121876065,0.,-0.0155391279866888));
#5746=CARTESIAN_POINT('',(2.72348473031242,0.,-0.0151478713734372));
#5747=CARTESIAN_POINT('',(2.72161468163537,0.,-0.0147248615705207));
#5748=CARTESIAN_POINT('',(2.72658199063492,0.541344,-0.0131572654317384));
#5749=CARTESIAN_POINT('',(2.72470085866355,0.541344,-0.0128428297596589));
#5750=CARTESIAN_POINT('',(2.72282429750656,0.541344,-0.012501581357239));
#5751=CARTESIAN_POINT('',(2.71975493958317,0.,-0.0142603653683184));
#5752=CARTESIAN_POINT('',(2.71789519753096,0.,-0.0137958691661161));
#5753=CARTESIAN_POINT('',(2.71604553479334,0.,-0.0132901929905017));
#5754=CARTESIAN_POINT('',(2.72095400910346,0.541344,-0.012128018749834));
#5755=CARTESIAN_POINT('',(2.71908372070035,0.541344,-0.011754456142429));
#5756=CARTESIAN_POINT('',(2.71722014150012,0.541344,-0.0113471854285136));
#5757=CARTESIAN_POINT('',(2.714212889365,0.,-0.0127281820160244));
#5758=CARTESIAN_POINT('',(2.71329656665083,0.,-0.0124471765287858));
#5759=CARTESIAN_POINT('',(2.71238439282374,0.,-0.0121522128567257));
#5760=CARTESIAN_POINT('',(2.71536722599672,0.541344,-0.0108952430021764));
#5761=CARTESIAN_POINT('',(2.71444076824502,0.541344,-0.0106692717890079));
#5762=CARTESIAN_POINT('',(2.71351706036842,0.541344,-0.0104318748094871));
#5763=CARTESIAN_POINT('',(2.71147829901581,0.,-0.0118398061850321));
#5764=CARTESIAN_POINT('',(2.71057220520789,0.,-0.0115273995133386));
#5765=CARTESIAN_POINT('',(2.70967219141913,0.,-0.0111975498420115));
#5766=CARTESIAN_POINT('',(2.71259738887488,0.541344,-0.0101800008148491));
#5767=CARTESIAN_POINT('',(2.71167771738134,0.541344,-0.00992812682021107));
#5768=CARTESIAN_POINT('',(2.71076149607935,0.541344,-0.00966310103645794));
#5769=CARTESIAN_POINT('',(2.70878018878162,0.,-0.0108467723562389));
#5770=CARTESIAN_POINT('',(2.70788818614412,0.,-0.0104959948704664));
#5771=CARTESIAN_POINT('',(2.70700487184692,0.,-0.0101233078536968));
#5772=CARTESIAN_POINT('',(2.70985068199337,0.541344,-0.0093805714381636));
#5773=CARTESIAN_POINT('',(2.70893986790739,0.541344,-0.00909804183986926));
#5774=CARTESIAN_POINT('',(2.70803464577173,0.541344,-0.00879761683251061));
#5775=CARTESIAN_POINT('',(2.70613366134747,0.,-0.00972362905285636));
#5776=CARTESIAN_POINT('',(2.70569805609774,0.,-0.00952378965243612));
#5777=CARTESIAN_POINT('',(2.70526582294925,0.,-0.00931674941452771));
#5778=CARTESIAN_POINT('',(2.70713716295806,0.541344,-0.00847518493632675));
#5779=CARTESIAN_POINT('',(2.70668842155122,0.541344,-0.00831396898823481));
#5780=CARTESIAN_POINT('',(2.70624185190903,0.541344,-0.00814681108486527));
#5781=CARTESIAN_POINT('',(2.70483741040762,0.,-0.00910193508700009));
#5782=CARTESIAN_POINT('',(2.70440899786598,0.,-0.00888712075947247));
#5783=CARTESIAN_POINT('',(2.70398455644365,0.,-0.00866429721072072));
#5784=CARTESIAN_POINT('',(2.70579777184168,0.541344,-0.00797319645227432));
#5785=CARTESIAN_POINT('',(2.70535369177433,0.541344,-0.00779958181968337));
#5786=CARTESIAN_POINT('',(2.70491212736709,0.541344,-0.00761940796729626));
#5787=CARTESIAN_POINT('',(2.70356560401413,0.,-0.00843176671785874));
#5788=CARTESIAN_POINT('',(2.7027276991551,0.,-0.00796670573213477));
#5789=CARTESIAN_POINT('',(2.70190902811369,0.,-0.00746534864519506));
#5790=CARTESIAN_POINT('',(2.70447418698018,0.541344,-0.00743098823125234));
#5791=CARTESIAN_POINT('',(2.70359830620637,0.541344,-0.00705414875916449));
#5792=CARTESIAN_POINT('',(2.70273465627346,0.541344,-0.00664731840195654));
#5793=CARTESIAN_POINT('',(2.70112687439277,0.,-0.00691121353647521));
#5794=CARTESIAN_POINT('',(2.70073579753231,0.,-0.00663414598211529));
#5795=CARTESIAN_POINT('',(2.70035429403764,0.,-0.00634358083339377));
#5796=CARTESIAN_POINT('',(2.7018958364748,0.541344,-0.00619366519517028));
#5797=CARTESIAN_POINT('',(2.70147642657546,0.541344,-0.00596683859177716));
#5798=CARTESIAN_POINT('',(2.7010633931595,0.541344,-0.00572819013276413));
#5799=CARTESIAN_POINT('',(2.69998584264982,0.,-0.00603711628283454));
#5800=CARTESIAN_POINT('',(2.69961739126199,0.,-0.0057306517322753));
#5801=CARTESIAN_POINT('',(2.69926231418983,0.,-0.00540800140359416));
#5802=CARTESIAN_POINT('',(2.7006594565223,0.541344,-0.00547478478780382));
#5803=CARTESIAN_POINT('',(2.70025551988509,0.541344,-0.0052213794428435));
#5804=CARTESIAN_POINT('',(2.69986068145673,0.541344,-0.00495312894737069));
#5805=CARTESIAN_POINT('',(2.69892622702345,0.,-0.00506630003819126));
#5806=CARTESIAN_POINT('',(2.69859013985708,0.,-0.00472459867278837));
#5807=CARTESIAN_POINT('',(2.69827351644941,0.,-0.00436350126459519));
#5808=CARTESIAN_POINT('',(2.69948062871556,0.541344,-0.0046653061108952));
#5809=CARTESIAN_POINT('',(2.69910057597439,0.541344,-0.0043774832744197));
#5810=CARTESIAN_POINT('',(2.69873447656148,0.541344,-0.00407055078638486));
#5811=CARTESIAN_POINT('',(2.69798555497137,0.,-0.00398042992676919));
#5812=CARTESIAN_POINT('',(2.69769759349333,0.,-0.0035973585889432));
#5813=CARTESIAN_POINT('',(2.69743827200223,0.,-0.00319201653578856));
#5814=CARTESIAN_POINT('',(2.69839233946919,0.541344,-0.00373836343583411));
#5815=CARTESIAN_POINT('',(2.69805020237691,0.541344,-0.00340617608528337));
#5816=CARTESIAN_POINT('',(2.69773205945782,0.541344,-0.00304835629916462));
#5817=CARTESIAN_POINT('',(2.69722151812244,0.,-0.00276469713140401));
#5818=CARTESIAN_POINT('',(2.69700476424265,0.,-0.00233737772701944));
#5819=CARTESIAN_POINT('',(2.69683045717087,0.,-0.0018876797862901));
#5820=CARTESIAN_POINT('',(2.6974560108285,0.541344,-0.00265955185391077));
#5821=CARTESIAN_POINT('',(2.69717996219918,0.541344,-0.0022707474086569));
#5822=CARTESIAN_POINT('',(2.69694649099978,0.541344,-0.00184980489154329));
#5823=CARTESIAN_POINT('',(2.6967126795367,0.,-0.00142318884617979));
#5824=CARTESIAN_POINT('',(2.69665379071961,0.,-0.00119094337612463));
#5825=CARTESIAN_POINT('',(2.69660887484502,0.,-0.000954988996011293));
#5826=CARTESIAN_POINT('',(2.69678442000877,0.541344,-0.00140146691345464));
#5827=CARTESIAN_POINT('',(2.69670338451327,0.541344,-0.00117729792441031));
#5828=CARTESIAN_POINT('',(2.69664024249274,0.541344,-0.00094658708346001));
#5829=CARTESIAN_POINT('',(2.69657893687067,0.,-0.000717287315095357));
#5830=CARTESIAN_POINT('',(2.69654899889633,0.,-0.000479585634179435));
#5831=CARTESIAN_POINT('',(2.696534,0.,-0.000239206013192307));
#5832=CARTESIAN_POINT('',(2.696534,0.,0.));
#5833=CARTESIAN_POINT('',(2.69659785856636,0.541344,-0.000711839147087462));
#5834=CARTESIAN_POINT('',(2.69655547463998,0.541344,-0.000477091210714927));
#5835=CARTESIAN_POINT('',(2.696534,0.541344,-0.000237823982633753));
#5836=CARTESIAN_POINT('',(2.696534,0.541344,0.));
#5837=ORIENTED_EDGE('',*,*,#1458,.T.);
#5838=ORIENTED_EDGE('',*,*,#3715,.T.);
#5839=ORIENTED_EDGE('',*,*,#1435,.T.);
#5840=ORIENTED_EDGE('',*,*,#1298,.T.);
#5841=ORIENTED_EDGE('',*,*,#1275,.T.);
#5842=EDGE_LOOP('',(#5837, #5838, #5839, #5840, #5841));
#5843=FACE_OUTER_BOUND('',#5842,.T.);
#5844=ADVANCED_FACE('',(#5843),#5612,.T.);
#5845=B_SPLINE_SURFACE_WITH_KNOTS('Surf_ZDYBMYZQQC, HorizontalTail, 0, 19',1,3,((#5846, #5847, #5848, #5852, #5853, #5854, #5858, #5859, #5860, #5864, #5865, #5866, #5870, #5871, #5872, #5876, #5877, #5878, #5882, #5883, #5884, #5888, #5889, #5890, #5894, #5895, #5896, #5900, #5901, #5902, #5906, #5907, #5908, #5912, #5913, #5914, #5918, #5919, #5920, #5924, #5925, #5926, #5930, #5931, #5932, #5936, #5937, #5938, #5942, #5943, #5944, #5948, #5949, #5950, #5954, #5955, #5956, #5960, #5961, #5962, #5966, #5967, #5968, #5972, #5973, #5974, #5978, #5979, #5980, #5984, #5985, #5986, #5990, #5991, #5992, #5996, #5997, #5998, #6002, #6003, #6004, #6008, #6009, #6010, #6014, #6015, #6016, #6020, #6021, #6022, #6026, #6027, #6028, #6032, #6033, #6034, #6038, #6039, #6040, #6044, #6045, #6046, #6050, #6051, #6052, #6056, #6057, #6058, #6062, #6063, #6064, #6065),(#5849, #5850, #5851, #5855, #5856, #5857, #5861, #5862, #5863, #5867, #5868, #5869, #5873, #5874, #5875, #5879, #5880, #5881, #5885, #5886, #5887, #5891, #5892, #5893, #5897, #5898, #5899, #5903, #5904, #5905, #5909, #5910, #5911, #5915, #5916, #5917, #5921, #5922, #5923, #5927, #5928, #5929, #5933, #5934, #5935, #5939, #5940, #5941, #5945, #5946, #5947, #5951, #5952, #5953, #5957, #5958, #5959, #5963, #5964, #5965, #5969, #5970, #5971, #5975, #5976, #5977, #5981, #5982, #5983, #5987, #5988, #5989, #5993, #5994, #5995, #5999, #6000, #6001, #6005, #6006, #6007, #6011, #6012, #6013, #6017, #6018, #6019, #6023, #6024, #6025, #6029, #6030, #6031, #6035, #6036, #6037, #6041, #6042, #6043, #6047, #6048, #6049, #6053, #6054, #6055, #6059, #6060, #6061, #6066, #6067, #6068, #6069)),.UNSPECIFIED.,.F.,.F.,.F.,(2,2),(4,3,3,3,3,3,3,3,3,3,3,3,3,3,3,3,3,3,3,3,3,3,3,3,3,3,3,3,3,3,3,3,3,3,3,3,3,4),(0.,1.),(0.,1.,2.,3.,4.,5.,6.,7.,8.,9.,10.,11.,12.,13.,14.,15.,16.,17.,18.,19.,20.,21.,22.,23.,24.,25.,26.,27.,28.,29.,30.,31.,32.,33.,34.,35.,36.,37.),.PIECEWISE_BEZIER_KNOTS.);
#5846=CARTESIAN_POINT('',(2.696534,0.,0.));
#5847=CARTESIAN_POINT('',(2.696534,0.,0.000239206013192307));
#5848=CARTESIAN_POINT('',(2.69654899889633,0.,0.000479585634179414));
#5849=CARTESIAN_POINT('',(2.696534,0.541344,0.));
#5850=CARTESIAN_POINT('',(2.696534,0.541344,0.000237823982633753));
#5851=CARTESIAN_POINT('',(2.69655547463998,0.541344,0.000477091210714951));
#5852=CARTESIAN_POINT('',(2.69657893687067,0.,0.000717287315095308));
#5853=CARTESIAN_POINT('',(2.69660887484502,0.,0.00095498899601123));
#5854=CARTESIAN_POINT('',(2.69665379071961,0.,0.00119094337612452));
#5855=CARTESIAN_POINT('',(2.69659785856636,0.541344,0.000711839147087411));
#5856=CARTESIAN_POINT('',(2.69664024249274,0.541344,0.000946587083459898));
#5857=CARTESIAN_POINT('',(2.69670338451327,0.541344,0.00117729792441034));
#5858=CARTESIAN_POINT('',(2.6967126795367,0.,0.00142318884617975));
#5859=CARTESIAN_POINT('',(2.69683045717087,0.,0.00188767978629013));
#5860=CARTESIAN_POINT('',(2.69700476424265,0.,0.00233737772701952));
#5861=CARTESIAN_POINT('',(2.69678442000877,0.541344,0.00140146691345464));
#5862=CARTESIAN_POINT('',(2.69694649099978,0.541344,0.00184980489154318));
#5863=CARTESIAN_POINT('',(2.69717996219918,0.541344,0.00227074740865676));
#5864=CARTESIAN_POINT('',(2.69722151812244,0.,0.00276469713140415));
#5865=CARTESIAN_POINT('',(2.69743827200223,0.,0.00319201653578878));
#5866=CARTESIAN_POINT('',(2.69769759349333,0.,0.00359735858894337));
#5867=CARTESIAN_POINT('',(2.6974560108285,0.541344,0.00265955185391069));
#5868=CARTESIAN_POINT('',(2.69773205945782,0.541344,0.00304835629916463));
#5869=CARTESIAN_POINT('',(2.69805020237691,0.541344,0.00340617608528333));
#5870=CARTESIAN_POINT('',(2.69798555497137,0.,0.00398042992676924));
#5871=CARTESIAN_POINT('',(2.69827351644941,0.,0.00436350126459512));
#5872=CARTESIAN_POINT('',(2.69859013985708,0.,0.00472459867278838));
#5873=CARTESIAN_POINT('',(2.69839233946919,0.541344,0.00373836343583408));
#5874=CARTESIAN_POINT('',(2.69873447656148,0.541344,0.00407055078638482));
#5875=CARTESIAN_POINT('',(2.69910057597439,0.541344,0.00437748327441984));
#5876=CARTESIAN_POINT('',(2.69892622702345,0.,0.00506630003819136));
#5877=CARTESIAN_POINT('',(2.69926231418983,0.,0.00540800140359434));
#5878=CARTESIAN_POINT('',(2.69961739126199,0.,0.00573065173227536));
#5879=CARTESIAN_POINT('',(2.69948062871556,0.541344,0.00466530611089522));
#5880=CARTESIAN_POINT('',(2.69986068145673,0.541344,0.0049531289473706));
#5881=CARTESIAN_POINT('',(2.70025551988509,0.541344,0.00522137944284343));
#5882=CARTESIAN_POINT('',(2.69998584264982,0.,0.00603711628283457));
#5883=CARTESIAN_POINT('',(2.70035429403764,0.,0.00634358083339379));
#5884=CARTESIAN_POINT('',(2.70073579753231,0.,0.00663414598211536));
#5885=CARTESIAN_POINT('',(2.7006594565223,0.541344,0.00547478478780375));
#5886=CARTESIAN_POINT('',(2.7010633931595,0.541344,0.00572819013276409));
#5887=CARTESIAN_POINT('',(2.70147642657546,0.541344,0.00596683859177707));
#5888=CARTESIAN_POINT('',(2.70112687439277,0.,0.00691121353647533));
#5889=CARTESIAN_POINT('',(2.70190902811369,0.,0.00746534864519525));
#5890=CARTESIAN_POINT('',(2.7027276991551,0.,0.00796670573213479));
#5891=CARTESIAN_POINT('',(2.7018958364748,0.541344,0.00619366519517022));
#5892=CARTESIAN_POINT('',(2.70273465627346,0.541344,0.00664731840195651));
#5893=CARTESIAN_POINT('',(2.70359830620637,0.541344,0.00705414875916441));
#5894=CARTESIAN_POINT('',(2.70356560401413,0.,0.0084317667178588));
#5895=CARTESIAN_POINT('',(2.70398455644365,0.,0.00866429721072081));
#5896=CARTESIAN_POINT('',(2.70440899786598,0.,0.00888712075947259));
#5897=CARTESIAN_POINT('',(2.70447418698018,0.541344,0.00743098823125229));
#5898=CARTESIAN_POINT('',(2.70491212736709,0.541344,0.00761940796729623));
#5899=CARTESIAN_POINT('',(2.70535369177433,0.541344,0.00779958181968338));
#5900=CARTESIAN_POINT('',(2.70483741040762,0.,0.0091019350870002));
#5901=CARTESIAN_POINT('',(2.70526582294925,0.,0.00931674941452781));
#5902=CARTESIAN_POINT('',(2.70569805609774,0.,0.00952378965243621));
#5903=CARTESIAN_POINT('',(2.70579777184168,0.541344,0.00797319645227432));
#5904=CARTESIAN_POINT('',(2.70624185190903,0.541344,0.00814681108486526));
#5905=CARTESIAN_POINT('',(2.70668842155122,0.541344,0.0083139689882348));
#5906=CARTESIAN_POINT('',(2.70613366134747,0.,0.00972362905285643));
#5907=CARTESIAN_POINT('',(2.70700487184692,0.,0.0101233078536969));
#5908=CARTESIAN_POINT('',(2.70788818614412,0.,0.0104959948704665));
#5909=CARTESIAN_POINT('',(2.70713716295806,0.541344,0.00847518493632674));
#5910=CARTESIAN_POINT('',(2.70803464577173,0.541344,0.00879761683251063));
#5911=CARTESIAN_POINT('',(2.70893986790739,0.541344,0.00909804183986925));
#5912=CARTESIAN_POINT('',(2.70878018878162,0.,0.010846772356239));
#5913=CARTESIAN_POINT('',(2.70967219141913,0.,0.0111975498420115));
#5914=CARTESIAN_POINT('',(2.71057220520789,0.,0.0115273995133386));
#5915=CARTESIAN_POINT('',(2.70985068199337,0.541344,0.00938057143816358));
#5916=CARTESIAN_POINT('',(2.71076149607935,0.541344,0.00966310103645792));
#5917=CARTESIAN_POINT('',(2.71167771738134,0.541344,0.00992812682021104));
#5918=CARTESIAN_POINT('',(2.71147829901581,0.,0.0118398061850322));
#5919=CARTESIAN_POINT('',(2.71238439282374,0.,0.0121522128567257));
#5920=CARTESIAN_POINT('',(2.71329656665083,0.,0.0124471765287858));
#5921=CARTESIAN_POINT('',(2.71259738887488,0.541344,0.010180000814849));
#5922=CARTESIAN_POINT('',(2.71351706036842,0.541344,0.010431874809487));
#5923=CARTESIAN_POINT('',(2.71444076824502,0.541344,0.0106692717890078));
#5924=CARTESIAN_POINT('',(2.714212889365,0.,0.0127281820160245));
#5925=CARTESIAN_POINT('',(2.71604553479334,0.,0.0132901929905017));
#5926=CARTESIAN_POINT('',(2.71789519753096,0.,0.0137958691661162));
#5927=CARTESIAN_POINT('',(2.71536722599672,0.541344,0.0108952430021764));
#5928=CARTESIAN_POINT('',(2.71722014150012,0.541344,0.0113471854285135));
#5929=CARTESIAN_POINT('',(2.71908372070035,0.541344,0.011754456142429));
#5930=CARTESIAN_POINT('',(2.71975493958317,0.,0.0142603653683185));
#5931=CARTESIAN_POINT('',(2.72161468163537,0.,0.0147248615705208));
#5932=CARTESIAN_POINT('',(2.72348473031242,0.,0.0151478713734373));
#5933=CARTESIAN_POINT('',(2.72095400910346,0.541344,0.012128018749834));
#5934=CARTESIAN_POINT('',(2.72282429750656,0.541344,0.0125015813572389));
#5935=CARTESIAN_POINT('',(2.72470085866355,0.541344,0.0128428297596588));
#5936=CARTESIAN_POINT('',(2.72536121876065,0.,0.0155391279866888));
#5937=CARTESIAN_POINT('',(2.72723770720889,0.,0.0159303845999404));
#5938=CARTESIAN_POINT('',(2.7291210708632,0.,0.0162888512057261));
#5939=CARTESIAN_POINT('',(2.72658199063492,0.541344,0.0131572654317384));
#5940=CARTESIAN_POINT('',(2.72846312260629,0.541344,0.013471701103818));
#5941=CARTESIAN_POINT('',(2.73034839266067,0.541344,0.0137607852629702));
#5942=CARTESIAN_POINT('',(2.73100883883659,0.,0.0166216350713147));
#5943=CARTESIAN_POINT('',(2.73195272282328,0.,0.016788027004109));
#5944=CARTESIAN_POINT('',(2.73289773062804,0.,0.0169479399246454));
#5945=CARTESIAN_POINT('',(2.73223662067909,0.541344,0.0140288092773519));
#5946=CARTESIAN_POINT('',(2.73318073468829,0.541344,0.0141628212845428));
#5947=CARTESIAN_POINT('',(2.73412572580946,0.541344,0.0142910492106398));
#5948=CARTESIAN_POINT('',(2.73384371914677,0.,0.0171018352242363));
#5949=CARTESIAN_POINT('',(2.7347897076655,0.,0.0172557305238272));
#5950=CARTESIAN_POINT('',(2.7357366768982,0.,0.0174036082024728));
#5951=CARTESIAN_POINT('',(2.73507124105632,0.541344,0.014414870063971));
#5952=CARTESIAN_POINT('',(2.73601675630318,0.541344,0.0145386909173021));
#5953=CARTESIAN_POINT('',(2.73696285585826,0.541344,0.0146578507550274));
#5954=CARTESIAN_POINT('',(2.73668448374081,0.,0.0175459296514853));
#5955=CARTESIAN_POINT('',(2.73858009742602,0.,0.0178305725495105));
#5956=CARTESIAN_POINT('',(2.7404789486206,0.,0.0180934430197651));
#5957=CARTESIAN_POINT('',(2.73790958301665,0.541344,0.0147722046377284));
#5958=CARTESIAN_POINT('',(2.73980303733342,0.541344,0.0150009124031306));
#5959=CARTESIAN_POINT('',(2.74169852794027,0.541344,0.015212243460794));
#5960=CARTESIAN_POINT('',(2.74238032978113,0.,0.0183369512683194));
#5961=CARTESIAN_POINT('',(2.74428171094165,0.,0.0185804595168737));
#5962=CARTESIAN_POINT('',(2.74618529368695,0.,0.0188058674751982));
#5963=CARTESIAN_POINT('',(2.74359560495333,0.541344,0.0154082795743459));
#5964=CARTESIAN_POINT('',(2.74549268196639,0.541344,0.0156043156878977));
#5965=CARTESIAN_POINT('',(2.74739134538564,0.541344,0.0157850568573379));
#5966=CARTESIAN_POINT('',(2.7480908574174,0.,0.0190140597520821));
#5967=CARTESIAN_POINT('',(2.75190198487829,0.,0.0194304443058498));
#5968=CARTESIAN_POINT('',(2.75571981703627,0.,0.0197826484401093));
#5969=CARTESIAN_POINT('',(2.74929114532721,0.541344,0.0159525848462934));
#5970=CARTESIAN_POINT('',(2.75309074521034,0.541344,0.0162876408242045));
#5971=CARTESIAN_POINT('',(2.75689502381624,0.541344,0.0165691326549672));
#5972=CARTESIAN_POINT('',(2.75954196195715,0.,0.0200812383891383));
#5973=CARTESIAN_POINT('',(2.76718625179892,0.,0.0206784182871962));
#5974=CARTESIAN_POINT('',(2.7748456919826,0.,0.0210697723197695));
#5975=CARTESIAN_POINT('',(2.76070185950095,0.541344,0.0168085838227929));
#5976=CARTESIAN_POINT('',(2.76831553087037,0.541344,0.0172874861584443));
#5977=CARTESIAN_POINT('',(2.77593938059895,0.541344,0.0175976114899705));
#5978=CARTESIAN_POINT('',(2.78250901839257,0.,0.0213178654711464));
#5979=CARTESIAN_POINT('',(2.78442484999506,0.,0.0213798887589906));
#5980=CARTESIAN_POINT('',(2.78634098384928,0.,0.0214326705208864));
#5981=CARTESIAN_POINT('',(2.78356547261258,0.541344,0.0177926793029771));
#5982=CARTESIAN_POINT('',(2.78547199561599,0.541344,0.0178414462562288));
#5983=CARTESIAN_POINT('',(2.78737879296759,0.541344,0.0178820415868924));
#5984=CARTESIAN_POINT('',(2.78825732695845,0.,0.0214768479101441));
#5985=CARTESIAN_POINT('',(2.79017367006762,0.,0.0215210252994018));
#5986=CARTESIAN_POINT('',(2.79209022243173,0.,0.0215565983160215));
#5987=CARTESIAN_POINT('',(2.78928567193703,0.541344,0.0179160698435076));
#5988=CARTESIAN_POINT('',(2.79119255090647,0.541344,0.0179500981001229));
#5989=CARTESIAN_POINT('',(2.7930994965893,0.541344,0.0179776639915124));
#5990=CARTESIAN_POINT('',(2.79400689105402,0.,0.0215842041133137));
#5991=CARTESIAN_POINT('',(2.79784022829859,0.,0.0216394157078981));
#5992=CARTESIAN_POINT('',(2.80167394760643,0.,0.0216635543911541));
#5993=CARTESIAN_POINT('',(2.79500657501317,0.541344,0.017998220983866));
#5994=CARTESIAN_POINT('',(2.79882073186093,0.541344,0.0180393349685734));
#5995=CARTESIAN_POINT('',(2.80263509694868,0.541344,0.0180552739904104));
#5996=CARTESIAN_POINT('',(2.80550769328764,0.,0.0216595382674935));
#5997=CARTESIAN_POINT('',(2.80742456612825,0.,0.0216575302056631));
#5998=CARTESIAN_POINT('',(2.8093413668353,0.,0.0216492395418037));
#5999=CARTESIAN_POINT('',(2.80644945305015,0.541344,0.0180483467096449));
#6000=CARTESIAN_POINT('',(2.80835663110089,0.541344,0.0180448830692622));
#6001=CARTESIAN_POINT('',(2.81026378954705,0.541344,0.0180358466321704));
#6002=CARTESIAN_POINT('',(2.81125816240579,0.,0.0216339881320708));
#6003=CARTESIAN_POINT('',(2.81317495797628,0.,0.0216187367223379));
#6004=CARTESIAN_POINT('',(2.81509173523648,0.,0.0215966810336218));
#6005=CARTESIAN_POINT('',(2.81217090666888,0.541344,0.0180215409008066));
#6006=CARTESIAN_POINT('',(2.81407802379071,0.541344,0.0180072351694429));
#6007=CARTESIAN_POINT('',(2.81598509958821,0.541344,0.0179876601438072));
#6008=CARTESIAN_POINT('',(2.81700838190052,0.,0.0215690072087325));
#6009=CARTESIAN_POINT('',(2.82084167522861,0.,0.0215136595589538));
#6010=CARTESIAN_POINT('',(2.82467465177419,0.,0.021433385559399));
#6011=CARTESIAN_POINT('',(2.81789211234165,0.541344,0.0179631193263369));
#6012=CARTESIAN_POINT('',(2.82170613784852,0.541344,0.0179140376913962));
#6013=CARTESIAN_POINT('',(2.82551991117912,0.541344,0.0178450928891168));
#6014=CARTESIAN_POINT('',(2.82850698074004,0.,0.0213325568780018));
#6015=CARTESIAN_POINT('',(2.83233930970589,0.,0.0212317281966045));
#6016=CARTESIAN_POINT('',(2.83617113781862,0.,0.0211083385588331));
#6017=CARTESIAN_POINT('',(2.82933325857551,0.541344,0.0177587129389963));
#6018=CARTESIAN_POINT('',(2.83314660597189,0.541344,0.0176723329888758));
#6019=CARTESIAN_POINT('',(2.83695957567582,0.541344,0.0175679601545606));
#6020=CARTESIAN_POINT('',(2.84000219754768,0.,0.0209663530214258));
#6021=CARTESIAN_POINT('',(2.84383325727674,0.,0.0208243674840185));
#6022=CARTESIAN_POINT('',(2.84766361582743,0.,0.0206629960260321));
#6023=CARTESIAN_POINT('',(2.84077203051095,0.541344,0.0174479556666338));
#6024=CARTESIAN_POINT('',(2.84458448534609,0.541344,0.0173279511787069));
#6025=CARTESIAN_POINT('',(2.84839644009415,0.541344,0.0171923503694615));
#6026=CARTESIAN_POINT('',(2.85149315572417,0.,0.0204843442045037));
#6027=CARTESIAN_POINT('',(2.85915223551765,0.,0.0201270405614471));
#6028=CARTESIAN_POINT('',(2.86680804900448,0.,0.0197015200730818));
#6029=CARTESIAN_POINT('',(2.85220783794611,0.541344,0.0170423285709915));
#6030=CARTESIAN_POINT('',(2.85983063365003,0.541344,0.0167422849740514));
#6031=CARTESIAN_POINT('',(2.86745115885059,0.541344,0.016386562811424));
#6032=CARTESIAN_POINT('',(2.87446027752676,0.,0.0192190974307411));
#6033=CARTESIAN_POINT('',(2.88211250604903,0.,0.0187366747884005));
#6034=CARTESIAN_POINT('',(2.88976115465638,0.,0.0181989896932663));
#6035=CARTESIAN_POINT('',(2.87506921841979,0.541344,0.0159838220717674));
#6036=CARTESIAN_POINT('',(2.882687277989,0.541344,0.0155810813321108));
#6037=CARTESIAN_POINT('',(2.89030284834516,0.541344,0.0151329432091956));
#6038=CARTESIAN_POINT('',(2.89740619244643,0.,0.0176136817043927));
#6039=CARTESIAN_POINT('',(2.90505123023647,0.,0.0170283737155192));
#6040=CARTESIAN_POINT('',(2.91269266832608,0.,0.0163969084015165));
#6041=CARTESIAN_POINT('',(2.89791594900543,0.541344,0.0146457914470849));
#6042=CARTESIAN_POINT('',(2.9055290496657,0.541344,0.0141586396849742));
#6043=CARTESIAN_POINT('',(2.91313968063007,0.541344,0.0136324742836679));
#6044=CARTESIAN_POINT('',(2.92033057743659,0.,0.0157251535361345));
#6045=CARTESIAN_POINT('',(2.92796848654709,0.,0.0150533986707526));
#6046=CARTESIAN_POINT('',(2.9356028752893,0.,0.0143418355178601));
#6047=CARTESIAN_POINT('',(2.92074786141567,0.541344,0.0130736789872291));
#6048=CARTESIAN_POINT('',(2.92835604220128,0.541344,0.0125148836907902));
#6049=CARTESIAN_POINT('',(2.93596180311959,0.541344,0.0119235416795024));
#6050=CARTESIAN_POINT('',(2.94323382798871,0.,0.0135954174446891));
#6051=CARTESIAN_POINT('',(2.95086478068811,0.,0.0128489993715181));
#6052=CARTESIAN_POINT('',(2.95849229324552,0.,0.0120672692691584));
#6053=CARTESIAN_POINT('',(2.94356517694214,0.541344,0.011302816204857));
#6054=CARTESIAN_POINT('',(2.95116855076469,0.541344,0.0106820907302117));
#6055=CARTESIAN_POINT('',(2.95876953749148,0.541344,0.0100319817922089));
#6056=CARTESIAN_POINT('',(2.96611639095926,0.,0.0112536634079999));
#6057=CARTESIAN_POINT('',(2.98136458638675,0.,0.00962645168568303));
#6058=CARTESIAN_POINT('',(2.99659926497788,0.,0.00787301709854992));
#6059=CARTESIAN_POINT('',(2.96636816989404,0.541344,0.0093556526423402));
#6060=CARTESIAN_POINT('',(2.98156543469916,0.541344,0.00800299434260272));
#6061=CARTESIAN_POINT('',(2.99675334232018,0.541344,0.00654554278646333));
#6062=CARTESIAN_POINT('',(3.01181910449828,0.,0.00599912718552103));
#6063=CARTESIAN_POINT('',(3.02703894401868,0.,0.00412523727249213));
#6064=CARTESIAN_POINT('',(3.04224399592132,0.,0.00213074691787237));
#6065=CARTESIAN_POINT('',(3.05743,0.,0.));
#6066=CARTESIAN_POINT('',(3.01193095018485,0.541344,0.00498779528609506));
#6067=CARTESIAN_POINT('',(3.02710855804952,0.541344,0.00343004778572678));
#6068=CARTESIAN_POINT('',(3.04227590357703,0.541344,0.00177189161781024));
#6069=CARTESIAN_POINT('',(3.05743,0.541344,0.));
#6070=ADVANCED_FACE('',($),#5845,.T.);
#6071=PLANE('Plane_ZDYBMYZQQC, HorizontalTail, 0, 20',#6075);
#6072=CARTESIAN_POINT('',(2.87506921841979,0.541344,-0.00799191103588368));
#6073=DIRECTION('',(-0.,-1.,0.));
#6074=DIRECTION('',(0.,0.,1.));
#6075=AXIS2_PLACEMENT_3D('',#6072,#6073,#6074);
#6076=ORIENTED_EDGE('',*,*,#1435,.F.);
#6077=ORIENTED_EDGE('',*,*,#940,.T.);
#6078=EDGE_LOOP('',(#6076, #6077));
#6079=FACE_OUTER_BOUND('',#6078,.T.);
#6080=ADVANCED_FACE('',(#6079),#6071,.T.);
#6081=PLANE('Plane_ZDYBMYZQQC, HorizontalTail, 0, 21',#6085);
#6082=CARTESIAN_POINT('',(2.87506921841979,0.541344,0.00799191103588369));
#6083=DIRECTION('',(0.,-1.,0.));
#6084=DIRECTION('',(0.,0.,-1.));
#6085=AXIS2_PLACEMENT_3D('',#6082,#6083,#6084);
#6086=ORIENTED_EDGE('',*,*,#1144,.T.);
#6087=ORIENTED_EDGE('',*,*,#940,.T.);
#6088=EDGE_LOOP('',(#6086, #6087));
#6089=FACE_OUTER_BOUND('',#6088,.T.);
#6090=ADVANCED_FACE('',(#6089),#6081,.T.);
#6091=B_SPLINE_SURFACE_WITH_KNOTS('Surf_ZDYBMYZQQC, HorizontalTail, 0, 24',1,3,((#6092, #6093, #6094, #6098, #6099, #6100, #6104, #6105, #6106, #6110, #6111, #6112, #6116, #6117, #6118, #6122, #6123, #6124, #6128, #6129, #6130, #6134, #6135, #6136, #6140, #6141, #6142, #6146, #6147, #6148, #6152, #6153, #6154, #6158, #6159, #6160, #6164, #6165, #6166, #6170, #6171, #6172, #6176, #6177, #6178, #6182, #6183, #6184, #6188, #6189, #6190, #6194, #6195, #6196, #6200, #6201, #6202, #6206, #6207, #6208, #6212, #6213, #6214, #6218, #6219, #6220, #6224, #6225, #6226, #6230, #6231, #6232, #6236, #6237, #6238, #6242, #6243, #6244, #6248, #6249, #6250, #6254, #6255, #6256, #6260, #6261, #6262, #6266, #6267, #6268, #6272, #6273, #6274, #6278, #6279, #6280, #6284, #6285, #6286, #6290, #6291, #6292, #6296, #6297, #6298, #6302, #6303, #6304, #6308, #6309, #6310, #6311),(#6095, #6096, #6097, #6101, #6102, #6103, #6107, #6108, #6109, #6113, #6114, #6115, #6119, #6120, #6121, #6125, #6126, #6127, #6131, #6132, #6133, #6137, #6138, #6139, #6143, #6144, #6145, #6149, #6150, #6151, #6155, #6156, #6157, #6161, #6162, #6163, #6167, #6168, #6169, #6173, #6174, #6175, #6179, #6180, #6181, #6185, #6186, #6187, #6191, #6192, #6193, #6197, #6198, #6199, #6203, #6204, #6205, #6209, #6210, #6211, #6215, #6216, #6217, #6221, #6222, #6223, #6227, #6228, #6229, #6233, #6234, #6235, #6239, #6240, #6241, #6245, #6246, #6247, #6251, #6252, #6253, #6257, #6258, #6259, #6263, #6264, #6265, #6269, #6270, #6271, #6275, #6276, #6277, #6281, #6282, #6283, #6287, #6288, #6289, #6293, #6294, #6295, #6299, #6300, #6301, #6305, #6306, #6307, #6312, #6313, #6314, #6315)),.UNSPECIFIED.,.F.,.F.,.F.,(2,2),(4,3,3,3,3,3,3,3,3,3,3,3,3,3,3,3,3,3,3,3,3,3,3,3,3,3,3,3,3,3,3,3,3,3,3,3,3,4),(0.,1.),(0.,1.,2.,3.,4.,5.,6.,7.,8.,9.,10.,11.,12.,13.,14.,15.,16.,17.,18.,19.,20.,21.,22.,23.,24.,25.,26.,27.,28.,29.,30.,31.,32.,33.,34.,35.,36.,37.),.PIECEWISE_BEZIER_KNOTS.);
#6092=CARTESIAN_POINT('',(3.05743,0.,0.));
#6093=CARTESIAN_POINT('',(3.04224399592133,0.,-0.00213074691787192));
#6094=CARTESIAN_POINT('',(3.02703894401868,0.,-0.00412523727249214));
#6095=CARTESIAN_POINT('',(3.05743,-0.541344,0.));
#6096=CARTESIAN_POINT('',(3.04227590357702,-0.541344,-0.00177189161780987));
#6097=CARTESIAN_POINT('',(3.02710855804952,-0.541344,-0.00343004778572672));
#6098=CARTESIAN_POINT('',(3.01181910449828,0.,-0.00599912718552104));
#6099=CARTESIAN_POINT('',(2.99659926497788,0.,-0.00787301709854995));
#6100=CARTESIAN_POINT('',(2.98136458638674,0.,-0.00962645168568308));
#6101=CARTESIAN_POINT('',(3.01193095018485,-0.541344,-0.00498779528609503));
#6102=CARTESIAN_POINT('',(2.99675334232018,-0.541344,-0.00654554278646334));
#6103=CARTESIAN_POINT('',(2.98156543469916,-0.541344,-0.00800299434260271));
#6104=CARTESIAN_POINT('',(2.96611639095926,0.,-0.011253663408));
#6105=CARTESIAN_POINT('',(2.95849229324552,0.,-0.0120672692691584));
#6106=CARTESIAN_POINT('',(2.95086478068811,0.,-0.0128489993715181));
#6107=CARTESIAN_POINT('',(2.96636816989404,-0.541344,-0.00935565264234018));
#6108=CARTESIAN_POINT('',(2.95876953749148,-0.541344,-0.0100319817922089));
#6109=CARTESIAN_POINT('',(2.95116855076469,-0.541344,-0.0106820907302117));
#6110=CARTESIAN_POINT('',(2.94323382798871,0.,-0.0135954174446891));
#6111=CARTESIAN_POINT('',(2.9356028752893,0.,-0.0143418355178601));
#6112=CARTESIAN_POINT('',(2.92796848654709,0.,-0.0150533986707526));
#6113=CARTESIAN_POINT('',(2.94356517694214,-0.541344,-0.011302816204857));
#6114=CARTESIAN_POINT('',(2.93596180311959,-0.541344,-0.0119235416795024));
#6115=CARTESIAN_POINT('',(2.92835604220128,-0.541344,-0.0125148836907902));
#6116=CARTESIAN_POINT('',(2.92033057743659,0.,-0.0157251535361345));
#6117=CARTESIAN_POINT('',(2.91269266832608,0.,-0.0163969084015165));
#6118=CARTESIAN_POINT('',(2.90505123023647,0.,-0.0170283737155192));
#6119=CARTESIAN_POINT('',(2.92074786141567,-0.541344,-0.0130736789872291));
#6120=CARTESIAN_POINT('',(2.91313968063007,-0.541344,-0.0136324742836679));
#6121=CARTESIAN_POINT('',(2.9055290496657,-0.541344,-0.0141586396849742));
#6122=CARTESIAN_POINT('',(2.89740619244643,0.,-0.0176136817043927));
#6123=CARTESIAN_POINT('',(2.88976115465638,0.,-0.0181989896932663));
#6124=CARTESIAN_POINT('',(2.88211250604903,0.,-0.0187366747884005));
#6125=CARTESIAN_POINT('',(2.89791594900543,-0.541344,-0.0146457914470849));
#6126=CARTESIAN_POINT('',(2.89030284834516,-0.541344,-0.0151329432091956));
#6127=CARTESIAN_POINT('',(2.882687277989,-0.541344,-0.0155810813321107));
#6128=CARTESIAN_POINT('',(2.87446027752676,0.,-0.0192190974307412));
#6129=CARTESIAN_POINT('',(2.86680804900448,0.,-0.0197015200730818));
#6130=CARTESIAN_POINT('',(2.85915223551765,0.,-0.0201270405614471));
#6131=CARTESIAN_POINT('',(2.87506921841979,-0.541344,-0.0159838220717674));
#6132=CARTESIAN_POINT('',(2.86745115885059,-0.541344,-0.016386562811424));
#6133=CARTESIAN_POINT('',(2.85983063365003,-0.541344,-0.0167422849740514));
#6134=CARTESIAN_POINT('',(2.85149315572417,0.,-0.0204843442045038));
#6135=CARTESIAN_POINT('',(2.84766361582743,0.,-0.0206629960260321));
#6136=CARTESIAN_POINT('',(2.84383325727674,0.,-0.0208243674840185));
#6137=CARTESIAN_POINT('',(2.85220783794611,-0.541344,-0.0170423285709915));
#6138=CARTESIAN_POINT('',(2.84839644009415,-0.541344,-0.0171923503694615));
#6139=CARTESIAN_POINT('',(2.84458448534609,-0.541344,-0.0173279511787069));
#6140=CARTESIAN_POINT('',(2.84000219754768,0.,-0.0209663530214258));
#6141=CARTESIAN_POINT('',(2.83617113781862,0.,-0.0211083385588331));
#6142=CARTESIAN_POINT('',(2.83233930970589,0.,-0.0212317281966046));
#6143=CARTESIAN_POINT('',(2.84077203051095,-0.541344,-0.0174479556666338));
#6144=CARTESIAN_POINT('',(2.83695957567582,-0.541344,-0.0175679601545606));
#6145=CARTESIAN_POINT('',(2.83314660597189,-0.541344,-0.0176723329888758));
#6146=CARTESIAN_POINT('',(2.82850698074004,0.,-0.0213325568780018));
#6147=CARTESIAN_POINT('',(2.82467465177419,0.,-0.021433385559399));
#6148=CARTESIAN_POINT('',(2.82084167522861,0.,-0.0215136595589538));
#6149=CARTESIAN_POINT('',(2.82933325857551,-0.541344,-0.0177587129389963));
#6150=CARTESIAN_POINT('',(2.82551991117912,-0.541344,-0.0178450928891168));
#6151=CARTESIAN_POINT('',(2.82170613784852,-0.541344,-0.0179140376913962));
#6152=CARTESIAN_POINT('',(2.81700838190052,0.,-0.0215690072087325));
#6153=CARTESIAN_POINT('',(2.81509173523648,0.,-0.0215966810336218));
#6154=CARTESIAN_POINT('',(2.81317495797628,0.,-0.0216187367223379));
#6155=CARTESIAN_POINT('',(2.81789211234165,-0.541344,-0.0179631193263369));
#6156=CARTESIAN_POINT('',(2.81598509958821,-0.541344,-0.0179876601438072));
#6157=CARTESIAN_POINT('',(2.81407802379071,-0.541344,-0.0180072351694429));
#6158=CARTESIAN_POINT('',(2.81125816240579,0.,-0.0216339881320708));
#6159=CARTESIAN_POINT('',(2.8093413668353,0.,-0.0216492395418037));
#6160=CARTESIAN_POINT('',(2.80742456612825,0.,-0.0216575302056631));
#6161=CARTESIAN_POINT('',(2.81217090666888,-0.541344,-0.0180215409008066));
#6162=CARTESIAN_POINT('',(2.81026378954705,-0.541344,-0.0180358466321703));
#6163=CARTESIAN_POINT('',(2.80835663110089,-0.541344,-0.0180448830692622));
#6164=CARTESIAN_POINT('',(2.80550769328764,0.,-0.0216595382674935));
#6165=CARTESIAN_POINT('',(2.80167394760643,0.,-0.0216635543911541));
#6166=CARTESIAN_POINT('',(2.79784022829859,0.,-0.0216394157078981));
#6167=CARTESIAN_POINT('',(2.80644945305015,-0.541344,-0.0180483467096449));
#6168=CARTESIAN_POINT('',(2.80263509694868,-0.541344,-0.0180552739904104));
#6169=CARTESIAN_POINT('',(2.79882073186093,-0.541344,-0.0180393349685734));
#6170=CARTESIAN_POINT('',(2.79400689105402,0.,-0.0215842041133137));
#6171=CARTESIAN_POINT('',(2.79209022243173,0.,-0.0215565983160215));
#6172=CARTESIAN_POINT('',(2.79017367006762,0.,-0.0215210252994018));
#6173=CARTESIAN_POINT('',(2.79500657501317,-0.541344,-0.017998220983866));
#6174=CARTESIAN_POINT('',(2.7930994965893,-0.541344,-0.0179776639915124));
#6175=CARTESIAN_POINT('',(2.79119255090647,-0.541344,-0.0179500981001229));
#6176=CARTESIAN_POINT('',(2.78825732695845,0.,-0.0214768479101441));
#6177=CARTESIAN_POINT('',(2.78634098384928,0.,-0.0214326705208863));
#6178=CARTESIAN_POINT('',(2.78442484999506,0.,-0.0213798887589906));
#6179=CARTESIAN_POINT('',(2.78928567193703,-0.541344,-0.0179160698435076));
#6180=CARTESIAN_POINT('',(2.78737879296759,-0.541344,-0.0178820415868924));
#6181=CARTESIAN_POINT('',(2.78547199561599,-0.541344,-0.0178414462562288));
#6182=CARTESIAN_POINT('',(2.78250901839257,0.,-0.0213178654711464));
#6183=CARTESIAN_POINT('',(2.7748456919826,0.,-0.0210697723197695));
#6184=CARTESIAN_POINT('',(2.76718625179892,0.,-0.0206784182871962));
#6185=CARTESIAN_POINT('',(2.78356547261258,-0.541344,-0.0177926793029771));
#6186=CARTESIAN_POINT('',(2.77593938059895,-0.541344,-0.0175976114899705));
#6187=CARTESIAN_POINT('',(2.76831553087037,-0.541344,-0.0172874861584443));
#6188=CARTESIAN_POINT('',(2.75954196195715,0.,-0.0200812383891382));
#6189=CARTESIAN_POINT('',(2.75571981703627,0.,-0.0197826484401093));
#6190=CARTESIAN_POINT('',(2.75190198487829,0.,-0.0194304443058498));
#6191=CARTESIAN_POINT('',(2.76070185950095,-0.541344,-0.0168085838227929));
#6192=CARTESIAN_POINT('',(2.75689502381624,-0.541344,-0.0165691326549672));
#6193=CARTESIAN_POINT('',(2.75309074521034,-0.541344,-0.0162876408242045));
#6194=CARTESIAN_POINT('',(2.7480908574174,0.,-0.0190140597520821));
#6195=CARTESIAN_POINT('',(2.74618529368695,0.,-0.0188058674751982));
#6196=CARTESIAN_POINT('',(2.74428171094165,0.,-0.0185804595168737));
#6197=CARTESIAN_POINT('',(2.74929114532721,-0.541344,-0.0159525848462934));
#6198=CARTESIAN_POINT('',(2.74739134538564,-0.541344,-0.0157850568573379));
#6199=CARTESIAN_POINT('',(2.74549268196639,-0.541344,-0.0156043156878977));
#6200=CARTESIAN_POINT('',(2.74238032978113,0.,-0.0183369512683194));
#6201=CARTESIAN_POINT('',(2.7404789486206,0.,-0.0180934430197651));
#6202=CARTESIAN_POINT('',(2.73858009742602,0.,-0.0178305725495105));
#6203=CARTESIAN_POINT('',(2.74359560495333,-0.541344,-0.0154082795743459));
#6204=CARTESIAN_POINT('',(2.74169852794027,-0.541344,-0.015212243460794));
#6205=CARTESIAN_POINT('',(2.73980303733342,-0.541344,-0.0150009124031306));
#6206=CARTESIAN_POINT('',(2.73668448374081,0.,-0.0175459296514853));
#6207=CARTESIAN_POINT('',(2.7357366768982,0.,-0.0174036082024727));
#6208=CARTESIAN_POINT('',(2.7347897076655,0.,-0.0172557305238272));
#6209=CARTESIAN_POINT('',(2.73790958301665,-0.541344,-0.0147722046377285));
#6210=CARTESIAN_POINT('',(2.73696285585826,-0.541344,-0.0146578507550274));
#6211=CARTESIAN_POINT('',(2.73601675630318,-0.541344,-0.0145386909173022));
#6212=CARTESIAN_POINT('',(2.73384371914677,0.,-0.0171018352242363));
#6213=CARTESIAN_POINT('',(2.73289773062804,0.,-0.0169479399246453));
#6214=CARTESIAN_POINT('',(2.73195272282328,0.,-0.016788027004109));
#6215=CARTESIAN_POINT('',(2.73507124105632,-0.541344,-0.014414870063971));
#6216=CARTESIAN_POINT('',(2.73412572580946,-0.541344,-0.0142910492106398));
#6217=CARTESIAN_POINT('',(2.73318073468829,-0.541344,-0.0141628212845428));
#6218=CARTESIAN_POINT('',(2.73100883883659,0.,-0.0166216350713147));
#6219=CARTESIAN_POINT('',(2.7291210708632,0.,-0.016288851205726));
#6220=CARTESIAN_POINT('',(2.72723770720889,0.,-0.0159303845999404));
#6221=CARTESIAN_POINT('',(2.73223662067909,-0.541344,-0.0140288092773519));
#6222=CARTESIAN_POINT('',(2.73034839266067,-0.541344,-0.0137607852629702));
#6223=CARTESIAN_POINT('',(2.72846312260629,-0.541344,-0.013471701103818));
#6224=CARTESIAN_POINT('',(2.72536121876065,0.,-0.0155391279866888));
#6225=CARTESIAN_POINT('',(2.72348473031242,0.,-0.0151478713734372));
#6226=CARTESIAN_POINT('',(2.72161468163537,0.,-0.0147248615705207));
#6227=CARTESIAN_POINT('',(2.72658199063492,-0.541344,-0.0131572654317384));
#6228=CARTESIAN_POINT('',(2.72470085866355,-0.541344,-0.0128428297596589));
#6229=CARTESIAN_POINT('',(2.72282429750656,-0.541344,-0.012501581357239));
#6230=CARTESIAN_POINT('',(2.71975493958317,0.,-0.0142603653683184));
#6231=CARTESIAN_POINT('',(2.71789519753096,0.,-0.0137958691661161));
#6232=CARTESIAN_POINT('',(2.71604553479334,0.,-0.0132901929905017));
#6233=CARTESIAN_POINT('',(2.72095400910346,-0.541344,-0.012128018749834));
#6234=CARTESIAN_POINT('',(2.71908372070035,-0.541344,-0.011754456142429));
#6235=CARTESIAN_POINT('',(2.71722014150012,-0.541344,-0.0113471854285136));
#6236=CARTESIAN_POINT('',(2.714212889365,0.,-0.0127281820160244));
#6237=CARTESIAN_POINT('',(2.71329656665083,0.,-0.0124471765287858));
#6238=CARTESIAN_POINT('',(2.71238439282374,0.,-0.0121522128567257));
#6239=CARTESIAN_POINT('',(2.71536722599672,-0.541344,-0.0108952430021764));
#6240=CARTESIAN_POINT('',(2.71444076824502,-0.541344,-0.0106692717890079));
#6241=CARTESIAN_POINT('',(2.71351706036842,-0.541344,-0.0104318748094871));
#6242=CARTESIAN_POINT('',(2.71147829901581,0.,-0.0118398061850321));
#6243=CARTESIAN_POINT('',(2.71057220520789,0.,-0.0115273995133386));
#6244=CARTESIAN_POINT('',(2.70967219141913,0.,-0.0111975498420115));
#6245=CARTESIAN_POINT('',(2.71259738887488,-0.541344,-0.0101800008148491));
#6246=CARTESIAN_POINT('',(2.71167771738134,-0.541344,-0.00992812682021107));
#6247=CARTESIAN_POINT('',(2.71076149607935,-0.541344,-0.00966310103645794));
#6248=CARTESIAN_POINT('',(2.70878018878162,0.,-0.0108467723562389));
#6249=CARTESIAN_POINT('',(2.70788818614412,0.,-0.0104959948704664));
#6250=CARTESIAN_POINT('',(2.70700487184692,0.,-0.0101233078536968));
#6251=CARTESIAN_POINT('',(2.70985068199337,-0.541344,-0.0093805714381636));
#6252=CARTESIAN_POINT('',(2.70893986790739,-0.541344,-0.00909804183986926));
#6253=CARTESIAN_POINT('',(2.70803464577173,-0.541344,-0.00879761683251061));
#6254=CARTESIAN_POINT('',(2.70613366134747,0.,-0.00972362905285636));
#6255=CARTESIAN_POINT('',(2.70569805609774,0.,-0.00952378965243612));
#6256=CARTESIAN_POINT('',(2.70526582294925,0.,-0.00931674941452771));
#6257=CARTESIAN_POINT('',(2.70713716295806,-0.541344,-0.00847518493632675));
#6258=CARTESIAN_POINT('',(2.70668842155122,-0.541344,-0.00831396898823481));
#6259=CARTESIAN_POINT('',(2.70624185190903,-0.541344,-0.00814681108486527));
#6260=CARTESIAN_POINT('',(2.70483741040762,0.,-0.00910193508700009));
#6261=CARTESIAN_POINT('',(2.70440899786598,0.,-0.00888712075947247));
#6262=CARTESIAN_POINT('',(2.70398455644365,0.,-0.00866429721072072));
#6263=CARTESIAN_POINT('',(2.70579777184168,-0.541344,-0.00797319645227432));
#6264=CARTESIAN_POINT('',(2.70535369177433,-0.541344,-0.00779958181968337));
#6265=CARTESIAN_POINT('',(2.70491212736709,-0.541344,-0.00761940796729626));
#6266=CARTESIAN_POINT('',(2.70356560401413,0.,-0.00843176671785874));
#6267=CARTESIAN_POINT('',(2.7027276991551,0.,-0.00796670573213477));
#6268=CARTESIAN_POINT('',(2.70190902811369,0.,-0.00746534864519506));
#6269=CARTESIAN_POINT('',(2.70447418698018,-0.541344,-0.00743098823125234));
#6270=CARTESIAN_POINT('',(2.70359830620637,-0.541344,-0.00705414875916449));
#6271=CARTESIAN_POINT('',(2.70273465627346,-0.541344,-0.00664731840195654));
#6272=CARTESIAN_POINT('',(2.70112687439277,0.,-0.00691121353647521));
#6273=CARTESIAN_POINT('',(2.70073579753231,0.,-0.00663414598211529));
#6274=CARTESIAN_POINT('',(2.70035429403764,0.,-0.00634358083339377));
#6275=CARTESIAN_POINT('',(2.7018958364748,-0.541344,-0.00619366519517028));
#6276=CARTESIAN_POINT('',(2.70147642657546,-0.541344,-0.00596683859177716));
#6277=CARTESIAN_POINT('',(2.7010633931595,-0.541344,-0.00572819013276413));
#6278=CARTESIAN_POINT('',(2.69998584264982,0.,-0.00603711628283454));
#6279=CARTESIAN_POINT('',(2.69961739126199,0.,-0.0057306517322753));
#6280=CARTESIAN_POINT('',(2.69926231418983,0.,-0.00540800140359416));
#6281=CARTESIAN_POINT('',(2.7006594565223,-0.541344,-0.00547478478780382));
#6282=CARTESIAN_POINT('',(2.70025551988509,-0.541344,-0.0052213794428435));
#6283=CARTESIAN_POINT('',(2.69986068145673,-0.541344,-0.00495312894737069));
#6284=CARTESIAN_POINT('',(2.69892622702345,0.,-0.00506630003819126));
#6285=CARTESIAN_POINT('',(2.69859013985708,0.,-0.00472459867278837));
#6286=CARTESIAN_POINT('',(2.69827351644941,0.,-0.00436350126459519));
#6287=CARTESIAN_POINT('',(2.69948062871556,-0.541344,-0.0046653061108952));
#6288=CARTESIAN_POINT('',(2.69910057597439,-0.541344,-0.0043774832744197));
#6289=CARTESIAN_POINT('',(2.69873447656148,-0.541344,-0.00407055078638486));
#6290=CARTESIAN_POINT('',(2.69798555497137,0.,-0.00398042992676919));
#6291=CARTESIAN_POINT('',(2.69769759349333,0.,-0.0035973585889432));
#6292=CARTESIAN_POINT('',(2.69743827200223,0.,-0.00319201653578856));
#6293=CARTESIAN_POINT('',(2.69839233946919,-0.541344,-0.00373836343583411));
#6294=CARTESIAN_POINT('',(2.69805020237691,-0.541344,-0.00340617608528337));
#6295=CARTESIAN_POINT('',(2.69773205945782,-0.541344,-0.00304835629916462));
#6296=CARTESIAN_POINT('',(2.69722151812244,0.,-0.00276469713140401));
#6297=CARTESIAN_POINT('',(2.69700476424265,0.,-0.00233737772701944));
#6298=CARTESIAN_POINT('',(2.69683045717087,0.,-0.0018876797862901));
#6299=CARTESIAN_POINT('',(2.6974560108285,-0.541344,-0.00265955185391077));
#6300=CARTESIAN_POINT('',(2.69717996219918,-0.541344,-0.0022707474086569));
#6301=CARTESIAN_POINT('',(2.69694649099978,-0.541344,-0.00184980489154329));
#6302=CARTESIAN_POINT('',(2.6967126795367,0.,-0.00142318884617979));
#6303=CARTESIAN_POINT('',(2.69665379071961,0.,-0.00119094337612463));
#6304=CARTESIAN_POINT('',(2.69660887484502,0.,-0.000954988996011293));
#6305=CARTESIAN_POINT('',(2.69678442000877,-0.541344,-0.00140146691345464));
#6306=CARTESIAN_POINT('',(2.69670338451327,-0.541344,-0.00117729792441031));
#6307=CARTESIAN_POINT('',(2.69664024249274,-0.541344,-0.00094658708346001));
#6308=CARTESIAN_POINT('',(2.69657893687067,0.,-0.000717287315095357));
#6309=CARTESIAN_POINT('',(2.69654899889633,0.,-0.000479585634179435));
#6310=CARTESIAN_POINT('',(2.696534,0.,-0.000239206013192307));
#6311=CARTESIAN_POINT('',(2.696534,0.,0.));
#6312=CARTESIAN_POINT('',(2.69659785856636,-0.541344,-0.000711839147087462));
#6313=CARTESIAN_POINT('',(2.69655547463998,-0.541344,-0.000477091210714927));
#6314=CARTESIAN_POINT('',(2.696534,-0.541344,-0.000237823982633753));
#6315=CARTESIAN_POINT('',(2.696534,-0.541344,0.));
#6316=ORIENTED_EDGE('',*,*,#1275,.T.);
#6317=ORIENTED_EDGE('',*,*,#917,.T.);
#6318=ORIENTED_EDGE('',*,*,#3629,.T.);
#6319=ORIENTED_EDGE('',*,*,#894,.T.);
#6320=ORIENTED_EDGE('',*,*,#757,.T.);
#6321=EDGE_LOOP('',(#6316, #6317, #6318, #6319, #6320));
#6322=FACE_OUTER_BOUND('',#6321,.T.);
#6323=ADVANCED_FACE('',(#6322),#6091,.T.);
#6324=B_SPLINE_SURFACE_WITH_KNOTS('Surf_ZDYBMYZQQC, HorizontalTail, 0, 25',1,3,((#6325, #6326, #6327, #6331, #6332, #6333, #6337, #6338, #6339, #6343, #6344, #6345, #6349, #6350, #6351, #6355, #6356, #6357, #6361, #6362, #6363, #6367, #6368, #6369, #6373, #6374, #6375, #6379, #6380, #6381, #6385, #6386, #6387, #6391, #6392, #6393, #6397, #6398, #6399, #6403, #6404, #6405, #6409, #6410, #6411, #6415, #6416, #6417, #6421, #6422, #6423, #6427, #6428, #6429, #6433, #6434, #6435, #6439, #6440, #6441, #6445, #6446, #6447, #6451, #6452, #6453, #6457, #6458, #6459, #6463, #6464, #6465, #6469, #6470, #6471, #6475, #6476, #6477, #6481, #6482, #6483, #6487, #6488, #6489, #6493, #6494, #6495, #6499, #6500, #6501, #6505, #6506, #6507, #6511, #6512, #6513, #6517, #6518, #6519, #6523, #6524, #6525, #6529, #6530, #6531, #6535, #6536, #6537, #6541, #6542, #6543, #6544),(#6328, #6329, #6330, #6334, #6335, #6336, #6340, #6341, #6342, #6346, #6347, #6348, #6352, #6353, #6354, #6358, #6359, #6360, #6364, #6365, #6366, #6370, #6371, #6372, #6376, #6377, #6378, #6382, #6383, #6384, #6388, #6389, #6390, #6394, #6395, #6396, #6400, #6401, #6402, #6406, #6407, #6408, #6412, #6413, #6414, #6418, #6419, #6420, #6424, #6425, #6426, #6430, #6431, #6432, #6436, #6437, #6438, #6442, #6443, #6444, #6448, #6449, #6450, #6454, #6455, #6456, #6460, #6461, #6462, #6466, #6467, #6468, #6472, #6473, #6474, #6478, #6479, #6480, #6484, #6485, #6486, #6490, #6491, #6492, #6496, #6497, #6498, #6502, #6503, #6504, #6508, #6509, #6510, #6514, #6515, #6516, #6520, #6521, #6522, #6526, #6527, #6528, #6532, #6533, #6534, #6538, #6539, #6540, #6545, #6546, #6547, #6548)),.UNSPECIFIED.,.F.,.F.,.F.,(2,2),(4,3,3,3,3,3,3,3,3,3,3,3,3,3,3,3,3,3,3,3,3,3,3,3,3,3,3,3,3,3,3,3,3,3,3,3,3,4),(0.,1.),(0.,1.,2.,3.,4.,5.,6.,7.,8.,9.,10.,11.,12.,13.,14.,15.,16.,17.,18.,19.,20.,21.,22.,23.,24.,25.,26.,27.,28.,29.,30.,31.,32.,33.,34.,35.,36.,37.),.PIECEWISE_BEZIER_KNOTS.);
#6325=CARTESIAN_POINT('',(2.696534,0.,0.));
#6326=CARTESIAN_POINT('',(2.696534,0.,0.000239206013192307));
#6327=CARTESIAN_POINT('',(2.69654899889633,0.,0.000479585634179414));
#6328=CARTESIAN_POINT('',(2.696534,-0.541344,0.));
#6329=CARTESIAN_POINT('',(2.696534,-0.541344,0.000237823982633753));
#6330=CARTESIAN_POINT('',(2.69655547463998,-0.541344,0.000477091210714951));
#6331=CARTESIAN_POINT('',(2.69657893687067,0.,0.000717287315095308));
#6332=CARTESIAN_POINT('',(2.69660887484502,0.,0.00095498899601123));
#6333=CARTESIAN_POINT('',(2.69665379071961,0.,0.00119094337612452));
#6334=CARTESIAN_POINT('',(2.69659785856636,-0.541344,0.000711839147087411));
#6335=CARTESIAN_POINT('',(2.69664024249274,-0.541344,0.000946587083459898));
#6336=CARTESIAN_POINT('',(2.69670338451327,-0.541344,0.00117729792441034));
#6337=CARTESIAN_POINT('',(2.6967126795367,0.,0.00142318884617975));
#6338=CARTESIAN_POINT('',(2.69683045717087,0.,0.00188767978629013));
#6339=CARTESIAN_POINT('',(2.69700476424265,0.,0.00233737772701952));
#6340=CARTESIAN_POINT('',(2.69678442000877,-0.541344,0.00140146691345464));
#6341=CARTESIAN_POINT('',(2.69694649099978,-0.541344,0.00184980489154318));
#6342=CARTESIAN_POINT('',(2.69717996219918,-0.541344,0.00227074740865676));
#6343=CARTESIAN_POINT('',(2.69722151812244,0.,0.00276469713140415));
#6344=CARTESIAN_POINT('',(2.69743827200223,0.,0.00319201653578878));
#6345=CARTESIAN_POINT('',(2.69769759349333,0.,0.00359735858894337));
#6346=CARTESIAN_POINT('',(2.6974560108285,-0.541344,0.00265955185391069));
#6347=CARTESIAN_POINT('',(2.69773205945782,-0.541344,0.00304835629916463));
#6348=CARTESIAN_POINT('',(2.69805020237691,-0.541344,0.00340617608528333));
#6349=CARTESIAN_POINT('',(2.69798555497137,0.,0.00398042992676924));
#6350=CARTESIAN_POINT('',(2.69827351644941,0.,0.00436350126459512));
#6351=CARTESIAN_POINT('',(2.69859013985708,0.,0.00472459867278838));
#6352=CARTESIAN_POINT('',(2.69839233946919,-0.541344,0.00373836343583408));
#6353=CARTESIAN_POINT('',(2.69873447656148,-0.541344,0.00407055078638482));
#6354=CARTESIAN_POINT('',(2.69910057597439,-0.541344,0.00437748327441984));
#6355=CARTESIAN_POINT('',(2.69892622702345,0.,0.00506630003819136));
#6356=CARTESIAN_POINT('',(2.69926231418983,0.,0.00540800140359434));
#6357=CARTESIAN_POINT('',(2.69961739126199,0.,0.00573065173227536));
#6358=CARTESIAN_POINT('',(2.69948062871556,-0.541344,0.00466530611089522));
#6359=CARTESIAN_POINT('',(2.69986068145673,-0.541344,0.0049531289473706));
#6360=CARTESIAN_POINT('',(2.70025551988509,-0.541344,0.00522137944284343));
#6361=CARTESIAN_POINT('',(2.69998584264982,0.,0.00603711628283457));
#6362=CARTESIAN_POINT('',(2.70035429403764,0.,0.00634358083339379));
#6363=CARTESIAN_POINT('',(2.70073579753231,0.,0.00663414598211536));
#6364=CARTESIAN_POINT('',(2.7006594565223,-0.541344,0.00547478478780375));
#6365=CARTESIAN_POINT('',(2.7010633931595,-0.541344,0.00572819013276409));
#6366=CARTESIAN_POINT('',(2.70147642657546,-0.541344,0.00596683859177707));
#6367=CARTESIAN_POINT('',(2.70112687439277,0.,0.00691121353647533));
#6368=CARTESIAN_POINT('',(2.70190902811369,0.,0.00746534864519525));
#6369=CARTESIAN_POINT('',(2.7027276991551,0.,0.00796670573213479));
#6370=CARTESIAN_POINT('',(2.7018958364748,-0.541344,0.00619366519517022));
#6371=CARTESIAN_POINT('',(2.70273465627346,-0.541344,0.00664731840195651));
#6372=CARTESIAN_POINT('',(2.70359830620637,-0.541344,0.00705414875916441));
#6373=CARTESIAN_POINT('',(2.70356560401413,0.,0.0084317667178588));
#6374=CARTESIAN_POINT('',(2.70398455644365,0.,0.00866429721072081));
#6375=CARTESIAN_POINT('',(2.70440899786598,0.,0.00888712075947259));
#6376=CARTESIAN_POINT('',(2.70447418698018,-0.541344,0.00743098823125229));
#6377=CARTESIAN_POINT('',(2.70491212736709,-0.541344,0.00761940796729623));
#6378=CARTESIAN_POINT('',(2.70535369177433,-0.541344,0.00779958181968338));
#6379=CARTESIAN_POINT('',(2.70483741040762,0.,0.0091019350870002));
#6380=CARTESIAN_POINT('',(2.70526582294925,0.,0.00931674941452781));
#6381=CARTESIAN_POINT('',(2.70569805609774,0.,0.00952378965243621));
#6382=CARTESIAN_POINT('',(2.70579777184168,-0.541344,0.00797319645227432));
#6383=CARTESIAN_POINT('',(2.70624185190903,-0.541344,0.00814681108486526));
#6384=CARTESIAN_POINT('',(2.70668842155122,-0.541344,0.0083139689882348));
#6385=CARTESIAN_POINT('',(2.70613366134747,0.,0.00972362905285643));
#6386=CARTESIAN_POINT('',(2.70700487184692,0.,0.0101233078536969));
#6387=CARTESIAN_POINT('',(2.70788818614412,0.,0.0104959948704665));
#6388=CARTESIAN_POINT('',(2.70713716295806,-0.541344,0.00847518493632674));
#6389=CARTESIAN_POINT('',(2.70803464577173,-0.541344,0.00879761683251063));
#6390=CARTESIAN_POINT('',(2.70893986790739,-0.541344,0.00909804183986925));
#6391=CARTESIAN_POINT('',(2.70878018878162,0.,0.010846772356239));
#6392=CARTESIAN_POINT('',(2.70967219141913,0.,0.0111975498420115));
#6393=CARTESIAN_POINT('',(2.71057220520789,0.,0.0115273995133386));
#6394=CARTESIAN_POINT('',(2.70985068199337,-0.541344,0.00938057143816358));
#6395=CARTESIAN_POINT('',(2.71076149607935,-0.541344,0.00966310103645792));
#6396=CARTESIAN_POINT('',(2.71167771738134,-0.541344,0.00992812682021104));
#6397=CARTESIAN_POINT('',(2.71147829901581,0.,0.0118398061850322));
#6398=CARTESIAN_POINT('',(2.71238439282374,0.,0.0121522128567257));
#6399=CARTESIAN_POINT('',(2.71329656665083,0.,0.0124471765287858));
#6400=CARTESIAN_POINT('',(2.71259738887488,-0.541344,0.010180000814849));
#6401=CARTESIAN_POINT('',(2.71351706036842,-0.541344,0.010431874809487));
#6402=CARTESIAN_POINT('',(2.71444076824502,-0.541344,0.0106692717890078));
#6403=CARTESIAN_POINT('',(2.714212889365,0.,0.0127281820160245));
#6404=CARTESIAN_POINT('',(2.71604553479334,0.,0.0132901929905017));
#6405=CARTESIAN_POINT('',(2.71789519753096,0.,0.0137958691661162));
#6406=CARTESIAN_POINT('',(2.71536722599672,-0.541344,0.0108952430021764));
#6407=CARTESIAN_POINT('',(2.71722014150012,-0.541344,0.0113471854285135));
#6408=CARTESIAN_POINT('',(2.71908372070035,-0.541344,0.011754456142429));
#6409=CARTESIAN_POINT('',(2.71975493958317,0.,0.0142603653683185));
#6410=CARTESIAN_POINT('',(2.72161468163537,0.,0.0147248615705208));
#6411=CARTESIAN_POINT('',(2.72348473031242,0.,0.0151478713734373));
#6412=CARTESIAN_POINT('',(2.72095400910346,-0.541344,0.012128018749834));
#6413=CARTESIAN_POINT('',(2.72282429750656,-0.541344,0.0125015813572389));
#6414=CARTESIAN_POINT('',(2.72470085866355,-0.541344,0.0128428297596588));
#6415=CARTESIAN_POINT('',(2.72536121876065,0.,0.0155391279866888));
#6416=CARTESIAN_POINT('',(2.72723770720889,0.,0.0159303845999404));
#6417=CARTESIAN_POINT('',(2.7291210708632,0.,0.0162888512057261));
#6418=CARTESIAN_POINT('',(2.72658199063492,-0.541344,0.0131572654317384));
#6419=CARTESIAN_POINT('',(2.72846312260629,-0.541344,0.013471701103818));
#6420=CARTESIAN_POINT('',(2.73034839266067,-0.541344,0.0137607852629702));
#6421=CARTESIAN_POINT('',(2.73100883883659,0.,0.0166216350713147));
#6422=CARTESIAN_POINT('',(2.73195272282328,0.,0.016788027004109));
#6423=CARTESIAN_POINT('',(2.73289773062804,0.,0.0169479399246454));
#6424=CARTESIAN_POINT('',(2.73223662067909,-0.541344,0.0140288092773519));
#6425=CARTESIAN_POINT('',(2.73318073468829,-0.541344,0.0141628212845428));
#6426=CARTESIAN_POINT('',(2.73412572580946,-0.541344,0.0142910492106398));
#6427=CARTESIAN_POINT('',(2.73384371914677,0.,0.0171018352242363));
#6428=CARTESIAN_POINT('',(2.7347897076655,0.,0.0172557305238272));
#6429=CARTESIAN_POINT('',(2.7357366768982,0.,0.0174036082024728));
#6430=CARTESIAN_POINT('',(2.73507124105632,-0.541344,0.014414870063971));
#6431=CARTESIAN_POINT('',(2.73601675630318,-0.541344,0.0145386909173021));
#6432=CARTESIAN_POINT('',(2.73696285585826,-0.541344,0.0146578507550274));
#6433=CARTESIAN_POINT('',(2.73668448374081,0.,0.0175459296514853));
#6434=CARTESIAN_POINT('',(2.73858009742602,0.,0.0178305725495105));
#6435=CARTESIAN_POINT('',(2.7404789486206,0.,0.0180934430197651));
#6436=CARTESIAN_POINT('',(2.73790958301665,-0.541344,0.0147722046377284));
#6437=CARTESIAN_POINT('',(2.73980303733342,-0.541344,0.0150009124031306));
#6438=CARTESIAN_POINT('',(2.74169852794027,-0.541344,0.015212243460794));
#6439=CARTESIAN_POINT('',(2.74238032978113,0.,0.0183369512683194));
#6440=CARTESIAN_POINT('',(2.74428171094165,0.,0.0185804595168737));
#6441=CARTESIAN_POINT('',(2.74618529368695,0.,0.0188058674751982));
#6442=CARTESIAN_POINT('',(2.74359560495333,-0.541344,0.0154082795743459));
#6443=CARTESIAN_POINT('',(2.74549268196639,-0.541344,0.0156043156878977));
#6444=CARTESIAN_POINT('',(2.74739134538564,-0.541344,0.0157850568573379));
#6445=CARTESIAN_POINT('',(2.7480908574174,0.,0.0190140597520821));
#6446=CARTESIAN_POINT('',(2.75190198487829,0.,0.0194304443058498));
#6447=CARTESIAN_POINT('',(2.75571981703627,0.,0.0197826484401093));
#6448=CARTESIAN_POINT('',(2.74929114532721,-0.541344,0.0159525848462934));
#6449=CARTESIAN_POINT('',(2.75309074521034,-0.541344,0.0162876408242045));
#6450=CARTESIAN_POINT('',(2.75689502381624,-0.541344,0.0165691326549672));
#6451=CARTESIAN_POINT('',(2.75954196195715,0.,0.0200812383891383));
#6452=CARTESIAN_POINT('',(2.76718625179892,0.,0.0206784182871962));
#6453=CARTESIAN_POINT('',(2.7748456919826,0.,0.0210697723197695));
#6454=CARTESIAN_POINT('',(2.76070185950095,-0.541344,0.0168085838227929));
#6455=CARTESIAN_POINT('',(2.76831553087037,-0.541344,0.0172874861584443));
#6456=CARTESIAN_POINT('',(2.77593938059895,-0.541344,0.0175976114899705));
#6457=CARTESIAN_POINT('',(2.78250901839257,0.,0.0213178654711464));
#6458=CARTESIAN_POINT('',(2.78442484999506,0.,0.0213798887589906));
#6459=CARTESIAN_POINT('',(2.78634098384928,0.,0.0214326705208864));
#6460=CARTESIAN_POINT('',(2.78356547261258,-0.541344,0.0177926793029771));
#6461=CARTESIAN_POINT('',(2.78547199561599,-0.541344,0.0178414462562288));
#6462=CARTESIAN_POINT('',(2.78737879296759,-0.541344,0.0178820415868924));
#6463=CARTESIAN_POINT('',(2.78825732695845,0.,0.0214768479101441));
#6464=CARTESIAN_POINT('',(2.79017367006762,0.,0.0215210252994018));
#6465=CARTESIAN_POINT('',(2.79209022243173,0.,0.0215565983160215));
#6466=CARTESIAN_POINT('',(2.78928567193703,-0.541344,0.0179160698435076));
#6467=CARTESIAN_POINT('',(2.79119255090647,-0.541344,0.0179500981001229));
#6468=CARTESIAN_POINT('',(2.7930994965893,-0.541344,0.0179776639915124));
#6469=CARTESIAN_POINT('',(2.79400689105402,0.,0.0215842041133137));
#6470=CARTESIAN_POINT('',(2.79784022829859,0.,0.0216394157078981));
#6471=CARTESIAN_POINT('',(2.80167394760643,0.,0.0216635543911541));
#6472=CARTESIAN_POINT('',(2.79500657501317,-0.541344,0.017998220983866));
#6473=CARTESIAN_POINT('',(2.79882073186093,-0.541344,0.0180393349685734));
#6474=CARTESIAN_POINT('',(2.80263509694868,-0.541344,0.0180552739904104));
#6475=CARTESIAN_POINT('',(2.80550769328764,0.,0.0216595382674935));
#6476=CARTESIAN_POINT('',(2.80742456612825,0.,0.0216575302056631));
#6477=CARTESIAN_POINT('',(2.8093413668353,0.,0.0216492395418037));
#6478=CARTESIAN_POINT('',(2.80644945305015,-0.541344,0.0180483467096449));
#6479=CARTESIAN_POINT('',(2.80835663110089,-0.541344,0.0180448830692622));
#6480=CARTESIAN_POINT('',(2.81026378954705,-0.541344,0.0180358466321704));
#6481=CARTESIAN_POINT('',(2.81125816240579,0.,0.0216339881320708));
#6482=CARTESIAN_POINT('',(2.81317495797628,0.,0.0216187367223379));
#6483=CARTESIAN_POINT('',(2.81509173523648,0.,0.0215966810336218));
#6484=CARTESIAN_POINT('',(2.81217090666888,-0.541344,0.0180215409008066));
#6485=CARTESIAN_POINT('',(2.81407802379071,-0.541344,0.0180072351694429));
#6486=CARTESIAN_POINT('',(2.81598509958821,-0.541344,0.0179876601438072));
#6487=CARTESIAN_POINT('',(2.81700838190052,0.,0.0215690072087325));
#6488=CARTESIAN_POINT('',(2.82084167522861,0.,0.0215136595589538));
#6489=CARTESIAN_POINT('',(2.82467465177419,0.,0.021433385559399));
#6490=CARTESIAN_POINT('',(2.81789211234165,-0.541344,0.0179631193263369));
#6491=CARTESIAN_POINT('',(2.82170613784852,-0.541344,0.0179140376913962));
#6492=CARTESIAN_POINT('',(2.82551991117912,-0.541344,0.0178450928891168));
#6493=CARTESIAN_POINT('',(2.82850698074004,0.,0.0213325568780018));
#6494=CARTESIAN_POINT('',(2.83233930970589,0.,0.0212317281966045));
#6495=CARTESIAN_POINT('',(2.83617113781862,0.,0.0211083385588331));
#6496=CARTESIAN_POINT('',(2.82933325857551,-0.541344,0.0177587129389963));
#6497=CARTESIAN_POINT('',(2.83314660597189,-0.541344,0.0176723329888758));
#6498=CARTESIAN_POINT('',(2.83695957567582,-0.541344,0.0175679601545606));
#6499=CARTESIAN_POINT('',(2.84000219754768,0.,0.0209663530214258));
#6500=CARTESIAN_POINT('',(2.84383325727674,0.,0.0208243674840185));
#6501=CARTESIAN_POINT('',(2.84766361582743,0.,0.0206629960260321));
#6502=CARTESIAN_POINT('',(2.84077203051095,-0.541344,0.0174479556666338));
#6503=CARTESIAN_POINT('',(2.84458448534609,-0.541344,0.0173279511787069));
#6504=CARTESIAN_POINT('',(2.84839644009415,-0.541344,0.0171923503694615));
#6505=CARTESIAN_POINT('',(2.85149315572417,0.,0.0204843442045037));
#6506=CARTESIAN_POINT('',(2.85915223551765,0.,0.0201270405614471));
#6507=CARTESIAN_POINT('',(2.86680804900448,0.,0.0197015200730818));
#6508=CARTESIAN_POINT('',(2.85220783794611,-0.541344,0.0170423285709915));
#6509=CARTESIAN_POINT('',(2.85983063365003,-0.541344,0.0167422849740514));
#6510=CARTESIAN_POINT('',(2.86745115885059,-0.541344,0.016386562811424));
#6511=CARTESIAN_POINT('',(2.87446027752676,0.,0.0192190974307411));
#6512=CARTESIAN_POINT('',(2.88211250604903,0.,0.0187366747884005));
#6513=CARTESIAN_POINT('',(2.88976115465638,0.,0.0181989896932663));
#6514=CARTESIAN_POINT('',(2.87506921841979,-0.541344,0.0159838220717674));
#6515=CARTESIAN_POINT('',(2.882687277989,-0.541344,0.0155810813321108));
#6516=CARTESIAN_POINT('',(2.89030284834516,-0.541344,0.0151329432091956));
#6517=CARTESIAN_POINT('',(2.89740619244643,0.,0.0176136817043927));
#6518=CARTESIAN_POINT('',(2.90505123023647,0.,0.0170283737155192));
#6519=CARTESIAN_POINT('',(2.91269266832608,0.,0.0163969084015165));
#6520=CARTESIAN_POINT('',(2.89791594900543,-0.541344,0.0146457914470849));
#6521=CARTESIAN_POINT('',(2.9055290496657,-0.541344,0.0141586396849742));
#6522=CARTESIAN_POINT('',(2.91313968063007,-0.541344,0.0136324742836679));
#6523=CARTESIAN_POINT('',(2.92033057743659,0.,0.0157251535361345));
#6524=CARTESIAN_POINT('',(2.92796848654709,0.,0.0150533986707526));
#6525=CARTESIAN_POINT('',(2.9356028752893,0.,0.0143418355178601));
#6526=CARTESIAN_POINT('',(2.92074786141567,-0.541344,0.0130736789872291));
#6527=CARTESIAN_POINT('',(2.92835604220128,-0.541344,0.0125148836907902));
#6528=CARTESIAN_POINT('',(2.93596180311959,-0.541344,0.0119235416795024));
#6529=CARTESIAN_POINT('',(2.94323382798871,0.,0.0135954174446891));
#6530=CARTESIAN_POINT('',(2.95086478068811,0.,0.0128489993715181));
#6531=CARTESIAN_POINT('',(2.95849229324552,0.,0.0120672692691584));
#6532=CARTESIAN_POINT('',(2.94356517694214,-0.541344,0.011302816204857));
#6533=CARTESIAN_POINT('',(2.95116855076469,-0.541344,0.0106820907302117));
#6534=CARTESIAN_POINT('',(2.95876953749148,-0.541344,0.0100319817922089));
#6535=CARTESIAN_POINT('',(2.96611639095926,0.,0.0112536634079999));
#6536=CARTESIAN_POINT('',(2.98136458638675,0.,0.00962645168568303));
#6537=CARTESIAN_POINT('',(2.99659926497788,0.,0.00787301709854992));
#6538=CARTESIAN_POINT('',(2.96636816989404,-0.541344,0.0093556526423402));
#6539=CARTESIAN_POINT('',(2.98156543469916,-0.541344,0.00800299434260272));
#6540=CARTESIAN_POINT('',(2.99675334232018,-0.541344,0.00654554278646333));
#6541=CARTESIAN_POINT('',(3.01181910449828,0.,0.00599912718552103));
#6542=CARTESIAN_POINT('',(3.02703894401868,0.,0.00412523727249213));
#6543=CARTESIAN_POINT('',(3.04224399592132,0.,0.00213074691787237));
#6544=CARTESIAN_POINT('',(3.05743,0.,0.));
#6545=CARTESIAN_POINT('',(3.01193095018485,-0.541344,0.00498779528609506));
#6546=CARTESIAN_POINT('',(3.02710855804952,-0.541344,0.00343004778572678));
#6547=CARTESIAN_POINT('',(3.04227590357703,-0.541344,0.00177189161781024));
#6548=CARTESIAN_POINT('',(3.05743,-0.541344,0.));
#6549=ADVANCED_FACE('',($),#6324,.T.);
#6550=PLANE('Plane_ZDYBMYZQQC, HorizontalTail, 0, 26',#6554);
#6551=CARTESIAN_POINT('',(2.87506921841979,-0.541344,-0.00799191103588368));
#6552=DIRECTION('',(-0.,-1.,0.));
#6553=DIRECTION('',(0.,0.,1.));
#6554=AXIS2_PLACEMENT_3D('',#6551,#6552,#6553);
#6555=ORIENTED_EDGE('',*,*,#894,.F.);
#6556=ORIENTED_EDGE('',*,*,#597,.T.);
#6557=EDGE_LOOP('',(#6555, #6556));
#6558=FACE_OUTER_BOUND('',#6557,.T.);
#6559=ADVANCED_FACE('',(#6558),#6550,.T.);
#6560=PLANE('Plane_ZDYBMYZQQC, HorizontalTail, 0, 27',#6564);
#6561=CARTESIAN_POINT('',(2.87506921841979,-0.541344,0.00799191103588369));
#6562=DIRECTION('',(0.,-1.,0.));
#6563=DIRECTION('',(0.,0.,-1.));
#6564=AXIS2_PLACEMENT_3D('',#6561,#6562,#6563);
#6565=ORIENTED_EDGE('',*,*,#734,.T.);
#6566=ORIENTED_EDGE('',*,*,#597,.T.);
#6567=EDGE_LOOP('',(#6565, #6566));
#6568=FACE_OUTER_BOUND('',#6567,.T.);
#6569=ADVANCED_FACE('',(#6568),#6560,.T.);
#6570=PLANE('Plane_JGTHOWNEGK, VerticalTail, 0, 28',#6574);
#6571=CARTESIAN_POINT('',(2.88943356338962,0.0104182348854432,-6.37932900261164E-19));
#6572=DIRECTION('',(2.53871582982683E-33,6.12323399573676E-17,1.));
#6573=DIRECTION('',(-2.13130734108598E-14,1.,-6.12323399573676E-17));
#6574=AXIS2_PLACEMENT_3D('',#6571,#6572,#6573);
#6575=ORIENTED_EDGE('',*,*,#3069,.T.);
#6576=ORIENTED_EDGE('',*,*,#3475,.T.);
#6577=ORIENTED_EDGE('',*,*,#574,.T.);
#6578=EDGE_LOOP('',(#6575, #6576, #6577));
#6579=FACE_OUTER_BOUND('',#6578,.T.);
#6580=ADVANCED_FACE('',(#6579),#6570,.T.);
#6581=PLANE('Plane_JGTHOWNEGK, VerticalTail, 0, 29',#6585);
#6582=CARTESIAN_POINT('',(2.88943356338962,-0.0104182348854432,6.37932900261163E-19));
#6583=DIRECTION('',(7.25347379950522E-34,6.12323399573677E-17,1.));
#6584=DIRECTION('',(0.,-1.,6.12323399573677E-17));
#6585=AXIS2_PLACEMENT_3D('',#6582,#6583,#6584);
#6586=ORIENTED_EDGE('',*,*,#3475,.T.);
#6587=ORIENTED_EDGE('',*,*,#3452,.F.);
#6588=ORIENTED_EDGE('',*,*,#3251,.T.);
#6589=EDGE_LOOP('',(#6586, #6587, #6588));
#6590=FACE_OUTER_BOUND('',#6589,.T.);
#6591=ADVANCED_FACE('',(#6590),#6581,.T.);
#6592=B_SPLINE_SURFACE_WITH_KNOTS('Surf_JGTHOWNEGK, VerticalTail, 0, 30',1,3,((#6593, #6594, #6595, #6599, #6600, #6601, #6605, #6606, #6607, #6611, #6612, #6613, #6617, #6618, #6619, #6623, #6624, #6625, #6629, #6630, #6631, #6635, #6636, #6637, #6641, #6642, #6643, #6647, #6648, #6649, #6653, #6654, #6655, #6659, #6660, #6661, #6665, #6666, #6667, #6671, #6672, #6673, #6677, #6678, #6679, #6683, #6684, #6685, #6689, #6690, #6691, #6695, #6696, #6697, #6701, #6702, #6703, #6707, #6708, #6709, #6713, #6714, #6715, #6719, #6720, #6721, #6725, #6726, #6727, #6731, #6732, #6733, #6737, #6738, #6739, #6743, #6744, #6745, #6749, #6750, #6751, #6755, #6756, #6757, #6761, #6762, #6763, #6767, #6768, #6769, #6773, #6774, #6775, #6779, #6780, #6781, #6785, #6786, #6787, #6791, #6792, #6793, #6797, #6798, #6799, #6803, #6804, #6805, #6809, #6810, #6811, #6812),(#6596, #6597, #6598, #6602, #6603, #6604, #6608, #6609, #6610, #6614, #6615, #6616, #6620, #6621, #6622, #6626, #6627, #6628, #6632, #6633, #6634, #6638, #6639, #6640, #6644, #6645, #6646, #6650, #6651, #6652, #6656, #6657, #6658, #6662, #6663, #6664, #6668, #6669, #6670, #6674, #6675, #6676, #6680, #6681, #6682, #6686, #6687, #6688, #6692, #6693, #6694, #6698, #6699, #6700, #6704, #6705, #6706, #6710, #6711, #6712, #6716, #6717, #6718, #6722, #6723, #6724, #6728, #6729, #6730, #6734, #6735, #6736, #6740, #6741, #6742, #6746, #6747, #6748, #6752, #6753, #6754, #6758, #6759, #6760, #6764, #6765, #6766, #6770, #6771, #6772, #6776, #6777, #6778, #6782, #6783, #6784, #6788, #6789, #6790, #6794, #6795, #6796, #6800, #6801, #6802, #6806, #6807, #6808, #6813, #6814, #6815, #6816)),.UNSPECIFIED.,.F.,.F.,.F.,(2,2),(4,3,3,3,3,3,3,3,3,3,3,3,3,3,3,3,3,3,3,3,3,3,3,3,3,3,3,3,3,3,3,3,3,3,3,3,3,4),(0.,1.),(0.,1.,2.,3.,4.,5.,6.,7.,8.,9.,10.,11.,12.,13.,14.,15.,16.,17.,18.,19.,20.,21.,22.,23.,24.,25.,26.,27.,28.,29.,30.,31.,32.,33.,34.,35.,36.,37.),.PIECEWISE_BEZIER_KNOTS.);
#6593=CARTESIAN_POINT('',(3.087801,0.,0.));
#6594=CARTESIAN_POINT('',(3.071337026285,0.0023100587269324,-1.41450301289008E-19));
#6595=CARTESIAN_POINT('',(3.0548524017871,0.00447239429613013,-2.73855167964032E-19));
#6596=CARTESIAN_POINT('',(3.23040595888973,2.96482703809777E-17,0.484193));
#6597=CARTESIAN_POINT('',(3.21972688440684,0.00124865000420141,0.484193));
#6598=CARTESIAN_POINT('',(3.20903847329507,0.00241715076645179,0.484193));
#6599=CARTESIAN_POINT('',(3.03835174522779,0.00650398036137076,-3.98253936563497E-19));
#6600=CARTESIAN_POINT('',(3.02185108866849,0.00853556642661138,-5.22652705162962E-19));
#6601=CARTESIAN_POINT('',(3.00533434426478,0.0104365603157202,-6.39055009237752E-19));
#6602=CARTESIAN_POINT('',(3.198342830326,0.003514893655085,0.484193));
#6603=CARTESIAN_POINT('',(3.18764718735693,0.00461263654371821,0.484193));
#6604=CARTESIAN_POINT('',(3.17694428616129,0.00563970099472912,0.484193));
#6605=CARTESIAN_POINT('',(2.98880294552297,0.0122007091257812,-7.4707796891079E-19));
#6606=CARTESIAN_POINT('',(2.98053724615206,0.0130827835308116,-8.01089448747309E-19));
#6607=CARTESIAN_POINT('',(2.97226784456324,0.0139302996904808,-8.52984846355536E-19));
#6608=CARTESIAN_POINT('',(3.16623479096867,0.00659291775735362,0.484193));
#6609=CARTESIAN_POINT('',(3.16088004337237,0.00706952613866587,0.484193));
#6610=CARTESIAN_POINT('',(3.15552363668646,0.00752765716655115,0.484193));
#6611=CARTESIAN_POINT('',(2.96399471332921,0.0147395321569958,-9.02536043849721E-19));
#6612=CARTESIAN_POINT('',(2.95572158209517,0.0155487646235108,-9.52087241343907E-19));
#6613=CARTESIAN_POINT('',(2.94744472566008,0.0163202089735252,-9.99324584042177E-19));
#6614=CARTESIAN_POINT('',(3.15016554781689,0.00796508170128754,0.484193));
#6615=CARTESIAN_POINT('',(3.14480745894732,0.00840250623602392,0.484193));
#6616=CARTESIAN_POINT('',(3.13944768789409,0.00881922427761141,0.484193));
#6617=CARTESIAN_POINT('',(2.93916405260208,0.0170484949919721,-1.04391924110991E-18));
#6618=CARTESIAN_POINT('',(2.93088337954409,0.0177767810104189,-1.08851389817765E-18));
#6619=CARTESIAN_POINT('',(2.92259888052772,0.0184613869329392,-1.13043392076224E-18));
#6620=CARTESIAN_POINT('',(3.13408621156313,0.0092130066863281,0.484193));
#6621=CARTESIAN_POINT('',(3.12872473523217,0.00960678909504478,0.484193));
#6622=CARTESIAN_POINT('',(3.12336153226303,0.00997757725383959,0.484193));
#6623=CARTESIAN_POINT('',(2.91431047888016,0.0190959511865818,-1.16928977486608E-18));
#6624=CARTESIAN_POINT('',(2.90602207723261,0.0197305154402244,-1.20814562896991E-18));
#6625=CARTESIAN_POINT('',(2.89772976090144,0.0203134491222765,-1.24384002236193E-18));
#6626=CARTESIAN_POINT('',(3.117996588902,0.0103208725455449,0.484193));
#6627=CARTESIAN_POINT('',(3.11263164554098,0.0106641678372502,0.484193));
#6628=CARTESIAN_POINT('',(3.10726496178806,0.0109799702618661,0.484193));
#6629=CARTESIAN_POINT('',(2.88943356338962,0.0208364697708864,-1.27586580052233E-18));
#6630=CARTESIAN_POINT('',(2.8811373658778,0.0213594904194962,-1.30789157868273E-18));
#6631=CARTESIAN_POINT('',(2.87283728171075,0.0218208203453508,-1.33613988953517E-18));
#6632=CARTESIAN_POINT('',(3.10189652388956,0.0112637812022248,0.484193));
#6633=CARTESIAN_POINT('',(3.09652808599105,0.0115475921425835,0.484193));
#6634=CARTESIAN_POINT('',(3.09115791056494,0.011798269145282,0.484193));
#6635=CARTESIAN_POINT('',(2.86453365636285,0.0222081926756284,-1.3598596037528E-18));
#6636=CARTESIAN_POINT('',(2.8603818436889,0.0224018788407671,-1.37171946086161E-18));
#6637=CARTESIAN_POINT('',(2.85622914346764,0.0225768304230844,-1.38243215562615E-18));
#6638=CARTESIAN_POINT('',(3.0857861351177,0.0120097095261801,0.484193));
#6639=CARTESIAN_POINT('',(3.08310024739408,0.0121154297166291,0.484193));
#6640=CARTESIAN_POINT('',(3.08041396722641,0.0122109874524026,0.484193));
#6641=CARTESIAN_POINT('',(2.85207568306074,0.0227307646735741,-1.39185790998321E-18));
#6642=CARTESIAN_POINT('',(2.84792222265384,0.0228846989240638,-1.40128366434028E-18));
#6643=CARTESIAN_POINT('',(2.84376792920036,0.0230184723474377,-1.40947492407757E-18));
#6644=CARTESIAN_POINT('',(3.07772733464795,0.0122955544783132,0.484193));
#6645=CARTESIAN_POINT('',(3.07504070206949,0.0123801215042237,0.484193));
#6646=CARTESIAN_POINT('',(3.07235370666358,0.0124536729216447,0.484193));
#6647=CARTESIAN_POINT('',(2.83961309274476,0.0231277862098364,-1.41616846766202E-18));
#6648=CARTESIAN_POINT('',(2.83545825628915,0.0232371000722351,-1.42286201124647E-18));
#6649=CARTESIAN_POINT('',(2.83130271775711,0.023324129485096,-1.42819102584106E-18));
#6650=CARTESIAN_POINT('',(3.06966644509822,0.0125145447740744,0.484193));
#6651=CARTESIAN_POINT('',(3.06697918353287,0.0125754166265042,0.484193));
#6652=CARTESIAN_POINT('',(3.06429162181215,0.0126240019501157,0.484193));
#6653=CARTESIAN_POINT('',(2.82714683578391,0.0233841348852277,-1.4318652969012E-18));
#6654=CARTESIAN_POINT('',(2.82506889479731,0.0234141375852936,-1.43370243243128E-18));
#6655=CARTESIAN_POINT('',(2.82299081222431,0.0234380493580948,-1.43516660623242E-18));
#6656=CARTESIAN_POINT('',(3.06160388238311,0.0126585897223355,0.484193));
#6657=CARTESIAN_POINT('',(3.06026001266859,0.0126758836084453,0.484193));
#6658=CARTESIAN_POINT('',(3.05891609852698,0.0126896781067073,0.484193));
#6659=CARTESIAN_POINT('',(2.82091270980012,0.0234545842416401,-1.43617907584282E-18));
#6660=CARTESIAN_POINT('',(2.81883460737594,0.0234711191251854,-1.43719154545322E-18));
#6661=CARTESIAN_POINT('',(2.81675649938293,0.0234801074852013,-1.43774192376938E-18));
#6662=CARTESIAN_POINT('',(3.05757215526417,0.0126997593392995,0.484193));
#6663=CARTESIAN_POINT('',(3.05622821200136,0.0127098405718918,0.484193));
#6664=CARTESIAN_POINT('',(3.05488423961734,0.0127162085388144,0.484193));
#6665=CARTESIAN_POINT('',(2.81467831318601,0.0234822845343461,-1.43787522958272E-18));
#6666=CARTESIAN_POINT('',(2.81052194079215,0.0234866386326357,-1.43814184120939E-18));
#6667=CARTESIAN_POINT('',(2.80636559699111,0.02346046857206,-1.43653938716352E-18));
#6668=CARTESIAN_POINT('',(3.053540253418,0.0127186493622457,0.484193));
#6669=CARTESIAN_POINT('',(3.05085228101932,0.0127235310091083,0.484193));
#6670=CARTESIAN_POINT('',(3.04816430228802,0.0127122987985805,0.484193));
#6671=CARTESIAN_POINT('',(2.80220966740566,0.0234006106767709,-1.43287414817004E-18));
#6672=CARTESIAN_POINT('',(2.80013170261293,0.0233706817291264,-1.43104152867331E-18));
#6673=CARTESIAN_POINT('',(2.79805386386202,0.0233321150852906,-1.42868000282694E-18));
#6674=CARTESIAN_POINT('',(3.0454764703032,0.0126833258204019,0.484193));
#6675=CARTESIAN_POINT('',(3.04413255431079,0.0126688393313126,0.484193));
#6676=CARTESIAN_POINT('',(3.04278873186086,0.0126494136790587,0.484193));
#6677=CARTESIAN_POINT('',(2.79597625197578,0.0232842199726745,-1.42574727300894E-18));
#6678=CARTESIAN_POINT('',(2.79389864008955,0.0232363248600584,-1.42281454319093E-18));
#6679=CARTESIAN_POINT('',(2.79182125506799,0.0231791012786619,-1.41931060940128E-18));
#6680=CARTESIAN_POINT('',(3.04144495642376,0.0126254340053933,0.484193));
#6681=CARTESIAN_POINT('',(3.04010118098667,0.0126014543317278,0.484193));
#6682=CARTESIAN_POINT('',(3.03875746306558,0.0125728468484629,0.484193));
#6683=CARTESIAN_POINT('',(2.78974419773399,0.023111858455896,-1.41519317401798E-18));
#6684=CARTESIAN_POINT('',(2.78143596839798,0.0228428871648321,-1.39872343248479E-18));
#6685=CARTESIAN_POINT('',(2.77313195233144,0.0224185989536498,-1.37274327249777E-18));
#6686=CARTESIAN_POINT('',(3.03741393847734,0.0125384808320709,0.484193));
#6687=CARTESIAN_POINT('',(3.0320398401244,0.0124010167665027,0.484193));
#6688=CARTESIAN_POINT('',(3.02666732190718,0.0121824717987289,0.484193));
#6689=CARTESIAN_POINT('',(2.76484436157533,0.0217711637169793,-1.33309929798558E-18));
#6690=CARTESIAN_POINT('',(2.76070056619727,0.021447446098644,-1.31327731072949E-18));
#6691=CARTESIAN_POINT('',(2.75656144652026,0.0210656024234598,-1.28989612900004E-18));
#6692=CARTESIAN_POINT('',(3.02130197636807,0.0118449898684501,0.484193));
#6693=CARTESIAN_POINT('',(3.01861930359851,0.0116762489033107,0.484193));
#6694=CARTESIAN_POINT('',(3.01593843279947,0.0114778819309002,0.484193));
#6695=CARTESIAN_POINT('',(2.75242959577034,0.0206141772616429,-1.26225431002636E-18));
#6696=CARTESIAN_POINT('',(2.75036367039538,0.0203884646807345,-1.24843340053952E-18));
#6697=CARTESIAN_POINT('',(2.74829989271426,0.0201440876423918,-1.23346962264994E-18));
#6698=CARTESIAN_POINT('',(3.01326085909104,0.0112417683650245,0.484193));
#6699=CARTESIAN_POINT('',(3.01192207223683,0.0111237115820867,0.484193));
#6700=CARTESIAN_POINT('',(3.01058408628859,0.0109963434859162,0.484193));
#6701=CARTESIAN_POINT('',(2.74623850189105,0.0198800870940701,-1.21730425132618E-18));
#6702=CARTESIAN_POINT('',(2.74417711106784,0.0196160865457484,-1.20113888000241E-18));
#6703=CARTESIAN_POINT('',(2.74211846311842,0.0193310943588439,-1.18368814152868E-18));
#6704=CARTESIAN_POINT('',(3.00924721827899,0.0108581970600571,0.484193));
#6705=CARTESIAN_POINT('',(3.00791035026939,0.010720050634198,0.484193));
#6706=CARTESIAN_POINT('',(3.00657460019844,0.0105711258786503,0.484193));
#6707=CARTESIAN_POINT('',(2.74006332512916,0.0190224974977492,-1.16479203362036E-18));
#6708=CARTESIAN_POINT('',(2.73903575613454,0.0188681990672019,-1.15534397966619E-18));
#6709=CARTESIAN_POINT('',(2.73800909523839,0.0187078768256404,-1.14552707366817E-18));
#6710=CARTESIAN_POINT('',(3.00524028509879,0.010409955776958,0.484193));
#6711=CARTESIAN_POINT('',(3.00457312754896,0.0103293707261118,0.484193));
#6712=CARTESIAN_POINT('',(3.00390641227046,0.0102453989242359,0.484193));
#6713=CARTESIAN_POINT('',(2.73698349758766,0.0185410305536256,-1.13531068601954E-18));
#6714=CARTESIAN_POINT('',(2.73595789993693,0.0183741842816108,-1.12509429837091E-18));
#6715=CARTESIAN_POINT('',(2.73493336553162,0.0182008139791427,-1.11447842907168E-18));
#6716=CARTESIAN_POINT('',(3.00324010875331,0.0101581425099732,0.484193));
#6717=CARTESIAN_POINT('',(3.00257380523616,0.0100708860957106,0.484193));
#6718=CARTESIAN_POINT('',(3.00190787106978,0.00998052402229115,0.484193));
#6719=CARTESIAN_POINT('',(2.73391004951863,0.0180204194267824,-1.10343244851509E-18));
#6720=CARTESIAN_POINT('',(2.73186341749266,0.0176596303220618,-1.08134048740193E-18));
#6721=CARTESIAN_POINT('',(2.72982156042877,0.0172709971605805,-1.0575435695394E-18));
#6722=CARTESIAN_POINT('',(3.0012425550032,0.00988608591351522,0.484193));
#6723=CARTESIAN_POINT('',(2.99991192287005,0.00969720969596334,0.484193));
#6724=CARTESIAN_POINT('',(2.99858337521078,0.00949349241838734,0.484193));
#6725=CARTESIAN_POINT('',(2.72778715715005,0.0168468145669882,-1.03156987676455E-18));
#6726=CARTESIAN_POINT('',(2.72575275387133,0.0164226319733958,-1.00559618398971E-18));
#6727=CARTESIAN_POINT('',(2.72372533229913,0.0159640240183126,-9.77514545776897E-19));
#6728=CARTESIAN_POINT('',(2.99725774365389,0.0092719099585366,0.484193));
#6729=CARTESIAN_POINT('',(2.995932112097,0.00905032749868586,0.484193));
#6730=CARTESIAN_POINT('',(2.9946097015878,0.00880985013831436,0.484193));
#6731=CARTESIAN_POINT('',(2.72170908469999,0.0154604383993334,-9.46678819957926E-19));
#6732=CARTESIAN_POINT('',(2.71969283710085,0.0149568527803543,-9.15843094138955E-19));
#6733=CARTESIAN_POINT('',(2.71768751703534,0.0144086217104502,-8.82273622891395E-19));
#6734=CARTESIAN_POINT('',(2.99329171148111,0.00854660099450824,0.484193));
#6735=CARTESIAN_POINT('',(2.99197372137443,0.00828335185070211,0.484193));
#6736=CARTESIAN_POINT('',(2.99066045923536,0.0079963486426446,0.484193));
#6737=CARTESIAN_POINT('',(2.71570064636121,0.0137993150183538,-8.44964348382651E-19));
#6738=CARTESIAN_POINT('',(2.71470721102414,0.0134946616723057,-8.2630971112828E-19));
#6739=CARTESIAN_POINT('',(2.71371827372142,0.0131748754982391,-8.06728455404169E-19));
#6740=CARTESIAN_POINT('',(2.9893547117913,0.00767786532974189,0.484193));
#6741=CARTESIAN_POINT('',(2.98870183806927,0.00751862367329053,0.484193));
#6742=CARTESIAN_POINT('',(2.98805090218109,0.00735133029230911,0.484193));
#6743=CARTESIAN_POINT('',(2.71273592809845,0.0128361784187106,-7.8598924068791E-19));
#6744=CARTESIAN_POINT('',(2.71175358247549,0.012497481339182,-7.65250025971652E-19));
#6745=CARTESIAN_POINT('',(2.71077782853229,0.0121398733541916,-7.43352852263246E-19));
#6746=CARTESIAN_POINT('',(2.98740281072745,0.00717383497526952,0.484193));
#6747=CARTESIAN_POINT('',(2.98675471927382,0.00699633965822993,0.484193));
#6748=CARTESIAN_POINT('',(2.98610905916623,0.00680957629038588,0.484193));
#6749=CARTESIAN_POINT('',(2.70981075991427,0.0117595763862956,-7.20066379040286E-19));
#6750=CARTESIAN_POINT('',(2.70884369129625,0.0113792794183997,-6.96779905817327E-19));
#6751=CARTESIAN_POINT('',(2.70788604218093,0.0109752291352423,-6.72038961519162E-19));
#6752=CARTESIAN_POINT('',(2.98546720951761,0.00661047800437825,0.484193));
#6753=CARTESIAN_POINT('',(2.984825359869,0.00641137971837061,0.484193));
#6754=CARTESIAN_POINT('',(2.98418745086139,0.00619967055798514,0.484193));
#6755=CARTESIAN_POINT('',(2.70694151545165,0.0105419155895991,-6.45506159184205E-19));
#6756=CARTESIAN_POINT('',(2.70646925208701,0.0103252588167775,-6.32239758016726E-19));
#6757=CARTESIAN_POINT('',(2.70600064460089,0.0101007952240369,-6.18495326997982E-19));
#6758=CARTESIAN_POINT('',(2.98355499574518,0.0059724531681189,0.484193));
#6759=CARTESIAN_POINT('',(2.98323876818707,0.00585884447318577,0.484193));
#6760=CARTESIAN_POINT('',(2.98292407106903,0.0057410484891387,0.484193));
#6761=CARTESIAN_POINT('',(2.70553617924265,0.00986790331753542,-6.04234810605765E-19));
#6762=CARTESIAN_POINT('',(2.70507171388442,0.00963501141103397,-5.89974294213549E-19));
#6763=CARTESIAN_POINT('',(2.70461155383278,0.0093934362717987,-5.75182083162646E-19));
#6764=CARTESIAN_POINT('',(2.98261112835155,0.00561870245536601,0.484193));
#6765=CARTESIAN_POINT('',(2.98229818563407,0.00549635642159333,0.484193));
#6766=CARTESIAN_POINT('',(2.98198701569939,0.00536938811310377,0.484193));
#6767=CARTESIAN_POINT('',(2.70415734469708,0.00914133730602843,-5.597454735877E-19));
#6768=CARTESIAN_POINT('',(2.70324892642567,0.00863713937448786,-5.28872254437807E-19));
#6769=CARTESIAN_POINT('',(2.70236136058299,0.00809359086373785,-4.95589507244241E-19));
#6770=CARTESIAN_POINT('',(2.98167839960772,0.00523660893979651,0.484193));
#6771=CARTESIAN_POINT('',(2.98106116742439,0.00497105059318197,0.484193));
#6772=CARTESIAN_POINT('',(2.9804525543007,0.00468435770399451,0.484193));
#6773=CARTESIAN_POINT('',(2.70151338515538,0.00749282282645428,-4.58803074549773E-19));
#6774=CARTESIAN_POINT('',(2.70108939744158,0.00719243880781251,-4.40409858202539E-19));
#6775=CARTESIAN_POINT('',(2.70067578873478,0.00687742131234339,-4.21120599827456E-19));
#6776=CARTESIAN_POINT('',(2.97986143894432,0.00436466880605854,0.484193));
#6777=CARTESIAN_POINT('',(2.97956588126613,0.00420482435709056,0.484193));
#6778=CARTESIAN_POINT('',(2.9792748170885,0.00403664905993689,0.484193));
#6779=CARTESIAN_POINT('',(2.70027633052754,0.00654516640981286,-4.00775854683205E-19));
#6780=CARTESIAN_POINT('',(2.6998768723203,0.00621291150728232,-3.80431109538953E-19));
#6781=CARTESIAN_POINT('',(2.69949191393673,0.00586310872157096,-3.5901186644624E-19));
#6782=CARTESIAN_POINT('',(2.97899016340051,0.00385807460206997,0.484193));
#6783=CARTESIAN_POINT('',(2.97870550971251,0.00367950014420304,0.484193));
#6784=CARTESIAN_POINT('',(2.97842726752192,0.00349046432568432,0.484193));
#6785=CARTESIAN_POINT('',(2.69912754354381,0.0054926516698522,-3.36327914315793E-19));
#6786=CARTESIAN_POINT('',(2.69876317315088,0.00512219461813345,-3.13643962185346E-19));
#6787=CARTESIAN_POINT('',(2.69841990447833,0.00473070926054699,-2.8967239768128E-19));
#6788=CARTESIAN_POINT('',(2.97815944478824,0.00328763590076147,0.484193));
#6789=CARTESIAN_POINT('',(2.97789162205456,0.00308480747583861,0.484193));
#6790=CARTESIAN_POINT('',(2.97763363221541,0.00286851250123517,0.484193));
#6791=CARTESIAN_POINT('',(2.69810770976399,0.00431540076963225,-2.64242086978408E-19));
#6792=CARTESIAN_POINT('',(2.69779551504964,0.00390009227871752,-2.38811776275536E-19));
#6793=CARTESIAN_POINT('',(2.69751437050424,0.00346063889294529,-2.11903017162514E-19));
#6794=CARTESIAN_POINT('',(2.97739252859631,0.00263442045379181,0.484193));
#6795=CARTESIAN_POINT('',(2.9771514249772,0.00240032840634846,0.484193));
#6796=CARTESIAN_POINT('',(2.9769272300246,0.00214817321076558,0.484193));
#6797=CARTESIAN_POINT('',(2.69727937582354,0.00299735866430509,-1.83535284706891E-19));
#6798=CARTESIAN_POINT('',(2.69704438114284,0.00253407843566489,-1.55167552251267E-19));
#6799=CARTESIAN_POINT('',(2.69685540535743,0.00204653641753405,-1.25314213653578E-19));
#6800=CARTESIAN_POINT('',(2.97673269887005,0.00187418316119369,0.484193));
#6801=CARTESIAN_POINT('',(2.97653816771549,0.00160019311162179,0.484193));
#6802=CARTESIAN_POINT('',(2.97637364082729,0.00130355539942802,0.484193));
#6803=CARTESIAN_POINT('',(2.69672771621266,0.00154295650347532,-9.44788371602319E-20));
#6804=CARTESIAN_POINT('',(2.69666387164028,0.00129116654644594,-7.90611489135583E-20));
#6805=CARTESIAN_POINT('',(2.69661517589551,0.00103535555811744,-6.3397243511397E-20));
#6806=CARTESIAN_POINT('',(2.97625942958459,0.000987612137099151,0.484193));
#6807=CARTESIAN_POINT('',(2.97620232396324,0.000829640505934712,0.484193));
#6808=CARTESIAN_POINT('',(2.97615782785332,0.000667058839185834,0.484193));
#6809=CARTESIAN_POINT('',(2.69658271850776,0.000777650225869545,-4.76173429983677E-20));
#6810=CARTESIAN_POINT('',(2.69655026112002,0.000519944893621667,-3.18374424853393E-20));
#6811=CARTESIAN_POINT('',(2.696534,0.000259336260761311,-1.58797660822092E-20));
#6812=CARTESIAN_POINT('',(2.696534,0.,0.));
#6813=CARTESIAN_POINT('',(2.97612795994869,0.000501632235892709,0.484193));
#6814=CARTESIAN_POINT('',(2.97609809204406,0.000336205632599594,0.484193));
#6815=CARTESIAN_POINT('',(2.97608295888973,0.00016759428958862,0.484193));
#6816=CARTESIAN_POINT('',(2.97608295888973,2.96482703809777E-17,0.484193));
#6817=ORIENTED_EDGE('',*,*,#3228,.F.);
#6818=ORIENTED_EDGE('',*,*,#574,.F.);
#6819=ORIENTED_EDGE('',*,*,#397,.T.);
#6820=ORIENTED_EDGE('',*,*,#374,.T.);
#6821=ORIENTED_EDGE('',*,*,#237,.T.);
#6822=EDGE_LOOP('',(#6817, #6818, #6819, #6820, #6821));
#6823=FACE_OUTER_BOUND('',#6822,.T.);
#6824=ADVANCED_FACE('',(#6823),#6592,.T.);
#6825=B_SPLINE_SURFACE_WITH_KNOTS('Surf_JGTHOWNEGK, VerticalTail, 0, 31',1,3,((#6826, #6827, #6828, #6832, #6833, #6834, #6838, #6839, #6840, #6844, #6845, #6846, #6850, #6851, #6852, #6856, #6857, #6858, #6862, #6863, #6864, #6868, #6869, #6870, #6874, #6875, #6876, #6880, #6881, #6882, #6886, #6887, #6888, #6892, #6893, #6894, #6898, #6899, #6900, #6904, #6905, #6906, #6910, #6911, #6912, #6916, #6917, #6918, #6922, #6923, #6924, #6928, #6929, #6930, #6934, #6935, #6936, #6940, #6941, #6942, #6946, #6947, #6948, #6952, #6953, #6954, #6958, #6959, #6960, #6964, #6965, #6966, #6970, #6971, #6972, #6976, #6977, #6978, #6982, #6983, #6984, #6988, #6989, #6990, #6994, #6995, #6996, #7000, #7001, #7002, #7006, #7007, #7008, #7012, #7013, #7014, #7018, #7019, #7020, #7024, #7025, #7026, #7030, #7031, #7032, #7036, #7037, #7038, #7042, #7043, #7044, #7045),(#6829, #6830, #6831, #6835, #6836, #6837, #6841, #6842, #6843, #6847, #6848, #6849, #6853, #6854, #6855, #6859, #6860, #6861, #6865, #6866, #6867, #6871, #6872, #6873, #6877, #6878, #6879, #6883, #6884, #6885, #6889, #6890, #6891, #6895, #6896, #6897, #6901, #6902, #6903, #6907, #6908, #6909, #6913, #6914, #6915, #6919, #6920, #6921, #6925, #6926, #6927, #6931, #6932, #6933, #6937, #6938, #6939, #6943, #6944, #6945, #6949, #6950, #6951, #6955, #6956, #6957, #6961, #6962, #6963, #6967, #6968, #6969, #6973, #6974, #6975, #6979, #6980, #6981, #6985, #6986, #6987, #6991, #6992, #6993, #6997, #6998, #6999, #7003, #7004, #7005, #7009, #7010, #7011, #7015, #7016, #7017, #7021, #7022, #7023, #7027, #7028, #7029, #7033, #7034, #7035, #7039, #7040, #7041, #7046, #7047, #7048, #7049)),.UNSPECIFIED.,.F.,.F.,.F.,(2,2),(4,3,3,3,3,3,3,3,3,3,3,3,3,3,3,3,3,3,3,3,3,3,3,3,3,3,3,3,3,3,3,3,3,3,3,3,3,4),(0.,1.),(0.,1.,2.,3.,4.,5.,6.,7.,8.,9.,10.,11.,12.,13.,14.,15.,16.,17.,18.,19.,20.,21.,22.,23.,24.,25.,26.,27.,28.,29.,30.,31.,32.,33.,34.,35.,36.,37.),.PIECEWISE_BEZIER_KNOTS.);
#6826=CARTESIAN_POINT('',(2.696534,0.,0.));
#6827=CARTESIAN_POINT('',(2.696534,-0.000259336260761311,1.58797660822092E-20));
#6828=CARTESIAN_POINT('',(2.69655026112002,-0.000519944893621644,3.18374424853379E-20));
#6829=CARTESIAN_POINT('',(2.97608295888973,2.96482703809777E-17,0.484193));
#6830=CARTESIAN_POINT('',(2.97608295888973,-0.000167594289588561,0.484193));
#6831=CARTESIAN_POINT('',(2.97609809204406,-0.000336205632599551,0.484193));
#6832=CARTESIAN_POINT('',(2.69658271850776,-0.000777650225869491,4.76173429983644E-20));
#6833=CARTESIAN_POINT('',(2.69661517589551,-0.00103535555811737,6.33972435113928E-20));
#6834=CARTESIAN_POINT('',(2.69666387164028,-0.00129116654644583,7.90611489135514E-20));
#6835=CARTESIAN_POINT('',(2.97612795994869,-0.000501632235892614,0.484193));
#6836=CARTESIAN_POINT('',(2.97615782785332,-0.000667058839185696,0.484193));
#6837=CARTESIAN_POINT('',(2.97620232396324,-0.000829640505934675,0.484193));
#6838=CARTESIAN_POINT('',(2.69672771621266,-0.00154295650347527,9.4478837160229E-20));
#6839=CARTESIAN_POINT('',(2.69685540535743,-0.00204653641753409,1.25314213653581E-19));
#6840=CARTESIAN_POINT('',(2.69704438114284,-0.00253407843566498,1.55167552251272E-19));
#6841=CARTESIAN_POINT('',(2.97625942958459,-0.000987612137099089,0.484193));
#6842=CARTESIAN_POINT('',(2.97637364082729,-0.00130355539942788,0.484193));
#6843=CARTESIAN_POINT('',(2.97653816771549,-0.00160019311162164,0.484193));
#6844=CARTESIAN_POINT('',(2.69727937582354,-0.00299735866430525,1.83535284706901E-19));
#6845=CARTESIAN_POINT('',(2.69751437050424,-0.00346063889294553,2.11903017162529E-19));
#6846=CARTESIAN_POINT('',(2.69779551504964,-0.0039000922787177,2.38811776275547E-19));
#6847=CARTESIAN_POINT('',(2.97673269887005,-0.00187418316119358,0.484193));
#6848=CARTESIAN_POINT('',(2.9769272300246,-0.00214817321076552,0.484193));
#6849=CARTESIAN_POINT('',(2.9771514249772,-0.00240032840634837,0.484193));
#6850=CARTESIAN_POINT('',(2.69810770976399,-0.0043154007696323,2.64242086978411E-19));
#6851=CARTESIAN_POINT('',(2.69841990447833,-0.0047307092605469,2.89672397681275E-19));
#6852=CARTESIAN_POINT('',(2.69876317315088,-0.00512219461813346,3.13643962185347E-19));
#6853=CARTESIAN_POINT('',(2.97739252859631,-0.00263442045379173,0.484193));
#6854=CARTESIAN_POINT('',(2.97763363221541,-0.00286851250123508,0.484193));
#6855=CARTESIAN_POINT('',(2.97789162205456,-0.00308480747583865,0.484193));
#6856=CARTESIAN_POINT('',(2.69912754354381,-0.00549265166985231,3.363279143158E-19));
#6857=CARTESIAN_POINT('',(2.69949191393673,-0.00586310872157116,3.59011866446252E-19));
#6858=CARTESIAN_POINT('',(2.6998768723203,-0.00621291150728238,3.80431109538956E-19));
#6859=CARTESIAN_POINT('',(2.97815944478824,-0.00328763590076142,0.484193));
#6860=CARTESIAN_POINT('',(2.97842726752192,-0.00349046432568419,0.484193));
#6861=CARTESIAN_POINT('',(2.97870550971251,-0.00367950014420292,0.484193));
#6862=CARTESIAN_POINT('',(2.70027633052754,-0.00654516640981289,4.00775854683206E-19));
#6863=CARTESIAN_POINT('',(2.70067578873478,-0.00687742131234341,4.21120599827458E-19));
#6864=CARTESIAN_POINT('',(2.70108939744158,-0.00719243880781258,4.40409858202544E-19));
#6865=CARTESIAN_POINT('',(2.97899016340051,-0.00385807460206986,0.484193));
#6866=CARTESIAN_POINT('',(2.9792748170885,-0.0040366490599368,0.484193));
#6867=CARTESIAN_POINT('',(2.97956588126613,-0.00420482435709043,0.484193));
#6868=CARTESIAN_POINT('',(2.70151338515538,-0.00749282282645441,4.58803074549781E-19));
#6869=CARTESIAN_POINT('',(2.70236136058299,-0.00809359086373806,4.95589507244254E-19));
#6870=CARTESIAN_POINT('',(2.70324892642567,-0.00863713937448789,5.28872254437808E-19));
#6871=CARTESIAN_POINT('',(2.97986143894432,-0.00436466880605843,0.484193));
#6872=CARTESIAN_POINT('',(2.9804525543007,-0.00468435770399443,0.484193));
#6873=CARTESIAN_POINT('',(2.98106116742439,-0.00497105059318186,0.484193));
#6874=CARTESIAN_POINT('',(2.70415734469708,-0.0091413373060285,5.59745473587704E-19));
#6875=CARTESIAN_POINT('',(2.70461155383278,-0.00939343627179879,5.75182083162652E-19));
#6876=CARTESIAN_POINT('',(2.70507171388442,-0.0096350114110341,5.89974294213556E-19));
#6877=CARTESIAN_POINT('',(2.98167839960772,-0.00523660893979641,0.484193));
#6878=CARTESIAN_POINT('',(2.98198701569939,-0.00536938811310369,0.484193));
#6879=CARTESIAN_POINT('',(2.98229818563407,-0.00549635642159327,0.484193));
#6880=CARTESIAN_POINT('',(2.70553617924265,-0.00986790331753554,6.04234810605773E-19));
#6881=CARTESIAN_POINT('',(2.70600064460089,-0.010100795224037,6.18495326997989E-19));
#6882=CARTESIAN_POINT('',(2.70646925208701,-0.0103252588167776,6.32239758016732E-19));
#6883=CARTESIAN_POINT('',(2.98261112835155,-0.00561870245536595,0.484193));
#6884=CARTESIAN_POINT('',(2.98292407106903,-0.00574104848913864,0.484193));
#6885=CARTESIAN_POINT('',(2.98323876818707,-0.00585884447318571,0.484193));
#6886=CARTESIAN_POINT('',(2.70694151545165,-0.0105419155895992,6.4550615918421E-19));
#6887=CARTESIAN_POINT('',(2.70788604218093,-0.0109752291352423,6.72038961519165E-19));
#6888=CARTESIAN_POINT('',(2.70884369129625,-0.0113792794183998,6.96779905817334E-19));
#6889=CARTESIAN_POINT('',(2.98355499574518,-0.00597245316811884,0.484193));
#6890=CARTESIAN_POINT('',(2.98418745086139,-0.0061996705579851,0.484193));
#6891=CARTESIAN_POINT('',(2.984825359869,-0.00641137971837055,0.484193));
#6892=CARTESIAN_POINT('',(2.70981075991427,-0.0117595763862957,7.20066379040291E-19));
#6893=CARTESIAN_POINT('',(2.71077782853229,-0.0121398733541916,7.43352852263248E-19));
#6894=CARTESIAN_POINT('',(2.71175358247549,-0.0124974813391821,7.65250025971654E-19));
#6895=CARTESIAN_POINT('',(2.98546720951761,-0.00661047800437818,0.484193));
#6896=CARTESIAN_POINT('',(2.98610905916623,-0.00680957629038581,0.484193));
#6897=CARTESIAN_POINT('',(2.98675471927382,-0.00699633965822986,0.484193));
#6898=CARTESIAN_POINT('',(2.71273592809845,-0.0128361784187106,7.85989240687913E-19));
#6899=CARTESIAN_POINT('',(2.71371827372142,-0.0131748754982391,8.06728455404172E-19));
#6900=CARTESIAN_POINT('',(2.71470721102414,-0.0134946616723057,8.26309711128284E-19));
#6901=CARTESIAN_POINT('',(2.98740281072745,-0.00717383497526944,0.484193));
#6902=CARTESIAN_POINT('',(2.98805090218109,-0.00735133029230902,0.484193));
#6903=CARTESIAN_POINT('',(2.98870183806927,-0.00751862367329044,0.484193));
#6904=CARTESIAN_POINT('',(2.71570064636121,-0.0137993150183539,8.44964348382654E-19));
#6905=CARTESIAN_POINT('',(2.71768751703534,-0.0144086217104502,8.82273622891397E-19));
#6906=CARTESIAN_POINT('',(2.71969283710085,-0.0149568527803544,9.15843094138959E-19));
#6907=CARTESIAN_POINT('',(2.9893547117913,-0.00767786532974179,0.484193));
#6908=CARTESIAN_POINT('',(2.99066045923536,-0.00799634864264452,0.484193));
#6909=CARTESIAN_POINT('',(2.99197372137443,-0.00828335185070203,0.484193));
#6910=CARTESIAN_POINT('',(2.72170908469999,-0.0154604383993335,9.46678819957931E-19));
#6911=CARTESIAN_POINT('',(2.72372533229913,-0.0159640240183127,9.77514545776903E-19));
#6912=CARTESIAN_POINT('',(2.72575275387133,-0.0164226319733959,1.00559618398971E-18));
#6913=CARTESIAN_POINT('',(2.99329171148111,-0.00854660099450816,0.484193));
#6914=CARTESIAN_POINT('',(2.9946097015878,-0.00880985013831428,0.484193));
#6915=CARTESIAN_POINT('',(2.995932112097,-0.00905032749868578,0.484193));
#6916=CARTESIAN_POINT('',(2.72778715715005,-0.0168468145669882,1.03156987676456E-18));
#6917=CARTESIAN_POINT('',(2.72982156042877,-0.0172709971605806,1.0575435695394E-18));
#6918=CARTESIAN_POINT('',(2.73186341749266,-0.0176596303220618,1.08134048740193E-18));
#6919=CARTESIAN_POINT('',(2.99725774365389,-0.00927190995853652,0.484193));
#6920=CARTESIAN_POINT('',(2.99858337521078,-0.00949349241838725,0.484193));
#6921=CARTESIAN_POINT('',(2.99991192287005,-0.00969720969596328,0.484193));
#6922=CARTESIAN_POINT('',(2.73391004951863,-0.0180204194267825,1.1034324485151E-18));
#6923=CARTESIAN_POINT('',(2.73493336553162,-0.0182008139791428,1.11447842907168E-18));
#6924=CARTESIAN_POINT('',(2.73595789993693,-0.0183741842816108,1.12509429837092E-18));
#6925=CARTESIAN_POINT('',(3.0012425550032,-0.00988608591351515,0.484193));
#6926=CARTESIAN_POINT('',(3.00190787106978,-0.00998052402229108,0.484193));
#6927=CARTESIAN_POINT('',(3.00257380523616,-0.0100708860957105,0.484193));
#6928=CARTESIAN_POINT('',(2.73698349758766,-0.0185410305536256,1.13531068601954E-18));
#6929=CARTESIAN_POINT('',(2.73800909523839,-0.0187078768256404,1.14552707366817E-18));
#6930=CARTESIAN_POINT('',(2.73903575613454,-0.0188681990672019,1.1553439796662E-18));
#6931=CARTESIAN_POINT('',(3.00324010875331,-0.0101581425099732,0.484193));
#6932=CARTESIAN_POINT('',(3.00390641227046,-0.0102453989242358,0.484193));
#6933=CARTESIAN_POINT('',(3.00457312754896,-0.0103293707261117,0.484193));
#6934=CARTESIAN_POINT('',(2.74006332512916,-0.0190224974977493,1.16479203362036E-18));
#6935=CARTESIAN_POINT('',(2.74211846311842,-0.0193310943588439,1.18368814152868E-18));
#6936=CARTESIAN_POINT('',(2.74417711106784,-0.0196160865457485,1.20113888000242E-18));
#6937=CARTESIAN_POINT('',(3.00524028509879,-0.0104099557769579,0.484193));
#6938=CARTESIAN_POINT('',(3.00657460019844,-0.0105711258786503,0.484193));
#6939=CARTESIAN_POINT('',(3.00791035026939,-0.010720050634198,0.484193));
#6940=CARTESIAN_POINT('',(2.74623850189105,-0.0198800870940701,1.21730425132618E-18));
#6941=CARTESIAN_POINT('',(2.74829989271426,-0.0201440876423918,1.23346962264994E-18));
#6942=CARTESIAN_POINT('',(2.75036367039538,-0.0203884646807345,1.24843340053952E-18));
#6943=CARTESIAN_POINT('',(3.00924721827899,-0.0108581970600571,0.484193));
#6944=CARTESIAN_POINT('',(3.01058408628859,-0.0109963434859162,0.484193));
#6945=CARTESIAN_POINT('',(3.01192207223683,-0.0111237115820866,0.484193));
#6946=CARTESIAN_POINT('',(2.75242959577034,-0.020614177261643,1.26225431002636E-18));
#6947=CARTESIAN_POINT('',(2.75656144652026,-0.0210656024234598,1.28989612900004E-18));
#6948=CARTESIAN_POINT('',(2.76070056619727,-0.021447446098644,1.31327731072949E-18));
#6949=CARTESIAN_POINT('',(3.01326085909104,-0.0112417683650245,0.484193));
#6950=CARTESIAN_POINT('',(3.01593843279947,-0.0114778819309001,0.484193));
#6951=CARTESIAN_POINT('',(3.01861930359851,-0.0116762489033107,0.484193));
#6952=CARTESIAN_POINT('',(2.76484436157533,-0.0217711637169793,1.33309929798558E-18));
#6953=CARTESIAN_POINT('',(2.77313195233144,-0.0224185989536498,1.37274327249777E-18));
#6954=CARTESIAN_POINT('',(2.78143596839798,-0.0228428871648321,1.39872343248479E-18));
#6955=CARTESIAN_POINT('',(3.02130197636807,-0.01184498986845,0.484193));
#6956=CARTESIAN_POINT('',(3.02666732190718,-0.0121824717987288,0.484193));
#6957=CARTESIAN_POINT('',(3.0320398401244,-0.0124010167665027,0.484193));
#6958=CARTESIAN_POINT('',(2.78974419773399,-0.023111858455896,1.41519317401798E-18));
#6959=CARTESIAN_POINT('',(2.79182125506799,-0.0231791012786619,1.41931060940128E-18));
#6960=CARTESIAN_POINT('',(2.79389864008955,-0.0232363248600584,1.42281454319093E-18));
#6961=CARTESIAN_POINT('',(3.03741393847734,-0.0125384808320708,0.484193));
#6962=CARTESIAN_POINT('',(3.03875746306558,-0.0125728468484629,0.484193));
#6963=CARTESIAN_POINT('',(3.04010118098667,-0.0126014543317278,0.484193));
#6964=CARTESIAN_POINT('',(2.79597625197578,-0.0232842199726745,1.42574727300894E-18));
#6965=CARTESIAN_POINT('',(2.79805386386202,-0.0233321150852906,1.42868000282694E-18));
#6966=CARTESIAN_POINT('',(2.80013170261293,-0.0233706817291264,1.43104152867331E-18));
#6967=CARTESIAN_POINT('',(3.04144495642376,-0.0126254340053932,0.484193));
#6968=CARTESIAN_POINT('',(3.04278873186086,-0.0126494136790586,0.484193));
#6969=CARTESIAN_POINT('',(3.04413255431079,-0.0126688393313126,0.484193));
#6970=CARTESIAN_POINT('',(2.80220966740566,-0.0234006106767709,1.43287414817005E-18));
#6971=CARTESIAN_POINT('',(2.80636559699111,-0.02346046857206,1.43653938716352E-18));
#6972=CARTESIAN_POINT('',(2.81052194079215,-0.0234866386326357,1.43814184120939E-18));
#6973=CARTESIAN_POINT('',(3.0454764703032,-0.0126833258204019,0.484193));
#6974=CARTESIAN_POINT('',(3.04816430228802,-0.0127122987985804,0.484193));
#6975=CARTESIAN_POINT('',(3.05085228101932,-0.0127235310091083,0.484193));
#6976=CARTESIAN_POINT('',(2.81467831318601,-0.0234822845343461,1.43787522958272E-18));
#6977=CARTESIAN_POINT('',(2.81675649938293,-0.0234801074852013,1.43774192376938E-18));
#6978=CARTESIAN_POINT('',(2.81883460737594,-0.0234711191251853,1.43719154545322E-18));
#6979=CARTESIAN_POINT('',(3.053540253418,-0.0127186493622457,0.484193));
#6980=CARTESIAN_POINT('',(3.05488423961734,-0.0127162085388144,0.484193));
#6981=CARTESIAN_POINT('',(3.05622821200136,-0.0127098405718918,0.484193));
#6982=CARTESIAN_POINT('',(2.82091270980012,-0.0234545842416401,1.43617907584282E-18));
#6983=CARTESIAN_POINT('',(2.82299081222431,-0.0234380493580948,1.43516660623242E-18));
#6984=CARTESIAN_POINT('',(2.82506889479731,-0.0234141375852936,1.43370243243128E-18));
#6985=CARTESIAN_POINT('',(3.05757215526417,-0.0126997593392995,0.484193));
#6986=CARTESIAN_POINT('',(3.05891609852698,-0.0126896781067072,0.484193));
#6987=CARTESIAN_POINT('',(3.06026001266859,-0.0126758836084453,0.484193));
#6988=CARTESIAN_POINT('',(2.82714683578391,-0.0233841348852277,1.4318652969012E-18));
#6989=CARTESIAN_POINT('',(2.83130271775711,-0.023324129485096,1.42819102584106E-18));
#6990=CARTESIAN_POINT('',(2.83545825628916,-0.0232371000722351,1.42286201124647E-18));
#6991=CARTESIAN_POINT('',(3.06160388238311,-0.0126585897223354,0.484193));
#6992=CARTESIAN_POINT('',(3.06429162181215,-0.0126240019501157,0.484193));
#6993=CARTESIAN_POINT('',(3.06697918353287,-0.0125754166265041,0.484193));
#6994=CARTESIAN_POINT('',(2.83961309274476,-0.0231277862098364,1.41616846766202E-18));
#6995=CARTESIAN_POINT('',(2.84376792920036,-0.0230184723474377,1.40947492407757E-18));
#6996=CARTESIAN_POINT('',(2.84792222265384,-0.0228846989240638,1.40128366434028E-18));
#6997=CARTESIAN_POINT('',(3.06966644509822,-0.0125145447740744,0.484193));
#6998=CARTESIAN_POINT('',(3.07235370666358,-0.0124536729216446,0.484193));
#6999=CARTESIAN_POINT('',(3.07504070206949,-0.0123801215042237,0.484193));
#7000=CARTESIAN_POINT('',(2.85207568306074,-0.0227307646735741,1.39185790998321E-18));
#7001=CARTESIAN_POINT('',(2.85622914346764,-0.0225768304230844,1.38243215562614E-18));
#7002=CARTESIAN_POINT('',(2.8603818436889,-0.0224018788407671,1.37171946086161E-18));
#7003=CARTESIAN_POINT('',(3.07772733464795,-0.0122955544783131,0.484193));
#7004=CARTESIAN_POINT('',(3.08041396722641,-0.0122109874524025,0.484193));
#7005=CARTESIAN_POINT('',(3.08310024739408,-0.0121154297166291,0.484193));
#7006=CARTESIAN_POINT('',(2.86453365636285,-0.0222081926756284,1.3598596037528E-18));
#7007=CARTESIAN_POINT('',(2.87283728171075,-0.0218208203453508,1.33613988953516E-18));
#7008=CARTESIAN_POINT('',(2.8811373658778,-0.0213594904194962,1.30789157868273E-18));
#7009=CARTESIAN_POINT('',(3.0857861351177,-0.01200970952618,0.484193));
#7010=CARTESIAN_POINT('',(3.09115791056494,-0.0117982691452819,0.484193));
#7011=CARTESIAN_POINT('',(3.09652808599105,-0.0115475921425834,0.484193));
#7012=CARTESIAN_POINT('',(2.88943356338962,-0.0208364697708863,1.27586580052233E-18));
#7013=CARTESIAN_POINT('',(2.89772976090144,-0.0203134491222765,1.24384002236193E-18));
#7014=CARTESIAN_POINT('',(2.90602207723261,-0.0197305154402244,1.20814562896991E-18));
#7015=CARTESIAN_POINT('',(3.10189652388956,-0.0112637812022247,0.484193));
#7016=CARTESIAN_POINT('',(3.10726496178806,-0.010979970261866,0.484193));
#7017=CARTESIAN_POINT('',(3.11263164554098,-0.0106641678372502,0.484193));
#7018=CARTESIAN_POINT('',(2.91431047888016,-0.0190959511865818,1.16928977486608E-18));
#7019=CARTESIAN_POINT('',(2.92259888052772,-0.0184613869329392,1.13043392076224E-18));
#7020=CARTESIAN_POINT('',(2.93088337954409,-0.0177767810104189,1.08851389817765E-18));
#7021=CARTESIAN_POINT('',(3.117996588902,-0.0103208725455449,0.484193));
#7022=CARTESIAN_POINT('',(3.12336153226303,-0.00997757725383955,0.484193));
#7023=CARTESIAN_POINT('',(3.12872473523217,-0.00960678909504473,0.484193));
#7024=CARTESIAN_POINT('',(2.93916405260208,-0.017048494991972,1.04391924110991E-18));
#7025=CARTESIAN_POINT('',(2.94744472566008,-0.0163202089735252,9.99324584042175E-19));
#7026=CARTESIAN_POINT('',(2.95572158209517,-0.0155487646235108,9.52087241343905E-19));
#7027=CARTESIAN_POINT('',(3.13408621156313,-0.00921300668632804,0.484193));
#7028=CARTESIAN_POINT('',(3.13944768789409,-0.00881922427761136,0.484193));
#7029=CARTESIAN_POINT('',(3.14480745894732,-0.00840250623602387,0.484193));
#7030=CARTESIAN_POINT('',(2.96399471332921,-0.0147395321569958,9.02536043849719E-19));
#7031=CARTESIAN_POINT('',(2.97226784456324,-0.0139302996904808,8.52984846355533E-19));
#7032=CARTESIAN_POINT('',(2.98053724615206,-0.0130827835308116,8.01089448747307E-19));
#7033=CARTESIAN_POINT('',(3.15016554781689,-0.00796508170128749,0.484193));
#7034=CARTESIAN_POINT('',(3.15552363668646,-0.00752765716655111,0.484193));
#7035=CARTESIAN_POINT('',(3.16088004337237,-0.00706952613866583,0.484193));
#7036=CARTESIAN_POINT('',(2.98880294552297,-0.0122007091257811,7.47077968910787E-19));
#7037=CARTESIAN_POINT('',(3.00533434426478,-0.0104365603157202,6.39055009237749E-19));
#7038=CARTESIAN_POINT('',(3.02185108866849,-0.00853556642661136,5.2265270516296E-19));
#7039=CARTESIAN_POINT('',(3.16623479096867,-0.00659291775735357,0.484193));
#7040=CARTESIAN_POINT('',(3.17694428616129,-0.00563970099472907,0.484193));
#7041=CARTESIAN_POINT('',(3.18764718735692,-0.00461263654371814,0.484193));
#7042=CARTESIAN_POINT('',(3.03835174522779,-0.00650398036137074,3.98253936563496E-19));
#7043=CARTESIAN_POINT('',(3.0548524017871,-0.00447239429613012,2.73855167964032E-19));
#7044=CARTESIAN_POINT('',(3.07133702628499,-0.00231005872693288,1.41450301289038E-19));
#7045=CARTESIAN_POINT('',(3.087801,0.,0.));
#7046=CARTESIAN_POINT('',(3.198342830326,-0.00351489365508496,0.484193));
#7047=CARTESIAN_POINT('',(3.20903847329507,-0.00241715076645178,0.484193));
#7048=CARTESIAN_POINT('',(3.21972688440684,-0.00124865000420161,0.484193));
#7049=CARTESIAN_POINT('',(3.23040595888973,2.96482703809777E-17,0.484193));
#7050=ORIENTED_EDGE('',*,*,#397,.F.);
#7051=ORIENTED_EDGE('',*,*,#3452,.F.);
#7052=ORIENTED_EDGE('',*,*,#3406,.T.);
#7053=ORIENTED_EDGE('',*,*,#237,.F.);
#7054=ORIENTED_EDGE('',*,*,#214,.T.);
#7055=EDGE_LOOP('',(#7050, #7051, #7052, #7053, #7054));
#7056=FACE_OUTER_BOUND('',#7055,.T.);
#7057=ADVANCED_FACE('',(#7056),#6825,.T.);
#7058=PLANE('Plane_JGTHOWNEGK, VerticalTail, 0, 32',#7062);
#7059=CARTESIAN_POINT('',(3.10189652388956,0.00563189060111239,0.484193));
#7060=DIRECTION('',(-0.,-0.,-1.));
#7061=DIRECTION('',(0.,-1.,0.));
#7062=AXIS2_PLACEMENT_3D('',#7059,#7060,#7061);
#7063=ORIENTED_EDGE('',*,*,#374,.F.);
#7064=ORIENTED_EDGE('',*,*,#77,.T.);
#7065=EDGE_LOOP('',(#7063, #7064));
#7066=FACE_OUTER_BOUND('',#7065,.T.);
#7067=ADVANCED_FACE('',(#7066),#7058,.T.);
#7068=PLANE('Plane_JGTHOWNEGK, VerticalTail, 0, 33',#7072);
#7069=CARTESIAN_POINT('',(3.10189652388956,-0.00563189060111233,0.484193));
#7070=DIRECTION('',(0.,0.,-1.));
#7071=DIRECTION('',(3.94262993818053E-14,1.,0.));
#7072=AXIS2_PLACEMENT_3D('',#7069,#7070,#7071);
#7073=ORIENTED_EDGE('',*,*,#214,.T.);
#7074=ORIENTED_EDGE('',*,*,#77,.T.);
#7075=EDGE_LOOP('',(#7073, #7074));
#7076=FACE_OUTER_BOUND('',#7075,.T.);
#7077=ADVANCED_FACE('',(#7076),#7068,.T.);
#7078=GEOMETRIC_SET('ZDYBMYZQQC, HorizontalTail, 0, 25',(#6324));
#7079=GEOMETRIC_SET('UVXOMYLYKZ, WING, 0, 2',(#3716));
#7080=GEOMETRIC_SET('UVXOMYLYKZ, WING, 0, 11',(#4896));
#7081=GEOMETRIC_SET('ZDYBMYZQQC, HorizontalTail, 0, 24',(#6091));
#7082=GEOMETRIC_SET('UVXOMYLYKZ, WING, 0, 3',(#3948));
#7083=GEOMETRIC_SET('UVXOMYLYKZ, WING, 0, 10',(#4664));
#7084=GEOMETRIC_SET('UVXOMYLYKZ, WING, 0, 4',(#4180));
#7085=GEOMETRIC_SET('UVXOMYLYKZ, WING, 0, 5',(#4412));
#7086=GEOMETRIC_SET('ZDYBMYZQQC, HorizontalTail, 0, 21',(#6081));
#7087=GEOMETRIC_SET('UVXOMYLYKZ, WING, 0, 15',(#5602));
#7088=GEOMETRIC_SET('UVXOMYLYKZ, WING, 0, 6',(#4644));
#7089=GEOMETRIC_SET('ZDYBMYZQQC, HorizontalTail, 0, 20',(#6071));
#7090=GEOMETRIC_SET('UVXOMYLYKZ, WING, 0, 14',(#5592));
#7091=GEOMETRIC_SET('UVXOMYLYKZ, WING, 0, 7',(#4654));
#7092=GEOMETRIC_SET('ZDYBMYZQQC, HorizontalTail, 0, 26',(#6550));
#7093=GEOMETRIC_SET('UVXOMYLYKZ, WING, 0, 12',(#5128));
#7094=GEOMETRIC_SET('ZDYBMYZQQC, HorizontalTail, 0, 27',(#6560));
#7095=GEOMETRIC_SET('UVXOMYLYKZ, WING, 0, 13',(#5360));
#7096=GEOMETRIC_SET('ZDYBMYZQQC, HorizontalTail, 0, 18',(#5612));
#7097=GEOMETRIC_SET('ZDYBMYZQQC, HorizontalTail, 0, 19',(#5845));
#7098=GEOMETRIC_SET('JGTHOWNEGK, VerticalTail, 0, 28',(#6570));
#7099=GEOMETRIC_SET('JGTHOWNEGK, VerticalTail, 0, 29',(#6581));
#7100=GEOMETRIC_SET('JGTHOWNEGK, VerticalTail, 0, 30',(#6592));
#7101=GEOMETRIC_SET('JGTHOWNEGK, VerticalTail, 0, 31',(#6825));
#7102=GEOMETRIC_SET('JGTHOWNEGK, VerticalTail, 0, 32',(#7058));
#7103=GEOMETRIC_SET('JGTHOWNEGK, VerticalTail, 0, 33',(#7068));
#7104=CLOSED_SHELL('',(#5844, #6070, #6080, #6090, #6323, #6549, #6559, #6569, #6580, #6591, #6824, #7057, #7067, #7077));
#7105=CARTESIAN_POINT('',(0.,0.,0.));
#7106=DIRECTION('',(0.,0.,1.));
#7107=DIRECTION('',(1.,0.,0.));
#7108=AXIS2_PLACEMENT_3D('',#7105,#7106,#7107);
#7109=MANIFOLD_SOLID_BREP('',#7104);
#7110=CLOSED_SHELL('',(#3947, #4179, #4411, #4643, #4653, #4663, #4895, #5127, #5359, #5591, #5601, #5611));
#7111=CARTESIAN_POINT('',(0.,0.,0.));
#7112=DIRECTION('',(0.,0.,1.));
#7113=DIRECTION('',(1.,0.,0.));
#7114=AXIS2_PLACEMENT_3D('',#7111,#7112,#7113);
#7115=MANIFOLD_SOLID_BREP('',#7110);
#7116=ADVANCED_BREP_SHAPE_REPRESENTATION('',(#7109, #7115),#15);
#7117=SHAPE_DEFINITION_REPRESENTATION(#28,#7116);
ENDSEC;
END-ISO-10303-21;
